{"gamma": 0.1, "targeting_criterion": null, "beta": 0.05, "verbose": false, "human_network": "follower_network.gml", "output_cascades": false, "epsilon": 0.0001, "rho": 0.8, "mu": 0.5, "phi": 0, "sigma": 15, "theta": 1, "graph_gml": "/N/project/simsom/simsom_v3/v3.3_10222023/data/shuffle_infosysnet/all_shuffle__None3.gml", "mode": "igraph", "n_threads": 7, "appeal_exp": 5, "quality": [0.5042147515036144, 0.5143200627833378, 0.5359185346640191, 0.5274282687422489, 0.5097860138563982, 0.5829670104762279, 0.5477347058662378, 0.5281968599378907, 0.5421907043318136, 0.5089493777902805], "diversity": [6.181856554477183, 6.173087781548252, 6.255138703692539, 6.1771866452403295, 6.193681187224242, 6.363736993724658, 6.238158629343108, 6.265603918972667, 6.187209747380955, 6.132218948506934], "discriminative_pow": [[0.8951220368264283, 0.0], [0.8841627374127162, 0.0], [0.8815521861018247, 0.0], [0.8880044664969694, 0.0], [0.8790575457536243, 0.0], [0.8770369330336144, 0.0], [0.8830495605002247, 0.0], [0.8849113261275147, 0.0], [0.8852795537374144, 0.0], [0.8902682391260373, 0.0]]}