{"gamma": 0.01, "targeting_criterion": null, "beta": 0.05, "verbose": false, "human_network": "follower_network.gml", "output_cascades": false, "epsilon": 0.0001, "rho": 0.8, "mu": 0.5, "phi": 0, "sigma": 15, "theta": 1, "graph_gml": "/N/project/simsom/simsom_v3/v3.3_10222023/data/shuffle_infosysnet/all_shuffle__None2.gml", "mode": "igraph", "n_threads": 7, "appeal_exp": 5, "quality": [0.8515420841025094, 0.8560694555662659, 0.8529011078938581, 0.8696518177163759, 0.8583593813355551, 0.8273437678373753, 0.8480382460572002, 0.8501992081235688, 0.8460954514749842, 0.8268844181069894], "diversity": [6.752382697394475, 6.684052253643735, 6.7787392588945945, 6.567286935411077, 6.744251584708144, 6.772184361216928, 6.743022275412773, 6.65950258547749, 6.744571189610889, 6.691006031528123], "discriminative_pow": [[0.8687836168333916, 0.0], [0.867438601967582, 0.0], [0.8656400594357158, 0.0], [0.871559511431395, 0.0], [0.8635340809833696, 0.0], [0.8631376264877135, 0.0], [0.8623004393644791, 0.0], [0.8700741870842696, 0.0], [0.8642805202062479, 0.0], [0.8692745972509888, 0.0]]}