{"gamma": 0.01, "targeting_criterion": null, "beta": 0.05, "verbose": false, "human_network": "follower_network.gml", "output_cascades": false, "epsilon": 0.0001, "rho": 0.8, "mu": 0.5, "phi": 0, "sigma": 15, "theta": 1, "graph_gml": "/N/project/simsom/simsom_v3/v3.3_10222023/data/shuffle_infosysnet/community_shuffle__None2.gml", "mode": "igraph", "n_threads": 7, "appeal_exp": 5, "quality": [0.8469066716752409, 0.837074474071076, 0.827763993087751, 0.8289652921729797, 0.8395973457588164, 0.8222161454122834, 0.8518800767125987, 0.8280892139046615, 0.85984460244816, 0.8364912714956605], "diversity": [6.678401807508311, 6.789734495467812, 6.757329193313893, 6.7385432478689635, 6.732893887607463, 6.778329458136001, 6.695625457171731, 6.779076263718167, 6.714068432694783, 6.774253814177809], "discriminative_pow": [[0.8609708937663932, 0.0], [0.8601818685062225, 0.0], [0.8587108745916221, 0.0], [0.8681836264507894, 0.0], [0.8620172058736209, 0.0], [0.8621478109892251, 0.0], [0.8665784242367883, 0.0], [0.860243072447541, 0.0], [0.8621016443072758, 0.0], [0.8616642064431526, 0.0]]}