{"gamma": 0.1, "targeting_criterion": null, "beta": 0.05, "verbose": false, "human_network": "follower_network.gml", "output_cascades": false, "epsilon": 0.0001, "rho": 0.8, "mu": 0.5, "phi": 0, "sigma": 15, "theta": 1, "graph_gml": "/N/project/simsom/simsom_v3/v3.3_10222023/data/shuffle_infosysnet/community_shuffle__None3.gml", "mode": "igraph", "n_threads": 7, "appeal_exp": 5, "quality": [0.5160303316450332, 0.5166886401966617, 0.5273608617733924, 0.5306591310291349, 0.5309415003221852], "diversity": [6.184462504585149, 6.27141536201086, 6.238610481741034, 6.293112663005022, 6.290214075492865], "discriminative_pow": [[0.8758874701269159, 0.0], [0.877772905503866, 0.0], [0.8778057394034202, 0.0], [0.8824417571285136, 0.0], [0.8822099746363029, 0.0]]}