{"gamma": 0.1, "targeting_criterion": null, "beta": 0.05, "verbose": false, "human_network": "follower_network.gml", "output_cascades": false, "epsilon": 0.0001, "rho": 0.8, "mu": 0.5, "phi": 0, "sigma": 15, "theta": 1, "graph_gml": "/N/project/simsom/simsom_v3/v3.3_10222023/data/shuffle_infosysnet/hub_shuffle__None3.gml", "mode": "igraph", "n_threads": 7, "appeal_exp": 5, "quality": [0.3988373466300608, 0.4250843922336969, 0.41544012725452584, 0.40360672725212676, 0.41646392046793945, 0.40523447912687105, 0.4297221014721852, 0.4172845951455241, 0.45683412164070614, 0.4244570621031656], "diversity": [6.042110194870527, 6.147254899190891, 6.093250731267222, 6.080072105882598, 6.106416844991106, 5.998648094378876, 6.169073052707031, 6.109154121805004, 6.14749480480053, 6.059022229242704], "discriminative_pow": [[0.8748684776531264, 0.0], [0.8665438262263541, 0.0], [0.8674843476492416, 0.0], [0.8684312008496808, 0.0], [0.871787678204149, 0.0], [0.8720730166428899, 0.0], [0.8657076014538605, 0.0], [0.8659927574561463, 0.0], [0.8609946446501643, 0.0], [0.866458076076963, 0.0]]}