{"gamma": 0.01, "targeting_criterion": null, "beta": 0.05, "verbose": false, "human_network": "follower_network.gml", "output_cascades": false, "epsilon": 0.0001, "rho": 0.8, "mu": 0.5, "phi": 0, "sigma": 15, "theta": 1, "graph_gml": "/N/project/simsom/simsom_v3/v3.3_10222023/data/shuffle_infosysnet/hub_shuffle__None2.gml", "mode": "igraph", "n_threads": 7, "appeal_exp": 5, "quality": [0.7685665307022286, 0.8014121691892013, 0.8105893872466727, 0.7799967692184182, 0.8062528053196825, 0.7791334056142886, 0.7406805600801363, 0.7900361501557239, 0.7989703648835103, 0.7562700960362979], "diversity": [7.035586312885002, 6.946288430732949, 6.999790382527278, 7.029903154337605, 6.851014737363517, 6.9778151917983955, 7.073094714646208, 6.989459720935722, 6.906714583517896, 6.985324814976982], "discriminative_pow": [[0.7956102316808861, 0.0], [0.8040615770671228, 0.0], [0.7970741055948689, 0.0], [0.800154499920292, 0.0], [0.8103781453027795, 0.0], [0.8142478691960974, 0.0], [0.8024507738625095, 0.0], [0.8025493195965899, 0.0], [0.7994820359910667, 0.0], [0.7998276423214236, 0.0]]}