{"gamma": 0.01, "targeting_criterion": "conservative", "beta": 0.05, "verbose": false, "human_network": "follower_network.gml", "trackmeme": true, "epsilon": 0.0001, "rho": 0.8, "mu": 0.5, "phi": 0.0, "alpha": 15, "theta": 1, "graph_gml": "/N/slate/baotruon/marketplace/data/igraph/vary_network/network_543.gml", "mode": "igraph", "quality": [0.4304069698024037, 0.43298626060269346, 0.4262530138084762, 0.436774366145274, 0.43328545694937226, 0.4399836717779982, 0.42660241216583733, 0.4260973937001892, 0.4351378556508678, 0.41844217097247743], "diversity": [6.547020395111824, 6.586416805032293, 6.527671851689939, 6.331285629321651, 6.519483404103925, 6.5304805636138825, 6.343424334053484, 6.460341986706954, 6.429055026522925, 6.422678016199873], "discriminative_pow": [[0.7731038397906581, 0.0], [0.7691614443274931, 0.0], [0.7733383953517788, 0.0], [0.7720192013476479, 0.0], [0.7737578708995727, 0.0], [0.7733576626806846, 0.0], [0.7735537558110963, 0.0], [0.7709177350175417, 0.0], [0.7698241873501824, 0.0], [0.7742348525244048, 0.0]]}