{"gamma": 0.001, "targeting_criterion": "conservative", "beta": 0.05, "verbose": false, "human_network": "follower_network.gml", "trackmeme": true, "epsilon": 0.0001, "rho": 0.8, "mu": 0.5, "phi": 0.0, "alpha": 15, "theta": 1, "graph_gml": "/N/slate/baotruon/marketplace/data/igraph/vary_network/network_523.gml", "mode": "igraph", "quality": [0.47912049512769217, 0.48343150481489694, 0.4681551218113752, 0.4674632361681825, 0.4743678373656089, 0.4696331931458051, 0.4672474213036853, 0.4653696657601788, 0.47516332897561975, 0.47073954405804086], "diversity": [6.447914173003847, 6.450392429251465, 6.5816447295096445, 6.4420125222294224, 6.4108220278430945, 6.459781545566987, 6.573422889869269, 6.483898107205758, 6.423293506452085, 6.57998360607725], "discriminative_pow": [[0.7922111321211066, 0.0], [0.7908527030563365, 0.0], [0.7884028660353919, 0.0], [0.790641251561653, 0.0], [0.7910277017250239, 0.0], [0.7912903477536393, 0.0], [0.7905700651687714, 0.0], [0.7920943988674424, 0.0], [0.7911239118319379, 0.0], [0.7905001733452621, 0.0]]}