{"gamma": 0.0001, "targeting_criterion": "conservative", "beta": 0.05, "verbose": false, "human_network": "follower_network.gml", "trackmeme": true, "epsilon": 0.0001, "rho": 0.8, "mu": 0.5, "phi": 0.0, "alpha": 15, "theta": 1, "graph_gml": "/N/slate/baotruon/marketplace/data/igraph/vary_network/network_503.gml", "mode": "igraph", "quality": [0.4765554687160995, 0.4911764702504119, 0.48440090226363286, 0.4854299930287227, 0.46499180700784326, 0.4862829333152021, 0.49013131934825127, 0.47740947578410775, 0.48346868243971985, 0.4745573321110506], "diversity": [6.436373726373068, 6.456658263750119, 6.4586641472836614, 6.434344404381718, 6.397196931215167, 6.47474161511883, 6.393897567337477, 6.493810693416335, 6.486440559406377, 6.498567973546588], "discriminative_pow": [[0.7942848807449083, 0.0], [0.7930772677963215, 0.0], [0.7941572387479051, 0.0], [0.7940429502714582, 0.0], [0.7919355523062127, 0.0], [0.7918963818453503, 0.0], [0.794540480566112, 0.0], [0.7928525108349782, 0.0], [0.7955075899950332, 0.0], [0.7948670711799791, 0.0]]}