{"gamma": 0.1, "targeting_criterion": "conservative", "beta": 0.05, "verbose": false, "human_network": "follower_network.gml", "trackmeme": true, "epsilon": 0.0001, "rho": 0.8, "mu": 0.5, "phi": 0.0, "alpha": 15, "theta": 1, "graph_gml": "/N/slate/baotruon/marketplace/data/igraph/vary_network/network_563.gml", "mode": "igraph", "quality": [0.3094585583683817, 0.30881043740925535, 0.3174119200943295, 0.30753941165463783, 0.3135934801006609], "diversity": [6.1311192685527764, 6.1928653428305065, 6.208416372190969, 6.0913909769301995, 5.924313008886518], "discriminative_pow": [[0.7367775286595966, 0.0], [0.7318890917237624, 0.0], [0.7374816771671414, 0.0], [0.737298150775478, 0.0], [0.7383932825354964, 0.0]]}