{"gamma": 0.1, "targeting_criterion": "hubs", "beta": 0.05, "verbose": false, "human_network": "follower_network.gml", "trackmeme": true, "epsilon": 0.0001, "rho": 0.8, "mu": 0.5, "phi": 0.0, "alpha": 15, "theta": 1, "graph_gml": "/N/slate/baotruon/marketplace/data/igraph/vary_network/network_561.gml", "mode": "igraph", "quality": [0.20979201287987553, 0.2286777396377965, 0.22656036924927503, 0.22884931216252213, 0.23183398602891808, 0.22929409681105084, 0.23047484699471882], "diversity": [6.045977910640987, 6.166831553027426, 6.162624949423164, 6.108568713006017, 6.230762658052905, 6.175991028913911, 6.363728353298057], "discriminative_pow": [[0.7303578928432941, 0.0], [0.7274769116854796, 0.0], [0.720085071588477, 0.0], [0.7220665958395291, 0.0], [0.7226933969236939, 0.0], [0.7284292342182818, 0.0], [0.7293983846583162, 0.0]]}