{"gamma": 0.001, "targeting_criterion": "hubs", "beta": 0.05, "verbose": false, "human_network": "follower_network.gml", "trackmeme": true, "epsilon": 0.0001, "rho": 0.8, "mu": 0.5, "phi": 0.0, "alpha": 15, "theta": 1, "graph_gml": "/N/slate/baotruon/marketplace/data/igraph/vary_network/network_521.gml", "mode": "igraph", "quality": [0.4736962187288091, 0.4653910350782319, 0.4621702215403761, 0.44577227627632476, 0.45725352485121007, 0.46481311292953575, 0.4651492471523664, 0.4485829715441337, 0.46882256988973603, 0.46338222041217386], "diversity": [6.517683507148609, 6.480721555009349, 6.3261682737584675, 6.477485839087802, 6.427541667398446, 6.581971514401061, 6.44098527927089, 6.528022238310318, 6.5899831183880915, 6.429546675864332], "discriminative_pow": [[0.786993445141705, 0.0], [0.7900403530889399, 0.0], [0.790045215208659, 0.0], [0.7896167838271526, 0.0], [0.7901195498055432, 0.0], [0.7895516972296738, 0.0], [0.7910117281717337, 0.0], [0.7888897574039138, 0.0], [0.7898170823613189, 0.0], [0.7909132181118638, 0.0]]}