{"gamma": 0.01, "targeting_criterion": "hubs", "beta": 0.05, "verbose": false, "human_network": "follower_network.gml", "trackmeme": true, "epsilon": 0.0001, "rho": 0.8, "mu": 0.5, "phi": 0.0, "alpha": 15, "theta": 1, "graph_gml": "/N/slate/baotruon/marketplace/data/igraph/vary_network/network_541.gml", "mode": "igraph", "quality": [0.3829190781304873, 0.3986798192050209, 0.3971880075137131, 0.397064588965662, 0.4101972539626619, 0.3999760830790381, 0.40967867746101866, 0.41481222846561894, 0.41043813495373277, 0.404206220132109], "diversity": [6.400524287044226, 6.542695994697782, 6.468783337156364, 6.404942590932779, 6.5469568329647485, 6.533245399183292, 6.478617105901785, 6.356072048108636, 6.603997001450438, 6.624428161857413], "discriminative_pow": [[0.7726515383110247, 0.0], [0.7737603035519758, 0.0], [0.7725790962736391, 0.0], [0.772902562311955, 0.0], [0.7721514773218899, 0.0], [0.772235662976246, 0.0], [0.7708909158070714, 0.0], [0.7729426081853709, 0.0], [0.7724870594136979, 0.0], [0.7722469001135882, 0.0]]}