{"gamma": 0.0001, "targeting_criterion": "hubs", "beta": 0.05, "verbose": false, "human_network": "follower_network.gml", "trackmeme": true, "epsilon": 0.0001, "rho": 0.8, "mu": 0.5, "phi": 0.0, "alpha": 15, "theta": 1, "graph_gml": "/N/slate/baotruon/marketplace/data/igraph/vary_network/network_501.gml", "mode": "igraph", "quality": [0.4803543703397198, 0.47247501978894413, 0.48049937993375086, 0.467279714346339, 0.4882388482986075, 0.47702700784169305, 0.47690826255690383, 0.4705160332666677, 0.4784267744058964, 0.486675155622715], "diversity": [6.430218994412376, 6.464607989339493, 6.425832893366156, 6.590122020760205, 6.513256309748858, 6.464473214207422, 6.5388715571379645, 6.48108232300993, 6.477250570173328, 6.4789307787967525], "discriminative_pow": [[0.7937064987656623, 0.0], [0.7941013300294552, 0.0], [0.7937104058603267, 0.0], [0.7936401750841023, 0.0], [0.7962906420342714, 0.0], [0.7934028897615245, 0.0], [0.7918683925423584, 0.0], [0.7926050043024006, 0.0], [0.7947832321495091, 0.0], [0.7933492085677115, 0.0]]}