{"gamma": 0.01, "targeting_criterion": "liberal", "beta": 0.05, "verbose": false, "human_network": "follower_network.gml", "trackmeme": true, "epsilon": 0.0001, "rho": 0.8, "mu": 0.5, "phi": 0.0, "alpha": 15, "theta": 1, "graph_gml": "/N/slate/baotruon/marketplace/data/igraph/vary_network/network_544.gml", "mode": "igraph", "quality": [0.3905466226640602, 0.39180339656313734, 0.41235717802287003, 0.3890601410015058, 0.4040457558300332, 0.3984689792419611, 0.40849408277742316, 0.39737707020819285, 0.40858602878505046, 0.40290499715275196], "diversity": [6.39979502591971, 6.347007474554417, 6.49086797570358, 6.344234833617695, 6.255637908303629, 6.452733722332636, 6.5430944322499816, 6.415142526903649, 6.375957122879256, 6.336326735916889], "discriminative_pow": [[0.7615124648117846, 0.0], [0.7645604096823381, 0.0], [0.7623008577005335, 0.0], [0.7592431656226661, 0.0], [0.7629615397740481, 0.0], [0.764161669440246, 0.0], [0.7648550157820411, 0.0], [0.762856124913008, 0.0], [0.762324144388403, 0.0], [0.7655771294543477, 0.0]]}