{"gamma": 0.0001, "targeting_criterion": "liberal", "beta": 0.05, "verbose": false, "human_network": "follower_network.gml", "trackmeme": true, "epsilon": 0.0001, "rho": 0.8, "mu": 0.5, "phi": 0.0, "alpha": 15, "theta": 1, "graph_gml": "/N/slate/baotruon/marketplace/data/igraph/vary_network/network_504.gml", "mode": "igraph", "quality": [0.4776084987612545, 0.47241645293827567, 0.4831072923698, 0.4712893408378398, 0.4922277987157028, 0.4702441470402983, 0.48004732471531, 0.47770165433933975, 0.47799251739400767, 0.47300531276186664], "diversity": [6.490438302927808, 6.4913108420464205, 6.545098115972167, 6.5446419313818, 6.527887628348719, 6.559431522583029, 6.412466372037896, 6.334784608326689, 6.517207035369269, 6.475815447531787], "discriminative_pow": [[0.7957256858780469, 0.0], [0.7935611662078248, 0.0], [0.7936579308112602, 0.0], [0.7942824539250044, 0.0], [0.7950754444747021, 0.0], [0.7931354220753376, 0.0], [0.7938127116004784, 0.0], [0.7944197916718909, 0.0], [0.7925974888293853, 0.0], [0.7927632993626631, 0.0]]}