{"gamma": 0.001, "targeting_criterion": "liberal", "beta": 0.05, "verbose": false, "human_network": "follower_network.gml", "trackmeme": true, "epsilon": 0.0001, "rho": 0.8, "mu": 0.5, "phi": 0.0, "alpha": 15, "theta": 1, "graph_gml": "/N/slate/baotruon/marketplace/data/igraph/vary_network/network_524.gml", "mode": "igraph", "quality": [0.46058001503267926, 0.47051070062478917, 0.4651649508770526, 0.4716851597095783, 0.458987698155243, 0.44776353813826736, 0.4653828838928099, 0.4555132629027498, 0.4607494980328828, 0.45921683112813616], "diversity": [6.531301335289106, 6.38973024330739, 6.572308032078828, 6.47986099890956, 6.537307178610151, 6.4921842637461715, 6.504947715512321, 6.464315086828969, 6.555372748645173, 6.526964839470304], "discriminative_pow": [[0.7857292874697295, 0.0], [0.7894528153176247, 0.0], [0.7873416883024604, 0.0], [0.7890747854882065, 0.0], [0.7847924351517818, 0.0], [0.788147020099983, 0.0], [0.7887238865441994, 0.0], [0.7889274914588775, 0.0], [0.7906844498147014, 0.0], [0.7889086922909613, 0.0]]}