{"gamma": 0.1, "targeting_criterion": "liberal", "beta": 0.05, "verbose": false, "human_network": "follower_network.gml", "trackmeme": true, "epsilon": 0.0001, "rho": 0.8, "mu": 0.5, "phi": 0.0, "alpha": 15, "theta": 1, "graph_gml": "/N/slate/baotruon/marketplace/data/igraph/vary_network/network_564.gml", "mode": "igraph", "quality": [0.2948612366077561, 0.29833735905255115, 0.29598712504451935, 0.2929319062782515, 0.2981520934464989, 0.30386501662115256, 0.3004172451035553, 0.29856664593386967, 0.3012962772336816, 0.3010723603774168], "diversity": [5.895046425771239, 5.831767038223175, 6.004756645809863, 5.872297599620496, 5.81053495192668, 5.820387926731945, 5.83349817796351, 5.957856451212596, 6.006316093880505, 5.94057875639661], "discriminative_pow": [[0.734814755564126, 0.0], [0.7318057140729314, 0.0], [0.7330783731639503, 0.0], [0.7300370437323718, 0.0], [0.7313986752536794, 0.0], [0.7355417721704148, 0.0], [0.7330278607557213, 0.0], [0.7326322601505775, 0.0], [0.7345241947574311, 0.0], [0.7346607320174635, 0.0]]}