{"gamma": 0.01, "targeting_criterion": "misinformation", "beta": 0.05, "verbose": false, "human_network": "follower_network.gml", "trackmeme": true, "epsilon": 0.0001, "rho": 0.8, "mu": 0.5, "phi": 0.0, "alpha": 15, "theta": 1, "graph_gml": "/N/slate/baotruon/marketplace/data/igraph/vary_network/network_545.gml", "mode": "igraph", "quality": [0.42139832656474907, 0.40890244021377087, 0.4183752914142739, 0.41550501975033033, 0.4143393005116042, 0.42160438678959816, 0.3872821061896034, 0.39144332178897095, 0.41573182899981515, 0.3811181572313095], "diversity": [6.486244532512334, 6.466127667826181, 6.518986371130313, 6.445669433728218, 6.469429956941339, 6.465319847110533, 6.391482455447354, 6.43691289201316, 6.478049931485421, 6.401470597092455], "discriminative_pow": [[0.7695996701411337, 0.0], [0.7702901062113521, 0.0], [0.7696438697750837, 0.0], [0.7685037506473941, 0.0], [0.7702921706517902, 0.0], [0.7697149809187488, 0.0], [0.7694341403695838, 0.0], [0.7691581734520389, 0.0], [0.7710965936045189, 0.0], [0.7708032086478656, 0.0]]}