{"gamma": 0.001, "targeting_criterion": "misinformation", "beta": 0.05, "verbose": false, "human_network": "follower_network.gml", "trackmeme": true, "epsilon": 0.0001, "rho": 0.8, "mu": 0.5, "phi": 0.0, "alpha": 15, "theta": 1, "graph_gml": "/N/slate/baotruon/marketplace/data/igraph/vary_network/network_525.gml", "mode": "igraph", "quality": [0.4708350886114718, 0.46905547170262396, 0.466645907436552, 0.468015818109045, 0.46918193472597103, 0.4684365038952983, 0.4773269710445324, 0.4667128856950605, 0.47011608534557137, 0.45706539221966674], "diversity": [6.512542525244047, 6.527214362839386, 6.575381708791699, 6.538076112733792, 6.526482442861858, 6.4458082903652425, 6.4883625215368115, 6.427325429221762, 6.528340852371005, 6.432542045715943], "discriminative_pow": [[0.7905952123066785, 0.0], [0.7907798702274533, 0.0], [0.7912176902130644, 0.0], [0.790357262675362, 0.0], [0.7894114480113323, 0.0], [0.7899021341314647, 0.0], [0.7894856460194936, 0.0], [0.7904900312393283, 0.0], [0.790343755530427, 0.0], [0.7906788955100292, 0.0]]}