{"gamma": 0.1, "targeting_criterion": "misinformation", "beta": 0.05, "verbose": false, "human_network": "follower_network.gml", "trackmeme": true, "epsilon": 0.0001, "rho": 0.8, "mu": 0.5, "phi": 0.0, "alpha": 15, "theta": 1, "graph_gml": "/N/slate/baotruon/marketplace/data/igraph/vary_network/network_565.gml", "mode": "igraph", "quality": [0.24109945127315321, 0.23263193899985396, 0.2355217207140872, 0.2361037677244392, 0.23074322122224633, 0.2256620012725205, 0.22129198245202536], "diversity": [6.003862294166321, 6.105398332351179, 6.143081240075707, 5.831202518496259, 5.973007716404929, 6.0891886711830185, 5.840759860729772], "discriminative_pow": [[0.719343350284854, 0.0], [0.7278232583605383, 0.0], [0.7293190402821542, 0.0], [0.7325434925245939, 0.0], [0.7251036712524416, 0.0], [0.7267542445726443, 0.0], [0.7271793913195714, 0.0]]}