{"gamma": 0.0001, "targeting_criterion": "misinformation", "beta": 0.05, "verbose": false, "human_network": "follower_network.gml", "trackmeme": true, "epsilon": 0.0001, "rho": 0.8, "mu": 0.5, "phi": 0.0, "alpha": 15, "theta": 1, "graph_gml": "/N/slate/baotruon/marketplace/data/igraph/vary_network/network_505.gml", "mode": "igraph", "quality": [0.4788321393104229, 0.49100158907831626, 0.4722544558457676, 0.4803260706064837, 0.4818109919521415, 0.4779539039560965, 0.4877121785479255, 0.4881266697759011, 0.4780820141124743, 0.4823436602728335], "diversity": [6.591509033474099, 6.446329558295818, 6.518694457424171, 6.419604252739561, 6.593871845384499, 6.582680116324657, 6.525335754939941, 6.558536720428963, 6.434474310121004, 6.322130968261012], "discriminative_pow": [[0.7940054522123421, 0.0], [0.7922080179092191, 0.0], [0.7935055786299227, 0.0], [0.7939598373893675, 0.0], [0.7946945076592297, 0.0], [0.7948950405221541, 0.0], [0.7942778958943835, 0.0], [0.792783841439014, 0.0], [0.7934931296045808, 0.0], [0.7946595376182205, 0.0]]}