{"gamma": 0.1, "targeting_criterion": null, "beta": 0.05, "verbose": false, "human_network": "follower_network.gml", "trackmeme": true, "epsilon": 0.0001, "rho": 0.8, "mu": 0.5, "phi": 0.0, "alpha": 15, "theta": 1, "graph_gml": "/N/slate/baotruon/marketplace/data/igraph/vary_network/network_560.gml", "mode": "igraph", "quality": [0.2048083090302507, 0.21332591100373008, 0.21494832377226705, 0.19671475439187844, 0.19413515414836474, 0.21712588450880835, 0.20217789298125294, 0.21662665685017185, 0.20183306840869225, 0.2094847214427861], "diversity": [5.594454375216596, 5.929050703707952, 5.904845901186926, 5.760180260333796, 5.606472112163916, 5.6252199545656865, 5.708331789620261, 5.636817541654874, 5.533790422868317, 5.813908098396625], "discriminative_pow": [[0.7209734157644742, 0.0], [0.7319040696200568, 0.0], [0.7264341327427657, 0.0], [0.7269059136652333, 0.0], [0.7244357989362314, 0.0], [0.7241232965336323, 0.0], [0.7298235787775048, 0.0], [0.7263619185174481, 0.0], [0.7309448156425471, 0.0], [0.7264667813576088, 0.0]]}