{"gamma": 0.0001, "targeting_criterion": null, "beta": 0.05, "verbose": false, "human_network": "follower_network.gml", "trackmeme": true, "epsilon": 0.0001, "rho": 0.8, "mu": 0.5, "phi": 0.0, "alpha": 15, "theta": 1, "graph_gml": "/N/slate/baotruon/marketplace/data/igraph/vary_network/network_500.gml", "mode": "igraph", "quality": [0.4870531965291308, 0.481710329391121, 0.4845495450233409, 0.47707176940527785, 0.47771487185934103, 0.47614303835316685, 0.4792816299749994, 0.4970749874785554, 0.47848035376012577, 0.47778644724100783], "diversity": [6.404136570210604, 6.447024944262168, 6.442658061393107, 6.397664390422427, 6.579708320636303, 6.379290068687422, 6.512119891087094, 6.4823287130968446, 6.423187960765285, 6.467257052525503], "discriminative_pow": [[0.7961096819061739, 0.0], [0.7950151500083282, 0.0], [0.7949474187400284, 0.0], [0.7941210179562106, 0.0], [0.7942472575208633, 0.0], [0.7935512611603323, 0.0], [0.790944445971226, 0.0], [0.7915652887448581, 0.0], [0.794266988666758, 0.0], [0.7932164532513022, 0.0]]}