{"gamma": 0.01, "targeting_criterion": null, "beta": 0.05, "verbose": false, "human_network": "follower_network.gml", "trackmeme": true, "epsilon": 0.0001, "rho": 0.8, "mu": 0.5, "phi": 0.0, "alpha": 15, "theta": 1, "graph_gml": "/N/slate/baotruon/marketplace/data/igraph/vary_network/network_540.gml", "mode": "igraph", "quality": [0.39263956044782566, 0.38495424793943195, 0.3909454013215002, 0.40131420843097054, 0.3893961502629426, 0.4089382946090447, 0.38286785724056044, 0.4156826213053982, 0.3998613016097542, 0.4045911519440247], "diversity": [6.412284930173696, 6.471118010344136, 6.392603446118977, 6.391184292044146, 6.40853627196811, 6.44045418613024, 6.5152403336236, 6.44526641564666, 6.453910058461421, 6.369135857701121], "discriminative_pow": [[0.7661890544815065, 0.0], [0.765941181781246, 0.0], [0.7636697107238513, 0.0], [0.7614872270707326, 0.0], [0.7655793027406955, 0.0], [0.7623725937279274, 0.0], [0.7644115824567952, 0.0], [0.7619002801669489, 0.0], [0.7649748990407145, 0.0], [0.7655280445847579, 0.0]]}