{"gamma": 0.001, "targeting_criterion": null, "beta": 0.05, "verbose": false, "human_network": "follower_network.gml", "trackmeme": true, "epsilon": 0.0001, "rho": 0.8, "mu": 0.5, "phi": 0.0, "alpha": 15, "theta": 1, "graph_gml": "/N/slate/baotruon/marketplace/data/igraph/vary_network/network_520.gml", "mode": "igraph", "quality": [0.4761249569329772, 0.4660590856259176, 0.4773644216849019, 0.4764663933314534, 0.4802430811507667, 0.46692943154788713, 0.490027505879948, 0.47420339116500826, 0.4740353902514572, 0.4734835373752511], "diversity": [6.335553584591832, 6.519257770434135, 6.400336824698346, 6.471266398043843, 6.4179151297919255, 6.480075973572253, 6.365252057821484, 6.415623293706869, 6.604726942361123, 6.438864900265482], "discriminative_pow": [[0.7894423348870135, 0.0], [0.790699867967653, 0.0], [0.789248445975854, 0.0], [0.7888770208567251, 0.0], [0.7899429962411784, 0.0], [0.7904838751400185, 0.0], [0.7876930774088362, 0.0], [0.7914986626859881, 0.0], [0.7874733732304791, 0.0], [0.7859716478565808, 0.0]]}