{"gamma": 0.1, "targeting_criterion": "partisanship", "beta": 0.05, "verbose": false, "human_network": "follower_network.gml", "trackmeme": true, "epsilon": 0.0001, "rho": 0.8, "mu": 0.5, "phi": 0.0, "alpha": 15, "theta": 1, "graph_gml": "/N/slate/baotruon/marketplace/data/igraph/vary_network/network_562.gml", "mode": "igraph", "quality": [0.21784925216242748, 0.22093434535727285, 0.2288167452416281, 0.21802301976384542, 0.21512060596785873, 0.20880011922642572, 0.21560439743541812, 0.22166528840891028, 0.21172507709929267, 0.19943094666122468], "diversity": [5.8648203236994965, 5.691239404596584, 5.9404516359807795, 5.788859282513345, 5.6426040260410515, 5.860526127216974, 5.939662292714953, 5.950801267303074, 5.6530994345528, 5.743908670760623], "discriminative_pow": [[0.7271350051984583, 0.0], [0.7268719183084615, 0.0], [0.7260842514438902, 0.0], [0.729569970101675, 0.0], [0.7285788330856867, 0.0], [0.7269183228958874, 0.0], [0.7272442652868891, 0.0], [0.7266413104245792, 0.0], [0.7306975381958674, 0.0], [0.7280300608359092, 0.0]]}