{"gamma": 0.01, "targeting_criterion": "partisanship", "beta": 0.05, "verbose": false, "human_network": "follower_network.gml", "trackmeme": true, "epsilon": 0.0001, "rho": 0.8, "mu": 0.5, "phi": 0.0, "alpha": 15, "theta": 1, "graph_gml": "/N/slate/baotruon/marketplace/data/igraph/vary_network/network_542.gml", "mode": "igraph", "quality": [0.39696576344486667, 0.412614972444585, 0.43442836025847154, 0.3942198044273858, 0.40840256999334196, 0.40575806622396815, 0.3935796643021667, 0.4007249107324161, 0.3996204756288813, 0.40967896890904587], "diversity": [6.366909513061785, 6.40822538840566, 6.348300308075093, 6.483309377099644, 6.4555582610312765, 6.377952219438185, 6.388229869688893, 6.419210686867593, 6.474081152457934, 6.40694558770233], "discriminative_pow": [[0.7667081267785619, 0.0], [0.7661667354314328, 0.0], [0.7661767573815034, 0.0], [0.7681173368232079, 0.0], [0.7672087375359358, 0.0], [0.7647716238326681, 0.0], [0.7647638568729286, 0.0], [0.7694083180634387, 0.0], [0.7658570962468255, 0.0], [0.767619941628923, 0.0]]}