{"gamma": 0.0001, "targeting_criterion": "partisanship", "beta": 0.05, "verbose": false, "human_network": "follower_network.gml", "trackmeme": true, "epsilon": 0.0001, "rho": 0.8, "mu": 0.5, "phi": 0.0, "alpha": 15, "theta": 1, "graph_gml": "/N/slate/baotruon/marketplace/data/igraph/vary_network/network_502.gml", "mode": "igraph", "quality": [0.4879579139715108, 0.48183427932372414, 0.47796214450885643, 0.4871928441515838, 0.47939661844776166, 0.4802210728067211, 0.4873437448209625, 0.47552654738714817, 0.48164041662473356, 0.4938430120418943], "diversity": [6.492987987936756, 6.3866539858437115, 6.538638704892369, 6.399668361937049, 6.45178703603329, 6.5344757654227426, 6.521695357041207, 6.4683931817741325, 6.472720959962642, 6.46869860784293], "discriminative_pow": [[0.7935067971207573, 0.0], [0.7929392836768555, 0.0], [0.7933470809930112, 0.0], [0.7945639719489185, 0.0], [0.7935250423586683, 0.0], [0.7935490491957496, 0.0], [0.7963890512413194, 0.0], [0.794330218683783, 0.0], [0.7945162829883037, 0.0], [0.7966360702413697, 0.0]]}