{"gamma": 0.001, "targeting_criterion": "partisanship", "beta": 0.05, "verbose": false, "human_network": "follower_network.gml", "trackmeme": true, "epsilon": 0.0001, "rho": 0.8, "mu": 0.5, "phi": 0.0, "alpha": 15, "theta": 1, "graph_gml": "/N/slate/baotruon/marketplace/data/igraph/vary_network/network_522.gml", "mode": "igraph", "quality": [0.47200552580349975, 0.4595644501642202, 0.46515624583911896, 0.45742200475152783, 0.4706855815859209, 0.46724368338969013, 0.47046934851840894, 0.45783611983676975, 0.4683589606360677, 0.47909436026312247], "diversity": [6.376766226122088, 6.496032382307193, 6.542961480859395, 6.482172865326619, 6.450030806079859, 6.408764821077677, 6.60651235526527, 6.428833609750056, 6.466056922414291, 6.374399625982951], "discriminative_pow": [[0.7871834202893132, 0.0], [0.7897318253005662, 0.0], [0.7903584944327674, 0.0], [0.7890864397003309, 0.0], [0.7887518084067227, 0.0], [0.7882785929585893, 0.0], [0.78872635738421, 0.0], [0.7927518351912989, 0.0], [0.7896172963252679, 0.0], [0.7907895675645991, 0.0]]}