{"theta": 1, "phi": 0.0, "beta": 0.05, "gamma": 0.01, "targeting_criterion": null, "verbose": false, "human_network": "follower_network.gml", "output_cascades": false, "epsilon": 0.0001, "rho": 0.8, "mu": 0.5, "sigma": 15, "graph_gml": "/N/project/simsom/simsom_v3/v3.3_10222023/data/vary_network/network_20.gml", "mode": "igraph", "n_threads": 7, "appeal_exp": 5, "quality": [0.7674299324248225, 0.7169533548291424, 0.7832402598709415, 0.7951028964987428, 0.773318738220448, 0.7385675550739929, 0.7874805785445784, 0.794346767270949, 0.7738778465756921, 0.782216977694888], "diversity": [6.929312113858458, 6.8510291443155875, 6.937278991368638, 6.87067799889311, 6.926788386292284, 6.922392173701559, 6.8018096656386176, 6.873173885276904, 6.916209710395285, 6.8794407817921694], "discriminative_pow": [[0.8180835240062211, 0.0], [0.8288678644148255, 0.0], [0.8199046111952348, 0.0], [0.8219428401847038, 0.0], [0.8228594135193006, 0.0], [0.825329025584372, 0.0], [0.823057809436841, 0.0], [0.8350231352474248, 0.0], [0.8210308593617761, 0.0], [0.8122056174680883, 0.0]]}