{"theta": 1, "phi": 0.1, "beta": 0.05, "gamma": 0.01, "targeting_criterion": null, "verbose": false, "human_network": "follower_network.gml", "output_cascades": false, "epsilon": 0.0001, "rho": 0.8, "mu": 0.5, "sigma": 15, "graph_gml": "/N/project/simsom/simsom_v3/v3.3_10222023/data/vary_network/network_20.gml", "mode": "igraph", "n_threads": 7, "appeal_exp": 5, "quality": [0.662181746480503, 0.6847839492840305, 0.6729428533906899, 0.6658728287938143, 0.6494841186335002, 0.6594205068999398, 0.6631377534520704, 0.6699933550486697, 0.6720864060417746, 0.6506467139543608], "diversity": [6.824790612823829, 6.886966322142378, 6.733395078709567, 6.789578837492063, 6.788009264635502, 6.702817065601723, 6.803309936246675, 6.79669478463114, 6.738091114896862, 6.772238843649414], "discriminative_pow": [[0.8586363016279414, 0.0], [0.8443972997959017, 0.0], [0.8417354522133904, 0.0], [0.8515343697726458, 0.0], [0.856649700047528, 0.0], [0.8542363609320714, 0.0], [0.8504766440532269, 0.0], [0.8484552049257267, 0.0], [0.8546126493916492, 0.0], [0.8576481581641956, 0.0]]}