{"theta": 1, "phi": 1.0, "beta": 0.05, "gamma": 0.01, "targeting_criterion": null, "verbose": false, "human_network": "follower_network.gml", "output_cascades": false, "epsilon": 0.0001, "rho": 0.8, "mu": 0.5, "sigma": 15, "graph_gml": "/N/project/simsom/simsom_v3/v3.3_10222023/data/vary_network/network_20.gml", "mode": "igraph", "n_threads": 7, "appeal_exp": 5, "quality": [0.6414167252452382, 0.6464516791320178, 0.6487333979835908, 0.6433985283383498, 0.6453653724526891, 0.6447645542179571, 0.6407916606395198, 0.6728599237285429, 0.6499835046362757, 0.6587497350068254], "diversity": [6.882759962389222, 6.879342596589967, 6.8254445261461285, 6.826288245216807, 6.871667901156484, 6.956872272601021, 6.91561876255812, 6.95108573167412, 6.9754859528132815, 6.854319521906522], "discriminative_pow": [[0.8159851360357704, 0.0], [0.805404765716819, 0.0], [0.8193659755865016, 0.0], [0.8122222736057492, 0.0], [0.8051872764878492, 0.0], [0.8088976834301755, 0.0], [0.817448070240797, 0.0], [0.8070078687785076, 0.0], [0.8120219182664143, 0.0], [0.8129881135714266, 0.0]]}