{"theta": 1, "phi": 0.2, "beta": 0.05, "gamma": 0.01, "targeting_criterion": null, "verbose": false, "human_network": "follower_network.gml", "output_cascades": false, "epsilon": 0.0001, "rho": 0.8, "mu": 0.5, "sigma": 15, "graph_gml": "/N/project/simsom/simsom_v3/v3.3_10222023/data/vary_network/network_20.gml", "mode": "igraph", "n_threads": 7, "appeal_exp": 5, "quality": [0.6715650265260222, 0.6459913297057561, 0.6603894604360974, 0.6544083006961364, 0.6589080646078274, 0.6649133521861561, 0.6705099480364879, 0.6549261858335291, 0.663978448483775, 0.6703721694421927], "diversity": [6.868367784733719, 6.792350606346595, 6.736653062846647, 6.821426689151769, 6.722956816902327, 6.782484929093551, 6.800511133547312, 6.842758439815059, 6.748891893128123, 6.831279486052377], "discriminative_pow": [[0.8512095056662714, 0.0], [0.849700088202616, 0.0], [0.8557636318906361, 0.0], [0.8522103503082918, 0.0], [0.8520394354055071, 0.0], [0.8379175707559767, 0.0], [0.8566420628131135, 0.0], [0.8436085576016554, 0.0], [0.8498367484867064, 0.0], [0.8457806135073818, 0.0]]}