{"theta": 1, "phi": 0.30000000000000004, "beta": 0.05, "gamma": 0.01, "targeting_criterion": null, "verbose": false, "human_network": "follower_network.gml", "output_cascades": false, "epsilon": 0.0001, "rho": 0.8, "mu": 0.5, "sigma": 15, "graph_gml": "/N/project/simsom/simsom_v3/v3.3_10222023/data/vary_network/network_20.gml", "mode": "igraph", "n_threads": 7, "appeal_exp": 5, "quality": [0.6642934358690862, 0.6445857543755101, 0.649537756717912, 0.6576142922069422, 0.6808877234038838], "diversity": [6.873937912612648, 6.763638961795653, 6.757764952947854, 6.877851414588257, 6.875736815007549], "discriminative_pow": [[0.8433030868311789, 0.0], [0.8503757313321483, 0.0], [0.8513779971815469, 0.0], [0.8498132708516021, 0.0], [0.8376770981736006, 0.0]]}