{"theta": 1, "phi": 0.4, "beta": 0.05, "gamma": 0.01, "targeting_criterion": null, "verbose": false, "human_network": "follower_network.gml", "output_cascades": false, "epsilon": 0.0001, "rho": 0.8, "mu": 0.5, "sigma": 15, "graph_gml": "/N/project/simsom/simsom_v3/v3.3_10222023/data/vary_network/network_20.gml", "mode": "igraph", "n_threads": 7, "appeal_exp": 5, "quality": [0.6525296815257524, 0.6471387686200856, 0.6709558361669368, 0.6470855088501779, 0.6796699914354761, 0.6533078867081157, 0.6612054272618734, 0.6477467842646821, 0.6703771038255338, 0.6548012167997423], "diversity": [6.847529448783485, 6.877991817701135, 6.9185505554952, 6.849469812109817, 6.877835318445797, 6.90198362069458, 6.945892688896396, 6.820569430274107, 6.885692211688659, 6.841622364892396], "discriminative_pow": [[0.8446030161396084, 0.0], [0.8427327285372872, 0.0], [0.8442784455782538, 0.0], [0.8352744787657307, 0.0], [0.8290604427231861, 0.0], [0.8401137075719517, 0.0], [0.8362351724986994, 0.0], [0.8488514022670066, 0.0], [0.8321878739963176, 0.0], [0.8402917114896713, 0.0]]}