{"theta": 1, "phi": 0.5, "beta": 0.05, "gamma": 0.01, "targeting_criterion": null, "verbose": false, "human_network": "follower_network.gml", "output_cascades": false, "epsilon": 0.0001, "rho": 0.8, "mu": 0.5, "sigma": 15, "graph_gml": "/N/project/simsom/simsom_v3/v3.3_10222023/data/vary_network/network_20.gml", "mode": "igraph", "n_threads": 7, "appeal_exp": 5, "quality": [0.6568962166926453, 0.6551291377141994, 0.646668912544792, 0.654617403322622, 0.6355809479336256], "diversity": [6.884894863111338, 6.936629833118324, 6.891818329878776, 6.778143530055697, 6.942265298651326], "discriminative_pow": [[0.8364383041427373, 0.0], [0.8334749994510976, 0.0], [0.8335842003305238, 0.0], [0.8413438680279125, 0.0], [0.8426950479804713, 0.0]]}