{"theta": 1, "phi": 0.6000000000000001, "beta": 0.05, "gamma": 0.01, "targeting_criterion": null, "verbose": false, "human_network": "follower_network.gml", "output_cascades": false, "epsilon": 0.0001, "rho": 0.8, "mu": 0.5, "sigma": 15, "graph_gml": "/N/project/simsom/simsom_v3/v3.3_10222023/data/vary_network/network_20.gml", "mode": "igraph", "n_threads": 7, "appeal_exp": 5, "quality": [0.6434966488567754, 0.6712467661037168, 0.6676410147995862, 0.6500446395165038, 0.6468404903867647, 0.6523320619126527, 0.6592461562314003, 0.6555678879220349, 0.6861094212495408, 0.6493769781371561], "diversity": [6.924565272362145, 7.002591709910541, 6.891054218258661, 6.850638130509875, 6.901214970136416, 6.937132344339731, 6.864089724160621, 6.867285217498558, 6.893982893028953, 6.876684101835669], "discriminative_pow": [[0.8277749930286484, 0.0], [0.8322267948361122, 0.0], [0.8253717369470607, 0.0], [0.8358378153933965, 0.0], [0.8322568660938453, 0.0], [0.8327770412356887, 0.0], [0.8317849268463079, 0.0], [0.8307108920945222, 0.0], [0.8216431495880239, 0.0], [0.8304240557018533, 0.0]]}