{"theta": 1, "phi": 0.7000000000000001, "beta": 0.05, "gamma": 0.01, "targeting_criterion": null, "verbose": false, "human_network": "follower_network.gml", "output_cascades": false, "epsilon": 0.0001, "rho": 0.8, "mu": 0.5, "sigma": 15, "graph_gml": "/N/project/simsom/simsom_v3/v3.3_10222023/data/vary_network/network_20.gml", "mode": "igraph", "n_threads": 7, "appeal_exp": 5, "quality": [0.6576660004934952, 0.6324613877109815, 0.6563733590668063, 0.6678945045780468, 0.6532738950886823, 0.6600927281587547, 0.6719330553357535, 0.6745549951071695, 0.6654716928228273, 0.6548270822908958], "diversity": [6.913562587991498, 6.831087530664114, 6.86906674798678, 6.960821464721121, 6.868152622557147, 6.95198723432226, 6.841668885446136, 6.887138110578197, 6.8638276029483345, 6.885873417567568], "discriminative_pow": [[0.8224213913277049, 0.0], [0.828223576818313, 0.0], [0.8265466127241637, 0.0], [0.815204904158503, 0.0], [0.8261381991756996, 0.0], [0.8234567271495756, 0.0], [0.8227929088194081, 0.0], [0.8162465329657819, 0.0], [0.8213582275328017, 0.0], [0.827226553622897, 0.0]]}