{"theta": 1, "phi": 0.8, "beta": 0.05, "gamma": 0.01, "targeting_criterion": null, "verbose": false, "human_network": "follower_network.gml", "output_cascades": false, "epsilon": 0.0001, "rho": 0.8, "mu": 0.5, "sigma": 15, "graph_gml": "/N/project/simsom/simsom_v3/v3.3_10222023/data/vary_network/network_20.gml", "mode": "igraph", "n_threads": 7, "appeal_exp": 5, "quality": [0.6461264692968547, 0.656545676628523, 0.6450135215723146, 0.6555554014542662, 0.6365387868584154, 0.6573732248463391, 0.656454789266486, 0.6493494220835296, 0.6512638442157723, 0.6449535352811071], "diversity": [6.82853327318935, 6.866569402741061, 6.887844187014804, 6.912800093238877, 6.885461304131518, 6.939945968669568, 6.91933654133088, 6.85575296315754, 6.882960060483205, 6.926528324914862], "discriminative_pow": [[0.8228361972893902, 0.0], [0.8139565689713238, 0.0], [0.8206821061318414, 0.0], [0.8246827028994302, 0.0], [0.8267680750240249, 0.0], [0.8291530662821633, 0.0], [0.8166203833988679, 0.0], [0.8196395478541072, 0.0], [0.8286406458952879, 0.0], [0.8261947093716889, 0.0]]}