{"theta": 1, "phi": 0.9, "beta": 0.05, "gamma": 0.01, "targeting_criterion": null, "verbose": false, "human_network": "follower_network.gml", "output_cascades": false, "epsilon": 0.0001, "rho": 0.8, "mu": 0.5, "sigma": 15, "graph_gml": "/N/project/simsom/simsom_v3/v3.3_10222023/data/vary_network/network_20.gml", "mode": "igraph", "n_threads": 7, "appeal_exp": 5, "quality": [0.6655001705729958, 0.6488180370128395, 0.6683441539471212, 0.6470673890644353, 0.6528443328705702, 0.6420681328089746, 0.6535270176934105, 0.6502622058415698, 0.6435453705160368, 0.6504152517011417], "diversity": [6.912233620025321, 6.927413072666829, 6.879922206372692, 6.914623912140753, 6.889524846268889, 6.866865147441779, 6.9060454030184495, 6.930515275736424, 6.950886553654684, 6.912693412362262], "discriminative_pow": [[0.8082775603059785, 0.0], [0.8137364391895401, 0.0], [0.8153157937829397, 0.0], [0.8099245806016395, 0.0], [0.8146376380264663, 0.0], [0.8236346089403508, 0.0], [0.8213384196786774, 0.0], [0.8138406514712602, 0.0], [0.8206227761313112, 0.0], [0.8200984122617776, 0.0]]}