{"theta": 2, "phi": 0.0, "beta": 0.05, "gamma": 0.01, "targeting_criterion": null, "verbose": false, "human_network": "follower_network.gml", "output_cascades": false, "epsilon": 0.0001, "rho": 0.8, "mu": 0.5, "sigma": 15, "graph_gml": "/N/project/simsom/simsom_v3/v3.3_10222023/data/vary_network/network_20.gml", "mode": "igraph", "n_threads": 7, "appeal_exp": 5, "quality": [0.7747892153705351, 0.7539234836865039, 0.7742197048301505, 0.7282557500481954, 0.7594124365825765, 0.7665986514426352, 0.7578234603671654, 0.7529944477446691, 0.7358559169217624, 0.7139954340896281], "diversity": [6.8090040913103875, 6.909848661526361, 6.878553674112552, 6.774030872841268, 6.860340103289779, 6.800885556915892, 6.943907660953439, 6.718045881857984, 6.842891888572734, 6.819299561126233], "discriminative_pow": [[0.8160342772678856, 0.0], [0.8157847647677784, 0.0], [0.8037977567421903, 0.0], [0.8225922338097379, 0.0], [0.8126602321185719, 0.0], [0.8112023690469835, 0.0], [0.814410802589554, 0.0], [0.813101202206902, 0.0], [0.811453232909294, 0.0], [0.8231682110900458, 0.0]]}