{"theta": 2, "phi": 0.1, "beta": 0.05, "gamma": 0.01, "targeting_criterion": null, "verbose": false, "human_network": "follower_network.gml", "output_cascades": false, "epsilon": 0.0001, "rho": 0.8, "mu": 0.5, "sigma": 15, "graph_gml": "/N/project/simsom/simsom_v3/v3.3_10222023/data/vary_network/network_20.gml", "mode": "igraph", "n_threads": 7, "appeal_exp": 5, "quality": [0.6449446719410736, 0.6680787601319598, 0.6520554856741098, 0.6495434695021303, 0.6587916054837644, 0.6629756165204438, 0.668327629757452, 0.6321831076335243, 0.6452100479760374, 0.6303301477539619], "diversity": [6.787083690482987, 6.770279849039281, 6.786365193940913, 6.794467357027578, 6.745834838672147, 6.794376365085251, 6.831312265021351, 6.650200656958628, 6.789921576796303, 6.777051278697731], "discriminative_pow": [[0.8472038483598198, 0.0], [0.8425896229566923, 0.0], [0.8531166495503463, 0.0], [0.8546058966081224, 0.0], [0.8418062547050431, 0.0], [0.844223876935489, 0.0], [0.8454296820909408, 0.0], [0.8566522106908376, 0.0], [0.8552786457548696, 0.0], [0.8589390363202593, 0.0]]}