{"theta": 2, "phi": 1.0, "beta": 0.05, "gamma": 0.01, "targeting_criterion": null, "verbose": false, "human_network": "follower_network.gml", "output_cascades": false, "epsilon": 0.0001, "rho": 0.8, "mu": 0.5, "sigma": 15, "graph_gml": "/N/project/simsom/simsom_v3/v3.3_10222023/data/vary_network/network_20.gml", "mode": "igraph", "n_threads": 7, "appeal_exp": 5, "quality": [0.6242240936460925, 0.627647485166452, 0.6378924495462575, 0.6345379451299085, 0.6340079471780877, 0.6292190753265428, 0.626368995957133, 0.6232865330222292, 0.6364508494749925, 0.6357595731430994], "diversity": [6.938051174450221, 6.935385198567005, 7.015360579260439, 6.908332849247927, 6.931219796403301, 6.862044091080289, 6.866266068114418, 6.933795950971336, 6.894540325401882, 6.909204904720001], "discriminative_pow": [[0.8099629628191298, 0.0], [0.8098968228967014, 0.0], [0.8072966091269396, 0.0], [0.8107977192076009, 0.0], [0.8113628053358739, 0.0], [0.8149039509170887, 0.0], [0.8100886411902084, 0.0], [0.8090312748402096, 0.0], [0.8079440026487646, 0.0], [0.8086626941604877, 0.0]]}