{"theta": 2, "phi": 0.2, "beta": 0.05, "gamma": 0.01, "targeting_criterion": null, "verbose": false, "human_network": "follower_network.gml", "output_cascades": false, "epsilon": 0.0001, "rho": 0.8, "mu": 0.5, "sigma": 15, "graph_gml": "/N/project/simsom/simsom_v3/v3.3_10222023/data/vary_network/network_20.gml", "mode": "igraph", "n_threads": 7, "appeal_exp": 5, "quality": [0.6451453753544755, 0.6533967502724257, 0.6556076339723638, 0.6303952735354306, 0.651122809989678], "diversity": [6.772749760300017, 6.699108245055639, 6.8883937644865565, 6.759085184559147, 6.882742009504449], "discriminative_pow": [[0.8499007654118106, 0.0], [0.8410727850382563, 0.0], [0.8367782551866758, 0.0], [0.8521381445346203, 0.0], [0.8411375362958058, 0.0]]}