{"theta": 2, "phi": 0.30000000000000004, "beta": 0.05, "gamma": 0.01, "targeting_criterion": null, "verbose": false, "human_network": "follower_network.gml", "output_cascades": false, "epsilon": 0.0001, "rho": 0.8, "mu": 0.5, "sigma": 15, "graph_gml": "/N/project/simsom/simsom_v3/v3.3_10222023/data/vary_network/network_20.gml", "mode": "igraph", "n_threads": 7, "appeal_exp": 5, "quality": [0.6331764907737542, 0.6665115583073467, 0.6428825432112146, 0.6529228197054331, 0.6400237267680069, 0.6325989301816892, 0.6389222944750668, 0.6459805899310229, 0.6342619385100093, 0.6399189239484421], "diversity": [6.8099643897869635, 6.809054838296102, 6.800842243634683, 6.831829366061294, 6.80646028971225, 6.816002625262213, 6.875435422514038, 6.839903210302278, 6.750276947366093, 6.772498579126239], "discriminative_pow": [[0.8395965254754078, 0.0], [0.8337233651641589, 0.0], [0.8384457001633147, 0.0], [0.8402107445403955, 0.0], [0.8483677016861619, 0.0], [0.8429094404197441, 0.0], [0.8442290725776647, 0.0], [0.8406312940655852, 0.0], [0.8443951266436334, 0.0], [0.8451841799752559, 0.0]]}