{"theta": 2, "phi": 0.4, "beta": 0.05, "gamma": 0.01, "targeting_criterion": null, "verbose": false, "human_network": "follower_network.gml", "output_cascades": false, "epsilon": 0.0001, "rho": 0.8, "mu": 0.5, "sigma": 15, "graph_gml": "/N/project/simsom/simsom_v3/v3.3_10222023/data/vary_network/network_20.gml", "mode": "igraph", "n_threads": 7, "appeal_exp": 5, "quality": [0.6733107585375675, 0.6392414189748123, 0.64441967871004, 0.6304862581093631, 0.6509571706571844, 0.6500395421214203, 0.6448079352551184, 0.6522311679998809, 0.6345834735445386, 0.6358627431878843], "diversity": [6.858983560138327, 6.828138315835389, 6.865522768325399, 6.881019363513033, 6.838201363436532, 6.8461873246739735, 6.850697648477247, 6.8589470410242654, 6.759175442006251, 6.751040266296738], "discriminative_pow": [[0.8352568030099838, 0.0], [0.8411769399274648, 0.0], [0.8336959700539753, 0.0], [0.8414057646664183, 0.0], [0.840732588918048, 0.0], [0.8370559985624249, 0.0], [0.8402067210279734, 0.0], [0.8329385990527951, 0.0], [0.843530033723066, 0.0], [0.8427331998627599, 0.0]]}