{"theta": 2, "phi": 0.5, "beta": 0.05, "gamma": 0.01, "targeting_criterion": null, "verbose": false, "human_network": "follower_network.gml", "output_cascades": false, "epsilon": 0.0001, "rho": 0.8, "mu": 0.5, "sigma": 15, "graph_gml": "/N/project/simsom/simsom_v3/v3.3_10222023/data/vary_network/network_20.gml", "mode": "igraph", "n_threads": 7, "appeal_exp": 5, "quality": [0.6344515624034454, 0.6231839780198405, 0.6341833802408966, 0.6297961007775559, 0.6434156754400627, 0.6476599192208242, 0.6357771581837486, 0.6323697528190951, 0.6372416602939726, 0.6276915177990534], "diversity": [6.845870870142372, 6.85618538511577, 6.853874207704762, 6.832927728988755, 6.86454297931366, 6.834180793586801, 6.856964519340952, 6.920395033649149, 6.94912966411381, 6.774716229472892], "discriminative_pow": [[0.8375833010464651, 0.0], [0.8328390789800633, 0.0], [0.8393358673223474, 0.0], [0.8367782205868117, 0.0], [0.832669422090186, 0.0], [0.8335278024959463, 0.0], [0.8299180595071384, 0.0], [0.8376420180737338, 0.0], [0.8326754833163874, 0.0], [0.8371754666072787, 0.0]]}