{"theta": 2, "phi": 0.6000000000000001, "beta": 0.05, "gamma": 0.01, "targeting_criterion": null, "verbose": false, "human_network": "follower_network.gml", "output_cascades": false, "epsilon": 0.0001, "rho": 0.8, "mu": 0.5, "sigma": 15, "graph_gml": "/N/project/simsom/simsom_v3/v3.3_10222023/data/vary_network/network_20.gml", "mode": "igraph", "n_threads": 7, "appeal_exp": 5, "quality": [0.6276728316876267, 0.6448671212700122, 0.621996777288497, 0.6195393089385652, 0.6403823899906529], "diversity": [6.8287617858990854, 6.837353709315068, 6.8819474395137785, 6.909525439377152, 6.885057092777728], "discriminative_pow": [[0.8282119426814489, 0.0], [0.8316297220374531, 0.0], [0.8321214864728287, 0.0], [0.8318798343473494, 0.0], [0.8273008807317962, 0.0]]}