{"theta": 2, "phi": 0.7000000000000001, "beta": 0.05, "gamma": 0.01, "targeting_criterion": null, "verbose": false, "human_network": "follower_network.gml", "output_cascades": false, "epsilon": 0.0001, "rho": 0.8, "mu": 0.5, "sigma": 15, "graph_gml": "/N/project/simsom/simsom_v3/v3.3_10222023/data/vary_network/network_20.gml", "mode": "igraph", "n_threads": 7, "appeal_exp": 5, "quality": [0.6342788297271665, 0.6418377752898992, 0.6275765194263748, 0.6246979154693235, 0.6478969504667822, 0.632293646402948, 0.6238987385663454, 0.6203641286167686, 0.640362415637028, 0.632373429366581], "diversity": [6.899248049932591, 6.858428132665406, 6.843403001360294, 6.884961773943305, 6.922839926466677, 6.916657728378322, 6.951665132558659, 6.765462707636251, 6.921761002272823, 6.911056507394522], "discriminative_pow": [[0.827540849261617, 0.0], [0.8233330149936885, 0.0], [0.823854951037931, 0.0], [0.8233498251880565, 0.0], [0.8249781338011223, 0.0], [0.8255652871920978, 0.0], [0.8235077863167054, 0.0], [0.8257954782860364, 0.0], [0.8194723197335897, 0.0], [0.8230216856185465, 0.0]]}