{"theta": 2, "phi": 0.8, "beta": 0.05, "gamma": 0.01, "targeting_criterion": null, "verbose": false, "human_network": "follower_network.gml", "output_cascades": false, "epsilon": 0.0001, "rho": 0.8, "mu": 0.5, "sigma": 15, "graph_gml": "/N/project/simsom/simsom_v3/v3.3_10222023/data/vary_network/network_20.gml", "mode": "igraph", "n_threads": 7, "appeal_exp": 5, "quality": [0.63284271909543, 0.6322377533255112, 0.6312903050633569, 0.620866252774253, 0.6350508802168409, 0.6186295438660769, 0.6344703702296294, 0.6190660472515476, 0.6366599729316251, 0.6410262939643345], "diversity": [6.929270773281259, 6.9106949154759905, 6.896100983272736, 6.835894023361766, 6.8778566739095846, 6.873460860416793, 6.937151315356502, 6.8557136682718625, 6.918949854481905, 6.882958929757595], "discriminative_pow": [[0.8212539786162059, 0.0], [0.8214286310111497, 0.0], [0.8207810260316714, 0.0], [0.8153863788096458, 0.0], [0.8189127794195618, 0.0], [0.819197387999448, 0.0], [0.8210662491037491, 0.0], [0.8181738726322286, 0.0], [0.816616634310315, 0.0], [0.8173170241652311, 0.0]]}