{"theta": 2, "phi": 0.9, "beta": 0.05, "gamma": 0.01, "targeting_criterion": null, "verbose": false, "human_network": "follower_network.gml", "output_cascades": false, "epsilon": 0.0001, "rho": 0.8, "mu": 0.5, "sigma": 15, "graph_gml": "/N/project/simsom/simsom_v3/v3.3_10222023/data/vary_network/network_20.gml", "mode": "igraph", "n_threads": 7, "appeal_exp": 5, "quality": [0.6320071543333616, 0.6241830740787528, 0.6217437611639102, 0.6296041731170133, 0.631163747927542, 0.634051990648062, 0.6510026687388767, 0.6708000741082095, 0.6254103649910229, 0.6501716706318157], "diversity": [6.862009810016653, 6.887479566341795, 6.816155899821473, 6.891881625017902, 6.846308197575988, 6.931509951006862, 6.940268748061815, 6.917568560062304, 6.99131348713534, 6.918336596109841], "discriminative_pow": [[0.8181522508389107, 0.0], [0.8127559253423793, 0.0], [0.8083100828449944, 0.0], [0.8150688001380159, 0.0], [0.8144031076787099, 0.0], [0.8128145830658507, 0.0], [0.8121641916519999, 0.0], [0.8099313949794081, 0.0], [0.810772992805096, 0.0], [0.8105983159969201, 0.0]]}