{"theta": 4, "phi": 0.0, "beta": 0.05, "gamma": 0.01, "targeting_criterion": null, "verbose": false, "human_network": "follower_network.gml", "output_cascades": false, "epsilon": 0.0001, "rho": 0.8, "mu": 0.5, "sigma": 15, "graph_gml": "/N/project/simsom/simsom_v3/v3.3_10222023/data/vary_network/network_20.gml", "mode": "igraph", "n_threads": 7, "appeal_exp": 5, "quality": [0.7661928050466453, 0.7137489172202849, 0.6958847357507125, 0.728607940517686, 0.7113178256446069, 0.6887815288034721, 0.751594929244022, 0.7545839267051684, 0.7220502979631467, 0.7683135894368005], "diversity": [6.950377645994162, 6.832051241426108, 6.934322933552942, 6.815552948589471, 6.821243242005532, 6.850631791978899, 6.83946263526699, 6.855065805287076, 6.827601698628504, 6.84456398669155], "discriminative_pow": [[0.8014809081425324, 0.0], [0.8116525067322842, 0.0], [0.8110251030984004, 0.0], [0.8032077677129197, 0.0], [0.819713417896363, 0.0], [0.815870062163919, 0.0], [0.8078898479078864, 0.0], [0.8135032568680403, 0.0], [0.8137158153544432, 0.0], [0.821322338063766, 0.0]]}