{"theta": 4, "phi": 0.1, "beta": 0.05, "gamma": 0.01, "targeting_criterion": null, "verbose": false, "human_network": "follower_network.gml", "output_cascades": false, "epsilon": 0.0001, "rho": 0.8, "mu": 0.5, "sigma": 15, "graph_gml": "/N/project/simsom/simsom_v3/v3.3_10222023/data/vary_network/network_20.gml", "mode": "igraph", "n_threads": 7, "appeal_exp": 5, "quality": [0.6410277578566584, 0.6152480416802903, 0.6250519768063078, 0.6526351425123869, 0.6341019193435835, 0.6197292997310326, 0.638375503771753, 0.6487147845598132, 0.6557511491456076, 0.6320771603820992], "diversity": [6.7582335152583966, 6.692430014867137, 6.737687617116855, 6.874085399105476, 6.760832111836326, 6.639332521887313, 6.761443382735504, 6.812401365221039, 6.779472603667955, 6.707588495899852], "discriminative_pow": [[0.8486773617571046, 0.0], [0.8572455479515821, 0.0], [0.8464160381205212, 0.0], [0.8392464673271993, 0.0], [0.8439745168825576, 0.0], [0.8515810262734093, 0.0], [0.8505064919891865, 0.0], [0.8508712783774106, 0.0], [0.8395844664707025, 0.0], [0.8570869461788325, 0.0]]}