{"theta": 4, "phi": 1.0, "beta": 0.05, "gamma": 0.01, "targeting_criterion": null, "verbose": false, "human_network": "follower_network.gml", "output_cascades": false, "epsilon": 0.0001, "rho": 0.8, "mu": 0.5, "sigma": 15, "graph_gml": "/N/project/simsom/simsom_v3/v3.3_10222023/data/vary_network/network_20.gml", "mode": "igraph", "n_threads": 7, "appeal_exp": 5, "quality": [0.599928087359134, 0.621993285178001, 0.6006573328615274, 0.620480868148744, 0.6141543849636592, 0.6184716102344214, 0.6129586202727466, 0.6190818657232235, 0.6210025622321825, 0.6126185326280257], "diversity": [6.9085773390829806, 6.898512051190636, 6.876756325594892, 6.9113184408102315, 6.9737865251872755, 6.90215283988483, 6.981993876737183, 6.90839711633431, 6.934201052558852, 6.890090023126082], "discriminative_pow": [[0.8100872666704313, 0.0], [0.8072195155417966, 0.0], [0.809913290414692, 0.0], [0.807041476108643, 0.0], [0.8072250415480774, 0.0], [0.811441739212628, 0.0], [0.8076411484735615, 0.0], [0.8104816551373769, 0.0], [0.8071016151822341, 0.0], [0.8084876350488426, 0.0]]}