{"theta": 4, "phi": 0.2, "beta": 0.05, "gamma": 0.01, "targeting_criterion": null, "verbose": false, "human_network": "follower_network.gml", "output_cascades": false, "epsilon": 0.0001, "rho": 0.8, "mu": 0.5, "sigma": 15, "graph_gml": "/N/project/simsom/simsom_v3/v3.3_10222023/data/vary_network/network_20.gml", "mode": "igraph", "n_threads": 7, "appeal_exp": 5, "quality": [0.6244260531167204, 0.6191716839906545, 0.6218149492902783, 0.6111737865219675, 0.6344210857374002, 0.6413211225501689, 0.6220782250567439, 0.6228565917930798, 0.6258278608494211, 0.6180503677273925], "diversity": [6.836739471847248, 6.818949433629937, 6.701517229523439, 6.697574286043798, 6.810253725743543, 6.837759893848955, 6.757049815094527, 6.767252545373862, 6.875494305515975, 6.683211766940042], "discriminative_pow": [[0.8549479859785678, 0.0], [0.8492685719539497, 0.0], [0.8442934836741463, 0.0], [0.8518211830177, 0.0], [0.8486765605044223, 0.0], [0.8558812580815713, 0.0], [0.8559352296993659, 0.0], [0.8500186467630927, 0.0], [0.84687700103088, 0.0], [0.840697499409083, 0.0]]}