{"theta": 4, "phi": 0.30000000000000004, "beta": 0.05, "gamma": 0.01, "targeting_criterion": null, "verbose": false, "human_network": "follower_network.gml", "output_cascades": false, "epsilon": 0.0001, "rho": 0.8, "mu": 0.5, "sigma": 15, "graph_gml": "/N/project/simsom/simsom_v3/v3.3_10222023/data/vary_network/network_20.gml", "mode": "igraph", "n_threads": 7, "appeal_exp": 5, "quality": [0.6300885234356736, 0.615739975723903, 0.6245012315429551, 0.6255043102550457, 0.6235747364979163], "diversity": [6.771108923091482, 6.750242856689258, 6.745710924574527, 6.7778775551073895, 6.839683085789687], "discriminative_pow": [[0.8460054242549991, 0.0], [0.8433120822210208, 0.0], [0.8475026898989027, 0.0], [0.8475795903853266, 0.0], [0.8429037032067218, 0.0]]}