{"theta": 4, "phi": 0.4, "beta": 0.05, "gamma": 0.01, "targeting_criterion": null, "verbose": false, "human_network": "follower_network.gml", "output_cascades": false, "epsilon": 0.0001, "rho": 0.8, "mu": 0.5, "sigma": 15, "graph_gml": "/N/project/simsom/simsom_v3/v3.3_10222023/data/vary_network/network_20.gml", "mode": "igraph", "n_threads": 7, "appeal_exp": 5, "quality": [0.6160862091186593, 0.6208276850331556, 0.6139323239904895, 0.6147578309250827, 0.6100827884841169, 0.6173090190258174, 0.628377205159877, 0.6163237382859437, 0.6010285831557214, 0.6329311519339578], "diversity": [6.771350853008091, 6.801496242309755, 6.790036184428678, 6.849591147583434, 6.844589479590174, 6.844454069262635, 6.855913072478, 6.862397921423851, 6.796996531963273, 6.86818603538199], "discriminative_pow": [[0.8409727282931657, 0.0], [0.8385564347639508, 0.0], [0.836685615120606, 0.0], [0.8417755294116117, 0.0], [0.8402871997100773, 0.0], [0.8399951610202084, 0.0], [0.8375407665148025, 0.0], [0.8421806550212916, 0.0], [0.8436519790688077, 0.0], [0.838866501969825, 0.0]]}