{"theta": 4, "phi": 0.5, "beta": 0.05, "gamma": 0.01, "targeting_criterion": null, "verbose": false, "human_network": "follower_network.gml", "output_cascades": false, "epsilon": 0.0001, "rho": 0.8, "mu": 0.5, "sigma": 15, "graph_gml": "/N/project/simsom/simsom_v3/v3.3_10222023/data/vary_network/network_20.gml", "mode": "igraph", "n_threads": 7, "appeal_exp": 5, "quality": [0.6293532229908025, 0.6219230573108363, 0.6179936088275856, 0.6189033700145983, 0.6306378600757662, 0.6142959547768112, 0.6588445551457455, 0.6086561520220175, 0.63512318212077, 0.6149531759361342], "diversity": [6.8871951540833205, 6.861213129728499, 6.801094653642096, 6.916766629473734, 6.88273452406394, 6.776229056344958, 6.807250742340726, 6.8146599283599985, 6.790784551423718, 6.853388857360308], "discriminative_pow": [[0.830228990037319, 0.0], [0.8353728203277109, 0.0], [0.8394647727308999, 0.0], [0.835019837850806, 0.0], [0.8311960376408882, 0.0], [0.8374890532670887, 0.0], [0.8284043164224558, 0.0], [0.8355776089490456, 0.0], [0.8344348767865354, 0.0], [0.839961578762805, 0.0]]}