{"theta": 4, "phi": 0.6000000000000001, "beta": 0.05, "gamma": 0.01, "targeting_criterion": null, "verbose": false, "human_network": "follower_network.gml", "output_cascades": false, "epsilon": 0.0001, "rho": 0.8, "mu": 0.5, "sigma": 15, "graph_gml": "/N/project/simsom/simsom_v3/v3.3_10222023/data/vary_network/network_20.gml", "mode": "igraph", "n_threads": 7, "appeal_exp": 5, "quality": [0.6130974660994071, 0.624873762471623, 0.625645763616676, 0.6238371411913981, 0.6169470326606012, 0.6178309371816181, 0.6165782614874784, 0.6084244790640527, 0.6182571607612706, 0.6174451017722487], "diversity": [6.9255857869161535, 6.782334668526561, 6.89059044461035, 6.979585500499186, 6.926918712187534, 6.90130764026704, 6.804883753697941, 6.808439600176777, 6.921451732454192, 6.853878824040394], "discriminative_pow": [[0.829266764212015, 0.0], [0.8230679020036505, 0.0], [0.8302940416245405, 0.0], [0.8263030421443266, 0.0], [0.8278649914307994, 0.0], [0.8300207812629506, 0.0], [0.8300515640562357, 0.0], [0.8318485552666387, 0.0], [0.8298405123836639, 0.0], [0.8309588597029858, 0.0]]}