{"theta": 4, "phi": 0.7000000000000001, "beta": 0.05, "gamma": 0.01, "targeting_criterion": null, "verbose": false, "human_network": "follower_network.gml", "output_cascades": false, "epsilon": 0.0001, "rho": 0.8, "mu": 0.5, "sigma": 15, "graph_gml": "/N/project/simsom/simsom_v3/v3.3_10222023/data/vary_network/network_20.gml", "mode": "igraph", "n_threads": 7, "appeal_exp": 5, "quality": [0.6131263813474457, 0.6233227622963459, 0.6314876424826563, 0.6311824262665481, 0.6147044986611527, 0.6023502864268051, 0.6089849084688937, 0.6267790221904229, 0.6098016855759909, 0.6061863666653128], "diversity": [6.870163830664479, 6.98428675109575, 6.874409936977242, 6.908134468135945, 6.821440604171448, 6.824074288738856, 6.8547537398515885, 6.934454959312274, 6.928136902532179, 6.845918443065914], "discriminative_pow": [[0.8259612438933128, 0.0], [0.8250695701389764, 0.0], [0.8221698843042281, 0.0], [0.8202358220669516, 0.0], [0.8251377063361589, 0.0], [0.8288630923835918, 0.0], [0.8263445576403504, 0.0], [0.8282130430480982, 0.0], [0.825340808841409, 0.0], [0.8282331016510481, 0.0]]}