{"theta": 4, "phi": 0.8, "beta": 0.05, "gamma": 0.01, "targeting_criterion": null, "verbose": false, "human_network": "follower_network.gml", "output_cascades": false, "epsilon": 0.0001, "rho": 0.8, "mu": 0.5, "sigma": 15, "graph_gml": "/N/project/simsom/simsom_v3/v3.3_10222023/data/vary_network/network_20.gml", "mode": "igraph", "n_threads": 7, "appeal_exp": 5, "quality": [0.6218459761441097, 0.6130392555008388, 0.6128319817104846, 0.6121109686205491, 0.6255412643313183, 0.605476658262065, 0.6013099021008121, 0.6152145905234321, 0.6125770856295272, 0.6344210536864925], "diversity": [6.925322149467, 6.877182359413905, 6.90713799296356, 6.831961912174078, 6.961113210360665, 6.798064763497592, 6.853905337903957, 6.913763309905708, 6.899728897021802, 6.897526057778146], "discriminative_pow": [[0.8195838348015552, 0.0], [0.8199018893967626, 0.0], [0.8193031895875936, 0.0], [0.8192920000096766, 0.0], [0.8177852630500551, 0.0], [0.8182971507530493, 0.0], [0.822229156966041, 0.0], [0.8201342894849497, 0.0], [0.8162087727968714, 0.0], [0.8141150617427607, 0.0]]}