{"theta": 4, "phi": 0.9, "beta": 0.05, "gamma": 0.01, "targeting_criterion": null, "verbose": false, "human_network": "follower_network.gml", "output_cascades": false, "epsilon": 0.0001, "rho": 0.8, "mu": 0.5, "sigma": 15, "graph_gml": "/N/project/simsom/simsom_v3/v3.3_10222023/data/vary_network/network_20.gml", "mode": "igraph", "n_threads": 7, "appeal_exp": 5, "quality": [0.614592036106353, 0.6170828866556448, 0.620208621955184, 0.6073733330447416, 0.6170396275345295, 0.614096086876579, 0.6129859742907313, 0.6078919635632805, 0.6200369450140872, 0.6091792063886052], "diversity": [6.9093174453586546, 6.905449442160558, 6.8216316261854875, 6.8321461894906665, 6.912959205741442, 6.923092543309645, 6.865002584024402, 6.913846489891421, 6.843241668413153, 6.880197806721512], "discriminative_pow": [[0.8116122840246103, 0.0], [0.813836849613076, 0.0], [0.8161199963781884, 0.0], [0.818535881682576, 0.0], [0.8172207934649159, 0.0], [0.8162194297588726, 0.0], [0.8160763852966558, 0.0], [0.8163042595374135, 0.0], [0.8130612153615838, 0.0], [0.8104771024141657, 0.0]]}