{"theta": 8, "phi": 0.0, "beta": 0.05, "gamma": 0.01, "targeting_criterion": null, "verbose": false, "human_network": "follower_network.gml", "output_cascades": false, "epsilon": 0.0001, "rho": 0.8, "mu": 0.5, "sigma": 15, "graph_gml": "/N/project/simsom/simsom_v3/v3.3_10222023/data/vary_network/network_20.gml", "mode": "igraph", "n_threads": 7, "appeal_exp": 5, "quality": [0.6760224937716044, 0.6726195972336811, 0.715980592735326, 0.6825693651532264, 0.721058686810857, 0.7103390055733448, 0.7126822076442452, 0.696373232129259, 0.6916694811170929, 0.6774544101908748], "diversity": [6.88532458420262, 6.8145173511558585, 6.917779099411005, 6.8406790838603815, 6.95671398038298, 6.833224052225405, 6.831882946551356, 6.85221768118639, 6.902057313578145, 6.824765659975922], "discriminative_pow": [[0.8098415043000066, 0.0], [0.8191451975755718, 0.0], [0.8085979892684715, 0.0], [0.8077149521729379, 0.0], [0.8072709298274591, 0.0], [0.8026557692057208, 0.0], [0.8078085631531449, 0.0], [0.8169834500240204, 0.0], [0.8108485296223344, 0.0], [0.8131195823234116, 0.0]]}