{"theta": 8, "phi": 0.1, "beta": 0.05, "gamma": 0.01, "targeting_criterion": null, "verbose": false, "human_network": "follower_network.gml", "output_cascades": false, "epsilon": 0.0001, "rho": 0.8, "mu": 0.5, "sigma": 15, "graph_gml": "/N/project/simsom/simsom_v3/v3.3_10222023/data/vary_network/network_20.gml", "mode": "igraph", "n_threads": 7, "appeal_exp": 5, "quality": [0.622381160383297, 0.6087492694165421, 0.6062316225238322, 0.610120327237806, 0.6310637936247498, 0.6313147965690029, 0.6079823672404694, 0.6207919678604626, 0.6063750005873207, 0.6184462560260248], "diversity": [6.780660028073262, 6.770541199925661, 6.769072563493729, 6.679410066568116, 6.729047241849875, 6.654068356269003, 6.585126602700721, 6.765476434324679, 6.746378936774185, 6.772719057625719], "discriminative_pow": [[0.8495044659645694, 0.0], [0.8536028950337851, 0.0], [0.8530390187432203, 0.0], [0.8511412440500807, 0.0], [0.8422929008936713, 0.0], [0.8429491158553188, 0.0], [0.841203583469252, 0.0], [0.8455503812375583, 0.0], [0.8574244075548207, 0.0], [0.849643104539811, 0.0]]}