{"theta": 8, "phi": 1.0, "beta": 0.05, "gamma": 0.01, "targeting_criterion": null, "verbose": false, "human_network": "follower_network.gml", "output_cascades": false, "epsilon": 0.0001, "rho": 0.8, "mu": 0.5, "sigma": 15, "graph_gml": "/N/project/simsom/simsom_v3/v3.3_10222023/data/vary_network/network_20.gml", "mode": "igraph", "n_threads": 7, "appeal_exp": 5, "quality": [0.5898820883637478, 0.5898961202172902, 0.5976895844728036, 0.5868157624540955, 0.6029650539347884, 0.5965818001918628, 0.6177610298849979, 0.5969558123630683, 0.5898107522127767, 0.607299656414452], "diversity": [6.832053866810904, 6.845114599529618, 6.917222588021617, 6.828822449411184, 6.896703686270926, 7.005077058977599, 6.8695549351430145, 6.896216475633718, 6.890932671564287, 6.850846596216986], "discriminative_pow": [[0.813834423912043, 0.0], [0.8152229453351169, 0.0], [0.8145900447760434, 0.0], [0.8141449886000296, 0.0], [0.8121753240941225, 0.0], [0.8137237534418972, 0.0], [0.8129115880289777, 0.0], [0.8133235755663606, 0.0], [0.8172818542584606, 0.0], [0.8196658433747334, 0.0]]}