{"theta": 8, "phi": 0.2, "beta": 0.05, "gamma": 0.01, "targeting_criterion": null, "verbose": false, "human_network": "follower_network.gml", "output_cascades": false, "epsilon": 0.0001, "rho": 0.8, "mu": 0.5, "sigma": 15, "graph_gml": "/N/project/simsom/simsom_v3/v3.3_10222023/data/vary_network/network_20.gml", "mode": "igraph", "n_threads": 7, "appeal_exp": 5, "quality": [0.6063033903099743, 0.6043080058994577, 0.6185819458159029, 0.5890188256495906, 0.6079196075275757, 0.6035428638808287, 0.5922356522712852, 0.6000412976736917, 0.5882280640662819, 0.5901445568329858], "diversity": [6.673622839781037, 6.67017911861312, 6.817941818356127, 6.660405007440964, 6.696425258839094, 6.6511179797141455, 6.725335866791216, 6.765426908471891, 6.628776932850711, 6.699913974059533], "discriminative_pow": [[0.8463644224851384, 0.0], [0.8448769202440948, 0.0], [0.8533138615909368, 0.0], [0.8525332677080298, 0.0], [0.8538721620256834, 0.0], [0.8564354252066838, 0.0], [0.8542943531633305, 0.0], [0.8502357063517775, 0.0], [0.8543506738300425, 0.0], [0.8505565128312027, 0.0]]}