{"theta": 8, "phi": 0.30000000000000004, "beta": 0.05, "gamma": 0.01, "targeting_criterion": null, "verbose": false, "human_network": "follower_network.gml", "output_cascades": false, "epsilon": 0.0001, "rho": 0.8, "mu": 0.5, "sigma": 15, "graph_gml": "/N/project/simsom/simsom_v3/v3.3_10222023/data/vary_network/network_20.gml", "mode": "igraph", "n_threads": 7, "appeal_exp": 5, "quality": [0.6063241692628091, 0.6184570432600316, 0.6194422483766546, 0.5952144821493571, 0.6191503132130284, 0.6108241373478465, 0.6083784691241785, 0.5935028078305651, 0.6024367311080479, 0.6050715628886341], "diversity": [6.844568638673748, 6.7822990163450125, 6.784978467575321, 6.736356359866301, 6.80075366663913, 6.813410916982361, 6.774375205110374, 6.728799706593071, 6.820216958409743, 6.83466974588422], "discriminative_pow": [[0.845422490028803, 0.0], [0.8364251831304319, 0.0], [0.8511763458866284, 0.0], [0.850292805308211, 0.0], [0.83646186592208, 0.0], [0.8466854209775392, 0.0], [0.8438131830850804, 0.0], [0.8450663744729784, 0.0], [0.8492509718556814, 0.0], [0.8493638542991665, 0.0]]}