{"theta": 8, "phi": 0.4, "beta": 0.05, "gamma": 0.01, "targeting_criterion": null, "verbose": false, "human_network": "follower_network.gml", "output_cascades": false, "epsilon": 0.0001, "rho": 0.8, "mu": 0.5, "sigma": 15, "graph_gml": "/N/project/simsom/simsom_v3/v3.3_10222023/data/vary_network/network_20.gml", "mode": "igraph", "n_threads": 7, "appeal_exp": 5, "quality": [0.5912960269135311, 0.5911116396156658, 0.6018025009868297, 0.5969439250407097, 0.6066307513079695, 0.6090069310052698, 0.5923688486654778, 0.6029312888953727, 0.6122817764071212, 0.6006404066739243], "diversity": [6.826094104286187, 6.708129810771038, 6.791121952579218, 6.828186132305358, 6.674181541195856, 6.757208985816278, 6.75217328157037, 6.796515011990857, 6.803346010400167, 6.782032681715895], "discriminative_pow": [[0.8441670442372383, 0.0], [0.845606057894613, 0.0], [0.8450109182044188, 0.0], [0.8438278401235313, 0.0], [0.8427451785525353, 0.0], [0.8393591484355195, 0.0], [0.8414540712180211, 0.0], [0.8434528429223375, 0.0], [0.8437084246531806, 0.0], [0.8414115542689262, 0.0]]}