{"theta": 8, "phi": 0.5, "beta": 0.05, "gamma": 0.01, "targeting_criterion": null, "verbose": false, "human_network": "follower_network.gml", "output_cascades": false, "epsilon": 0.0001, "rho": 0.8, "mu": 0.5, "sigma": 15, "graph_gml": "/N/project/simsom/simsom_v3/v3.3_10222023/data/vary_network/network_20.gml", "mode": "igraph", "n_threads": 7, "appeal_exp": 5, "quality": [0.5951005513615781, 0.5935585475770837, 0.5980620362224842, 0.6049824999587172, 0.5940114353579451, 0.5905785380276678, 0.6027932857898285, 0.5926426809835029, 0.5921706856724631, 0.6032467679231919], "diversity": [6.825443408800148, 6.752126381231873, 6.891554828724145, 6.850780130384215, 6.861486638260937, 6.827873397522916, 6.804923713530358, 6.864026620522966, 6.801560281615467, 6.844641820951631], "discriminative_pow": [[0.8411594563682165, 0.0], [0.8405690618506109, 0.0], [0.8408543458825876, 0.0], [0.8407796933767235, 0.0], [0.8405397407539092, 0.0], [0.8375901129524721, 0.0], [0.83738267652773, 0.0], [0.8415124873571999, 0.0], [0.83820768634677, 0.0], [0.8414411064952861, 0.0]]}