{"theta": 8, "phi": 0.6000000000000001, "beta": 0.05, "gamma": 0.01, "targeting_criterion": null, "verbose": false, "human_network": "follower_network.gml", "output_cascades": false, "epsilon": 0.0001, "rho": 0.8, "mu": 0.5, "sigma": 15, "graph_gml": "/N/project/simsom/simsom_v3/v3.3_10222023/data/vary_network/network_20.gml", "mode": "igraph", "n_threads": 7, "appeal_exp": 5, "quality": [0.5935196614873767, 0.6017237258756167, 0.5901773992128592, 0.5958950959616497, 0.5927855638003615, 0.5990239054006113, 0.5899033165572473, 0.5988982152085404, 0.6071760503477822, 0.6012171839790958], "diversity": [6.839963008386847, 6.8212181324903005, 6.8437886797254635, 6.87649834432893, 6.885210996536144, 6.837333336096063, 6.864946204729954, 6.8172313757614775, 6.8596049749898, 6.782134910184729], "discriminative_pow": [[0.8343670386738111, 0.0], [0.8303891524962769, 0.0], [0.8344293353195738, 0.0], [0.8339146940502421, 0.0], [0.8357142005577147, 0.0], [0.8345721098524886, 0.0], [0.8306502227777256, 0.0], [0.8341317367373211, 0.0], [0.8329254716014636, 0.0], [0.8342260708509177, 0.0]]}