{"theta": 8, "phi": 0.7000000000000001, "beta": 0.05, "gamma": 0.01, "targeting_criterion": null, "verbose": false, "human_network": "follower_network.gml", "output_cascades": false, "epsilon": 0.0001, "rho": 0.8, "mu": 0.5, "sigma": 15, "graph_gml": "/N/project/simsom/simsom_v3/v3.3_10222023/data/vary_network/network_20.gml", "mode": "igraph", "n_threads": 7, "appeal_exp": 5, "quality": [0.6006306334648387, 0.60010881406893, 0.5801774591501039, 0.586968034750503, 0.5983691378619742, 0.5908289425733495, 0.5893719351277571, 0.6080489381776163, 0.5971687539935917, 0.5984245111144197], "diversity": [6.9069091398047515, 6.880196676356041, 6.856132377589748, 6.8023885112106, 6.8195685360173, 6.820021631928074, 6.862165764927996, 6.846234008027558, 6.869710938432964, 6.937048333731472], "discriminative_pow": [[0.8293492290197718, 0.0], [0.8259623882160916, 0.0], [0.8325969416855677, 0.0], [0.8307597911154008, 0.0], [0.8279865765359856, 0.0], [0.8300199827451266, 0.0], [0.8288479463813427, 0.0], [0.8271884697357658, 0.0], [0.8274034786351921, 0.0], [0.8275836573482622, 0.0]]}