{"theta": 8, "phi": 0.8, "beta": 0.05, "gamma": 0.01, "targeting_criterion": null, "verbose": false, "human_network": "follower_network.gml", "output_cascades": false, "epsilon": 0.0001, "rho": 0.8, "mu": 0.5, "sigma": 15, "graph_gml": "/N/project/simsom/simsom_v3/v3.3_10222023/data/vary_network/network_20.gml", "mode": "igraph", "n_threads": 7, "appeal_exp": 5, "quality": [0.580691762243454, 0.5963546777660791, 0.6024979717938139, 0.598381162476881, 0.5907468645053141, 0.6017430294350694, 0.5897319398508496, 0.605762936637395, 0.5949383061101458, 0.5935611031738545], "diversity": [6.858486079244209, 6.923858902601042, 6.905612694593209, 6.867095768234898, 6.902507937326427, 6.880211904044318, 6.8454197330164845, 6.881551096898406, 6.861363045530603, 6.841769318683927], "discriminative_pow": [[0.8273368317334117, 0.0], [0.8237447501372338, 0.0], [0.8219784126259156, 0.0], [0.822601628592197, 0.0], [0.8219838084309419, 0.0], [0.8229077783587798, 0.0], [0.8239966353683015, 0.0], [0.8215619130257563, 0.0], [0.8238586429886101, 0.0], [0.8269385767251868, 0.0]]}