{"theta": 8, "phi": 0.9, "beta": 0.05, "gamma": 0.01, "targeting_criterion": null, "verbose": false, "human_network": "follower_network.gml", "output_cascades": false, "epsilon": 0.0001, "rho": 0.8, "mu": 0.5, "sigma": 15, "graph_gml": "/N/project/simsom/simsom_v3/v3.3_10222023/data/vary_network/network_20.gml", "mode": "igraph", "n_threads": 7, "appeal_exp": 5, "quality": [0.5695460491567796, 0.5917552348248315, 0.5878904627317684, 0.6029719040554135, 0.5838138870806084, 0.5855848785528649, 0.5994543245137901, 0.5809985328256156, 0.5960188952621728, 0.5929048388316784], "diversity": [6.9341746660989525, 6.901454888505118, 6.780170066117257, 6.934973930333027, 6.900625448605107, 6.8802664081496925, 6.937930286859686, 6.90170987345097, 6.823946761540635, 6.873424271329946], "discriminative_pow": [[0.823214636494826, 0.0], [0.8208303737782375, 0.0], [0.8189694170169476, 0.0], [0.8184325911545446, 0.0], [0.8167085732410171, 0.0], [0.8187905762589607, 0.0], [0.8204313482432726, 0.0], [0.8209188368191627, 0.0], [0.8188892034286911, 0.0], [0.8161941134905771, 0.0]]}