{"theta": 16, "phi": 0.0, "beta": 0.05, "gamma": 0.01, "targeting_criterion": null, "verbose": false, "human_network": "follower_network.gml", "output_cascades": false, "epsilon": 0.0001, "rho": 0.8, "mu": 0.5, "sigma": 15, "graph_gml": "/N/project/simsom/simsom_v3/v3.3_10222023/data/vary_network/network_20.gml", "mode": "igraph", "n_threads": 7, "appeal_exp": 5, "quality": [0.678986610536182, 0.6737847076092743, 0.6580373515091668, 0.6332920217881203, 0.6938484200471086, 0.6353556864416674, 0.6351802648395347, 0.7052683222928907, 0.6304961145478264, 0.6770235121197421], "diversity": [6.821846151467801, 6.769835208339519, 6.876537927915676, 6.814872118199551, 6.776542769291561, 6.828561911907716, 6.776337650419416, 6.815792720825275, 6.810526623475553, 6.834867958682764], "discriminative_pow": [[0.8077927284014698, 0.0], [0.807129053607452, 0.0], [0.8125440504075996, 0.0], [0.8160900701631905, 0.0], [0.8101976906791858, 0.0], [0.8123683533807448, 0.0], [0.8121447341583335, 0.0], [0.8050651070777103, 0.0], [0.8143716699621951, 0.0], [0.8094572569099568, 0.0]]}