{"theta": 16, "phi": 0.1, "beta": 0.05, "gamma": 0.01, "targeting_criterion": null, "verbose": false, "human_network": "follower_network.gml", "output_cascades": false, "epsilon": 0.0001, "rho": 0.8, "mu": 0.5, "sigma": 15, "graph_gml": "/N/project/simsom/simsom_v3/v3.3_10222023/data/vary_network/network_20.gml", "mode": "igraph", "n_threads": 7, "appeal_exp": 5, "quality": [0.5916169298401512, 0.6007287695383668, 0.583474640696986, 0.5981394382648888, 0.6064640037917318, 0.6028644066234332, 0.5933208838063674, 0.5890012515022893, 0.612752551469346, 0.5982517610520207], "diversity": [6.725891139293358, 6.726431175640412, 6.5878531187401865, 6.630294691796367, 6.718796321816294, 6.674369354204729, 6.660319970194023, 6.71586284136297, 6.679631588430726, 6.663835942514626], "discriminative_pow": [[0.8532010491957064, 0.0], [0.8513588662697864, 0.0], [0.8528775959877687, 0.0], [0.8463073522444875, 0.0], [0.8454799828918865, 0.0], [0.8524471851817007, 0.0], [0.8544267357388731, 0.0], [0.8522927758913432, 0.0], [0.855178727720011, 0.0], [0.8523127395742316, 0.0]]}