{"theta": 16, "phi": 1.0, "beta": 0.05, "gamma": 0.01, "targeting_criterion": null, "verbose": false, "human_network": "follower_network.gml", "output_cascades": false, "epsilon": 0.0001, "rho": 0.8, "mu": 0.5, "sigma": 15, "graph_gml": "/N/project/simsom/simsom_v3/v3.3_10222023/data/vary_network/network_20.gml", "mode": "igraph", "n_threads": 7, "appeal_exp": 5, "quality": [0.5654264544421925, 0.574969729028639, 0.5659375215009408, 0.5811187441589812, 0.5605661998148276, 0.5613313069992322, 0.5684843608597152, 0.5726406366506324, 0.5807954564307855, 0.5726680243515975], "diversity": [6.908590769452967, 6.865970776604653, 6.893494494857338, 6.880859231105431, 6.773673296319879, 6.814582152370728, 6.730671795794837, 6.923626415925064, 6.905410126258748, 6.974928691507424], "discriminative_pow": [[0.8219095972226352, 0.0], [0.8208412316790865, 0.0], [0.8209563984836072, 0.0], [0.8257652440718223, 0.0], [0.8197408950154307, 0.0], [0.8235985316317981, 0.0], [0.8198971592891803, 0.0], [0.8170350106173488, 0.0], [0.822066260569638, 0.0], [0.8205965977066253, 0.0]]}