{"theta": 16, "phi": 0.2, "beta": 0.05, "gamma": 0.01, "targeting_criterion": null, "verbose": false, "human_network": "follower_network.gml", "output_cascades": false, "epsilon": 0.0001, "rho": 0.8, "mu": 0.5, "sigma": 15, "graph_gml": "/N/project/simsom/simsom_v3/v3.3_10222023/data/vary_network/network_20.gml", "mode": "igraph", "n_threads": 7, "appeal_exp": 5, "quality": [0.5989284237706882, 0.5817273406276348, 0.5798786450451635, 0.5996662038566118, 0.6151962797958737, 0.5887255348188545, 0.5838077038495645, 0.5994734255570656, 0.5971618667857828, 0.6012298926689342], "diversity": [6.702972099570532, 6.714571233015095, 6.712206244330802, 6.647131898505818, 6.736738951820745, 6.683457657664167, 6.636316455557784, 6.700609973791834, 6.699511774851712, 6.797309914489624], "discriminative_pow": [[0.8472037879401352, 0.0], [0.8463645888628698, 0.0], [0.847440206393412, 0.0], [0.8535552179909822, 0.0], [0.8456913009889836, 0.0], [0.8576595219304896, 0.0], [0.8535376880816596, 0.0], [0.8509995647805187, 0.0], [0.8561860384151583, 0.0], [0.854552567869803, 0.0]]}