{"theta": 16, "phi": 0.30000000000000004, "beta": 0.05, "gamma": 0.01, "targeting_criterion": null, "verbose": false, "human_network": "follower_network.gml", "output_cascades": false, "epsilon": 0.0001, "rho": 0.8, "mu": 0.5, "sigma": 15, "graph_gml": "/N/project/simsom/simsom_v3/v3.3_10222023/data/vary_network/network_20.gml", "mode": "igraph", "n_threads": 7, "appeal_exp": 5, "quality": [0.5856197343989502, 0.5826957964139067, 0.5957885145613127, 0.5771513584138361, 0.5743523947218339, 0.5826172593913128, 0.5916927833189548, 0.5850687758061393, 0.592959817619882, 0.5805841656731381], "diversity": [6.696636504493569, 6.796195408253146, 6.659461372617712, 6.67118580247756, 6.727974924778463, 6.715301114480765, 6.81099982606029, 6.705427548036055, 6.765057770253737, 6.715598695934702], "discriminative_pow": [[0.8479571495037365, 0.0], [0.8454383431509255, 0.0], [0.8518442775226214, 0.0], [0.8501518998822709, 0.0], [0.8479693153009128, 0.0], [0.8428085358150096, 0.0], [0.8522779390661128, 0.0], [0.8502286513574908, 0.0], [0.8463160233503615, 0.0], [0.8522197026370034, 0.0]]}