{"theta": 16, "phi": 0.4, "beta": 0.05, "gamma": 0.01, "targeting_criterion": null, "verbose": false, "human_network": "follower_network.gml", "output_cascades": false, "epsilon": 0.0001, "rho": 0.8, "mu": 0.5, "sigma": 15, "graph_gml": "/N/project/simsom/simsom_v3/v3.3_10222023/data/vary_network/network_20.gml", "mode": "igraph", "n_threads": 7, "appeal_exp": 5, "quality": [0.5773589265620338, 0.5674257629884948, 0.5784807786294373, 0.5775385827669893, 0.5836704274000198, 0.5810996422602109, 0.5840346894021102, 0.581747053768275, 0.5759974091464247, 0.5798683596349152], "diversity": [6.760322087539977, 6.6261858998248835, 6.813323959356982, 6.752248734353788, 6.7494626669312066, 6.749107340601345, 6.727118978630818, 6.761377211411661, 6.76137281509335, 6.772681263020246], "discriminative_pow": [[0.8499339392196531, 0.0], [0.8453825160976454, 0.0], [0.8456359288586819, 0.0], [0.8488943032996857, 0.0], [0.8471506381304795, 0.0], [0.8462015433785876, 0.0], [0.8469753199676489, 0.0], [0.8485549798522983, 0.0], [0.8475199718279905, 0.0], [0.8481032441524048, 0.0]]}