{"theta": 16, "phi": 0.5, "beta": 0.05, "gamma": 0.01, "targeting_criterion": null, "verbose": false, "human_network": "follower_network.gml", "output_cascades": false, "epsilon": 0.0001, "rho": 0.8, "mu": 0.5, "sigma": 15, "graph_gml": "/N/project/simsom/simsom_v3/v3.3_10222023/data/vary_network/network_20.gml", "mode": "igraph", "n_threads": 7, "appeal_exp": 5, "quality": [0.5779128583881114, 0.5748023943107072, 0.5847144499640657, 0.5668889882671645, 0.5793571879293825, 0.5779662461172095, 0.5705931493702638, 0.5865668150222635, 0.5692139399082977, 0.5798096681548727], "diversity": [6.849536348534258, 6.662516388582516, 6.7899069388198265, 6.779199830431725, 6.817903002691747, 6.7630535735621535, 6.786661261005582, 6.77783176012454, 6.695416364111919, 6.815066393712122], "discriminative_pow": [[0.8426816574853765, 0.0], [0.8412763869279418, 0.0], [0.8422016731700115, 0.0], [0.8424165476348241, 0.0], [0.8385784334986277, 0.0], [0.840302556153557, 0.0], [0.8436095395944494, 0.0], [0.8430090181490462, 0.0], [0.8397862746604876, 0.0], [0.8417262499363397, 0.0]]}