{"theta": 16, "phi": 0.6000000000000001, "beta": 0.05, "gamma": 0.01, "targeting_criterion": null, "verbose": false, "human_network": "follower_network.gml", "output_cascades": false, "epsilon": 0.0001, "rho": 0.8, "mu": 0.5, "sigma": 15, "graph_gml": "/N/project/simsom/simsom_v3/v3.3_10222023/data/vary_network/network_20.gml", "mode": "igraph", "n_threads": 7, "appeal_exp": 5, "quality": [0.5713177860111833, 0.5649439605698119, 0.5813368873374175, 0.5835177798182986, 0.5861349358107638, 0.5755471569048252, 0.5750642962703868, 0.5770834228939637, 0.5779660353380978, 0.5723726622825718], "diversity": [6.82933112273443, 6.898485025885049, 6.750651941643831, 6.871463214133918, 6.729899039257004, 6.857881491908657, 6.8782965524725705, 6.886673105490926, 6.851366901773442, 6.820720027092923], "discriminative_pow": [[0.8371333688737772, 0.0], [0.8387384339870599, 0.0], [0.8366317701663706, 0.0], [0.8367177964558304, 0.0], [0.8373979394504815, 0.0], [0.8369571892445441, 0.0], [0.8334727502427581, 0.0], [0.8370239350532849, 0.0], [0.8381671270666146, 0.0], [0.8388268387173943, 0.0]]}