{"theta": 16, "phi": 0.7000000000000001, "beta": 0.05, "gamma": 0.01, "targeting_criterion": null, "verbose": false, "human_network": "follower_network.gml", "output_cascades": false, "epsilon": 0.0001, "rho": 0.8, "mu": 0.5, "sigma": 15, "graph_gml": "/N/project/simsom/simsom_v3/v3.3_10222023/data/vary_network/network_20.gml", "mode": "igraph", "n_threads": 7, "appeal_exp": 5, "quality": [0.5755127966522153, 0.5761464205648479, 0.5859473593376988, 0.5846146922103375, 0.5832472700888329, 0.5670860343940682, 0.5705947546592365, 0.5723110792115658, 0.5930998597537783, 0.5742408414555078], "diversity": [6.852420042252152, 6.8161484635127, 6.967077177712262, 6.791890689982569, 6.793194306010039, 6.86277307924006, 6.843830253760121, 6.847408881496692, 6.823524991791134, 6.8385328236045755], "discriminative_pow": [[0.8347249765848622, 0.0], [0.8307849804362952, 0.0], [0.8350344547975944, 0.0], [0.8324534064754266, 0.0], [0.832965167558031, 0.0], [0.8338600851857227, 0.0], [0.8356068546726365, 0.0], [0.8346240292995135, 0.0], [0.8301008257448748, 0.0], [0.8333300203297468, 0.0]]}