{"theta": 16, "phi": 0.8, "beta": 0.05, "gamma": 0.01, "targeting_criterion": null, "verbose": false, "human_network": "follower_network.gml", "output_cascades": false, "epsilon": 0.0001, "rho": 0.8, "mu": 0.5, "sigma": 15, "graph_gml": "/N/project/simsom/simsom_v3/v3.3_10222023/data/vary_network/network_20.gml", "mode": "igraph", "n_threads": 7, "appeal_exp": 5, "quality": [0.570314465457013, 0.5703007350685546, 0.5676032342951437, 0.5681102310010651, 0.5739061746642157, 0.5780538657277258, 0.5686365091562801, 0.5689173779154802, 0.5690250021508482, 0.5739928678221297], "diversity": [6.98901482763524, 6.91994828299213, 6.713422549073208, 6.862888754778059, 6.868024550724053, 6.794265619399312, 6.827012397154572, 6.819130587470081, 6.846377131233661, 6.922357739808959], "discriminative_pow": [[0.8278077784147989, 0.0], [0.8299633008425172, 0.0], [0.8282395522936664, 0.0], [0.8310525792176293, 0.0], [0.8282999013285984, 0.0], [0.829676779784714, 0.0], [0.828919210649813, 0.0], [0.8312570135962398, 0.0], [0.8269072114661503, 0.0], [0.8283777113850798, 0.0]]}