{"theta": 16, "phi": 0.9, "beta": 0.05, "gamma": 0.01, "targeting_criterion": null, "verbose": false, "human_network": "follower_network.gml", "output_cascades": false, "epsilon": 0.0001, "rho": 0.8, "mu": 0.5, "sigma": 15, "graph_gml": "/N/project/simsom/simsom_v3/v3.3_10222023/data/vary_network/network_20.gml", "mode": "igraph", "n_threads": 7, "appeal_exp": 5, "quality": [0.558770360351927, 0.5734330399838811, 0.5613849406313732, 0.5819081115492382, 0.5778383491748332, 0.5741704301521244, 0.583567637295337, 0.5719634899828628, 0.5789063666176868, 0.5786254496679537], "diversity": [6.836476078589108, 6.765671271003038, 6.862254811459989, 6.867948597262226, 6.915214271055757, 6.851659065947766, 6.778103146786546, 6.7807795617630315, 6.900620501730728, 6.776931160408644], "discriminative_pow": [[0.8262689161465644, 0.0], [0.8252378865089375, 0.0], [0.8249714919950522, 0.0], [0.8219909323661003, 0.0], [0.8239140608465724, 0.0], [0.8260307774819303, 0.0], [0.8261820199900346, 0.0], [0.8255665309216398, 0.0], [0.822108388647792, 0.0], [0.8252635638172201, 0.0]]}