{"theta": 32, "phi": 0.0, "beta": 0.05, "gamma": 0.01, "targeting_criterion": null, "verbose": false, "human_network": "follower_network.gml", "output_cascades": false, "epsilon": 0.0001, "rho": 0.8, "mu": 0.5, "sigma": 15, "graph_gml": "/N/project/simsom/simsom_v3/v3.3_10222023/data/vary_network/network_20.gml", "mode": "igraph", "n_threads": 7, "appeal_exp": 5, "quality": [0.657099570667371, 0.6055938532700875, 0.6061233743284126, 0.6213395546176742, 0.6212559760135647, 0.5939669375307812, 0.6536998782317891, 0.6208595134674539, 0.6266881144766112, 0.6285062216793711], "diversity": [6.880706212366343, 6.791775490984317, 6.7767725527584, 6.737463053468508, 6.7581936754114835, 6.734540773124335, 6.830931219090822, 6.7121014689334855, 6.80489520222919, 6.739755539709572], "discriminative_pow": [[0.8120181235771167, 0.0], [0.8188728060806706, 0.0], [0.8158386953966676, 0.0], [0.819043030849318, 0.0], [0.8164394480118131, 0.0], [0.8182927389439213, 0.0], [0.8144559779526448, 0.0], [0.8148596293475701, 0.0], [0.8114057701909732, 0.0], [0.8125059846794607, 0.0]]}