{"theta": 32, "phi": 0.1, "beta": 0.05, "gamma": 0.01, "targeting_criterion": null, "verbose": false, "human_network": "follower_network.gml", "output_cascades": false, "epsilon": 0.0001, "rho": 0.8, "mu": 0.5, "sigma": 15, "graph_gml": "/N/project/simsom/simsom_v3/v3.3_10222023/data/vary_network/network_20.gml", "mode": "igraph", "n_threads": 7, "appeal_exp": 5, "quality": [0.5940439463894847, 0.6144943862036192, 0.583926575215374, 0.5887946561772605, 0.5869644490324466, 0.5677510343578404, 0.5830412194387392, 0.5878227603330244, 0.5915376846639078, 0.5796053636533869], "diversity": [6.699739977623427, 6.777509451941011, 6.624429292491039, 6.65297544493232, 6.568604922751008, 6.5224027582668835, 6.6859434000373135, 6.732498228523772, 6.615768779366025, 6.663001115911973], "discriminative_pow": [[0.8548163430641462, 0.0], [0.845763595802322, 0.0], [0.844513621352766, 0.0], [0.8472235379238803, 0.0], [0.8548448025076528, 0.0], [0.8518763577851063, 0.0], [0.8534952698099373, 0.0], [0.8535129417875412, 0.0], [0.8486781445564079, 0.0], [0.8431317183742024, 0.0]]}