{"theta": 32, "phi": 1.0, "beta": 0.05, "gamma": 0.01, "targeting_criterion": null, "verbose": false, "human_network": "follower_network.gml", "output_cascades": false, "epsilon": 0.0001, "rho": 0.8, "mu": 0.5, "sigma": 15, "graph_gml": "/N/project/simsom/simsom_v3/v3.3_10222023/data/vary_network/network_20.gml", "mode": "igraph", "n_threads": 7, "appeal_exp": 5, "quality": [0.5472917438923428, 0.5578632338535581, 0.5448025846580723, 0.5467025355561597, 0.5598655846504023, 0.5628125855519157, 0.5461219998092767, 0.5424105747566944, 0.5530594250929579, 0.5410155826614335], "diversity": [6.868083227629363, 6.822394894400359, 6.7772753581298835, 6.832660702497633, 6.823461583869074, 6.934369645651386, 6.856573141705996, 6.835046701659951, 6.881541661966661, 6.826850091128504], "discriminative_pow": [[0.8239237278837975, 0.0], [0.827893313615637, 0.0], [0.8230927542928961, 0.0], [0.8254604109691048, 0.0], [0.8263240613972279, 0.0], [0.825489247984605, 0.0], [0.8289774793851579, 0.0], [0.8265748230464216, 0.0], [0.8254687368390484, 0.0], [0.8285846276832998, 0.0]]}