{"theta": 32, "phi": 0.2, "beta": 0.05, "gamma": 0.01, "targeting_criterion": null, "verbose": false, "human_network": "follower_network.gml", "output_cascades": false, "epsilon": 0.0001, "rho": 0.8, "mu": 0.5, "sigma": 15, "graph_gml": "/N/project/simsom/simsom_v3/v3.3_10222023/data/vary_network/network_20.gml", "mode": "igraph", "n_threads": 7, "appeal_exp": 5, "quality": [0.5704631635343319, 0.5768244356554967, 0.5753576743534428, 0.590406240297123, 0.5905160170240112, 0.568412524915904, 0.5738598737207106, 0.5707402281483022, 0.5806548650805314, 0.5671309940446272], "diversity": [6.680954743798951, 6.707565839651709, 6.6398352064133075, 6.758860821441995, 6.715843743452313, 6.638719927576797, 6.596143457767199, 6.588394783595207, 6.717830147306525, 6.638787385505031], "discriminative_pow": [[0.8545625435330344, 0.0], [0.8574434733198391, 0.0], [0.8504156053640077, 0.0], [0.8532476721810923, 0.0], [0.8480414203866716, 0.0], [0.8551688712705989, 0.0], [0.8551565847370176, 0.0], [0.8522976823757704, 0.0], [0.8552128330726683, 0.0], [0.8517576146522471, 0.0]]}