{"theta": 32, "phi": 0.30000000000000004, "beta": 0.05, "gamma": 0.01, "targeting_criterion": null, "verbose": false, "human_network": "follower_network.gml", "output_cascades": false, "epsilon": 0.0001, "rho": 0.8, "mu": 0.5, "sigma": 15, "graph_gml": "/N/project/simsom/simsom_v3/v3.3_10222023/data/vary_network/network_20.gml", "mode": "igraph", "n_threads": 7, "appeal_exp": 5, "quality": [0.5604935424846688, 0.5647262409667538, 0.5650185844200366, 0.5573253248908779, 0.5676385954268988, 0.5817113006310926, 0.5606123546173553, 0.5745981540639695, 0.5599506027307102, 0.5646364957106313], "diversity": [6.8310857935982074, 6.696199997897364, 6.666897882208787, 6.7115227092595, 6.746594353552747, 6.771059796372971, 6.63604485615895, 6.731073088797556, 6.635487842769502, 6.654879868067191], "discriminative_pow": [[0.8529161702218812, 0.0], [0.8538108533773633, 0.0], [0.853309325047258, 0.0], [0.8560626823483578, 0.0], [0.856551295115761, 0.0], [0.8454207674772556, 0.0], [0.8539964762657319, 0.0], [0.8475926908816414, 0.0], [0.8524259407906133, 0.0], [0.8544659674912828, 0.0]]}