{"theta": 32, "phi": 0.4, "beta": 0.05, "gamma": 0.01, "targeting_criterion": null, "verbose": false, "human_network": "follower_network.gml", "output_cascades": false, "epsilon": 0.0001, "rho": 0.8, "mu": 0.5, "sigma": 15, "graph_gml": "/N/project/simsom/simsom_v3/v3.3_10222023/data/vary_network/network_20.gml", "mode": "igraph", "n_threads": 7, "appeal_exp": 5, "quality": [0.5531899504571818, 0.5530234667464424, 0.5535875096046585, 0.5642923442868788, 0.5498107115960919, 0.5605626402033856, 0.5610363499657511, 0.5611080594960579, 0.5662789492245648, 0.5519786587284976], "diversity": [6.736743776081971, 6.775211738366276, 6.782009653662631, 6.7460577188616675, 6.746304833672153, 6.824714708047875, 6.706377673515705, 6.743458373713415, 6.71102590174177, 6.672044062704035], "discriminative_pow": [[0.8509982598671509, 0.0], [0.8497668927275494, 0.0], [0.8504307901156117, 0.0], [0.844257382108718, 0.0], [0.8499254560652767, 0.0], [0.8502700318019858, 0.0], [0.8477249199043562, 0.0], [0.8490024938985572, 0.0], [0.847714662888888, 0.0], [0.8508326974136372, 0.0]]}