{"theta": 32, "phi": 0.5, "beta": 0.05, "gamma": 0.01, "targeting_criterion": null, "verbose": false, "human_network": "follower_network.gml", "output_cascades": false, "epsilon": 0.0001, "rho": 0.8, "mu": 0.5, "sigma": 15, "graph_gml": "/N/project/simsom/simsom_v3/v3.3_10222023/data/vary_network/network_20.gml", "mode": "igraph", "n_threads": 7, "appeal_exp": 5, "quality": [0.5473222307547404, 0.5564306559303116, 0.5561506660181235, 0.5564705785673186, 0.556491658264311, 0.5811443038513726, 0.564275607144655, 0.5621196661378632, 0.5619645858948449, 0.5549732782899989], "diversity": [6.656941805237102, 6.81713233639098, 6.755757843576774, 6.757586893137977, 6.819414812250056, 6.787260116529864, 6.760219819855691, 6.787259921211836, 6.7950951898565535, 6.778448242737387], "discriminative_pow": [[0.8478447476834191, 0.0], [0.8460834454220034, 0.0], [0.8416316451026009, 0.0], [0.8439146452701766, 0.0], [0.8464999831312887, 0.0], [0.8409173871883491, 0.0], [0.8456683267654809, 0.0], [0.8463937081949051, 0.0], [0.8436919751428273, 0.0], [0.8452138745330536, 0.0]]}