{"theta": 32, "phi": 0.6000000000000001, "beta": 0.05, "gamma": 0.01, "targeting_criterion": null, "verbose": false, "human_network": "follower_network.gml", "output_cascades": false, "epsilon": 0.0001, "rho": 0.8, "mu": 0.5, "sigma": 15, "graph_gml": "/N/project/simsom/simsom_v3/v3.3_10222023/data/vary_network/network_20.gml", "mode": "igraph", "n_threads": 7, "appeal_exp": 5, "quality": [0.5425737927950532, 0.562943813580178, 0.5611336217404377, 0.5502098118540846, 0.5741960987584064, 0.5630198340484577, 0.5525082388046859, 0.5535105929374335, 0.5442728941493262, 0.5590533789912453], "diversity": [6.738609525238699, 6.825749031862288, 6.740620166197981, 6.757681819767872, 6.814091432612947, 6.886740976969293, 6.810041202205472, 6.7047561449650335, 6.763797741106494, 6.687200779762313], "discriminative_pow": [[0.8425636587205798, 0.0], [0.8436234542265859, 0.0], [0.839353800621013, 0.0], [0.843249631148198, 0.0], [0.8422882947282379, 0.0], [0.8398327115634381, 0.0], [0.8423148415992727, 0.0], [0.8426093770277058, 0.0], [0.8441607780117669, 0.0], [0.8367458536090739, 0.0]]}