{"theta": 32, "phi": 0.7000000000000001, "beta": 0.05, "gamma": 0.01, "targeting_criterion": null, "verbose": false, "human_network": "follower_network.gml", "output_cascades": false, "epsilon": 0.0001, "rho": 0.8, "mu": 0.5, "sigma": 15, "graph_gml": "/N/project/simsom/simsom_v3/v3.3_10222023/data/vary_network/network_20.gml", "mode": "igraph", "n_threads": 7, "appeal_exp": 5, "quality": [0.5457486968952275, 0.5501083263328651, 0.5561661908495342, 0.5414623599886362, 0.5495454176584624, 0.5479381323843828, 0.5599900573695024, 0.5618854063919667, 0.554936904992865, 0.5506687475328585], "diversity": [6.8023863520641425, 6.776826598554261, 6.890400628036226, 6.741745492305544, 6.803752582323691, 6.780386248224684, 6.754962731625595, 6.745505238220874, 6.747968760242744, 6.833230679434208], "discriminative_pow": [[0.8360669199606235, 0.0], [0.8388004030698902, 0.0], [0.8380561303557365, 0.0], [0.8390135009091345, 0.0], [0.8362470983147445, 0.0], [0.8362000266787551, 0.0], [0.838667267659015, 0.0], [0.8369607683240868, 0.0], [0.8372971473236843, 0.0], [0.838609088524187, 0.0]]}