{"theta": 32, "phi": 0.8, "beta": 0.05, "gamma": 0.01, "targeting_criterion": null, "verbose": false, "human_network": "follower_network.gml", "output_cascades": false, "epsilon": 0.0001, "rho": 0.8, "mu": 0.5, "sigma": 15, "graph_gml": "/N/project/simsom/simsom_v3/v3.3_10222023/data/vary_network/network_20.gml", "mode": "igraph", "n_threads": 7, "appeal_exp": 5, "quality": [0.5532171450298621, 0.5551264049331212, 0.5603721208778463, 0.5425733150314628, 0.5601851297884558, 0.5435103297010191, 0.5464455806486856, 0.5505404793563214, 0.5479511513148281, 0.5565383177332683], "diversity": [6.764902461616238, 6.851275714506886, 6.845951570764302, 6.772230813362315, 6.839081805182461, 6.821979476389959, 6.850294500560427, 6.8014109598980035, 6.7191925353395785, 6.759547642141309], "discriminative_pow": [[0.8323080339836549, 0.0], [0.8327788241905427, 0.0], [0.8337843420912061, 0.0], [0.835621806092978, 0.0], [0.8330832553346146, 0.0], [0.8353335322468556, 0.0], [0.8358044671596574, 0.0], [0.8338849721486443, 0.0], [0.8345140706778347, 0.0], [0.8325953753631148, 0.0]]}