{"theta": 32, "phi": 0.9, "beta": 0.05, "gamma": 0.01, "targeting_criterion": null, "verbose": false, "human_network": "follower_network.gml", "output_cascades": false, "epsilon": 0.0001, "rho": 0.8, "mu": 0.5, "sigma": 15, "graph_gml": "/N/project/simsom/simsom_v3/v3.3_10222023/data/vary_network/network_20.gml", "mode": "igraph", "n_threads": 7, "appeal_exp": 5, "quality": [0.5456313982038958, 0.5551819687215309, 0.552667690647462, 0.553662709688183, 0.5467958856826022, 0.5484321069706206, 0.5520890313334794, 0.5482557416839693, 0.5511187565887055, 0.5449355288974268], "diversity": [6.832136383324978, 6.82838425512237, 6.9034471543161775, 6.833430283905763, 6.811027893511662, 6.893022347563833, 6.798441711590493, 6.852624535141761, 6.787890562760577, 6.812205859976785], "discriminative_pow": [[0.8328079791936067, 0.0], [0.833009533213994, 0.0], [0.8305631019915255, 0.0], [0.8322198973039305, 0.0], [0.829860346809893, 0.0], [0.8287503803678409, 0.0], [0.8297624439317349, 0.0], [0.8314110307377371, 0.0], [0.8306135090067961, 0.0], [0.8286643269158377, 0.0]]}