{"theta": 64, "phi": 0.0, "beta": 0.05, "gamma": 0.01, "targeting_criterion": null, "verbose": false, "human_network": "follower_network.gml", "output_cascades": false, "epsilon": 0.0001, "rho": 0.8, "mu": 0.5, "sigma": 15, "graph_gml": "/N/project/simsom/simsom_v3/v3.3_10222023/data/vary_network/network_20.gml", "mode": "igraph", "n_threads": 7, "appeal_exp": 5, "quality": [0.6255539253820517, 0.6192590044984195, 0.6542493267359604, 0.596261029352364, 0.6279950108133889, 0.6277813035927003, 0.5886242143966487, 0.6207464885633394, 0.5987030804030601, 0.5968586375233472], "diversity": [6.867374663273338, 6.824752491517119, 6.880100167354836, 6.711943108256438, 6.839186812759164, 6.870540955250102, 6.7596222197905025, 6.767277366435705, 6.75042036143486, 6.694193410355622], "discriminative_pow": [[0.8209719558174803, 0.0], [0.8222424892708543, 0.0], [0.8180525026257351, 0.0], [0.8228790141835373, 0.0], [0.8175956459879334, 0.0], [0.8196692842722892, 0.0], [0.8241640466871667, 0.0], [0.815025165634715, 0.0], [0.8195461636901816, 0.0], [0.8132868649232464, 0.0]]}