{"theta": 64, "phi": 0.1, "beta": 0.05, "gamma": 0.01, "targeting_criterion": null, "verbose": false, "human_network": "follower_network.gml", "output_cascades": false, "epsilon": 0.0001, "rho": 0.8, "mu": 0.5, "sigma": 15, "graph_gml": "/N/project/simsom/simsom_v3/v3.3_10222023/data/vary_network/network_20.gml", "mode": "igraph", "n_threads": 7, "appeal_exp": 5, "quality": [0.5586411566148946, 0.5817238406931716, 0.5495826777078919, 0.5961595643008122, 0.5877615031032494], "diversity": [6.622328145128744, 6.709194400917234, 6.6373284731849775, 6.613677944209201, 6.724674440881215], "discriminative_pow": [[0.8509346201727805, 0.0], [0.8574898750513151, 0.0], [0.8496631331477336, 0.0], [0.848995815253341, 0.0], [0.8529409915035325, 0.0]]}