{"theta": 64, "phi": 1.0, "beta": 0.05, "gamma": 0.01, "targeting_criterion": null, "verbose": false, "human_network": "follower_network.gml", "output_cascades": false, "epsilon": 0.0001, "rho": 0.8, "mu": 0.5, "sigma": 15, "graph_gml": "/N/project/simsom/simsom_v3/v3.3_10222023/data/vary_network/network_20.gml", "mode": "igraph", "n_threads": 7, "appeal_exp": 5, "quality": [0.5237936379371987, 0.538759732364514, 0.548469790362392, 0.5306280797573559, 0.5264923047164468, 0.5268120587712344, 0.5284459777505638, 0.5287647010960845, 0.5289532480891913, 0.5188566057826178], "diversity": [6.817960837975716, 6.859259286560829, 6.778161382632103, 6.824993057410995, 6.866897090381267, 6.8263849070376965, 6.8909914416785725, 6.79997369841925, 6.731380472241252, 6.758859109233962], "discriminative_pow": [[0.8280987170366929, 0.0], [0.8287049221063604, 0.0], [0.829930552554385, 0.0], [0.830375745072692, 0.0], [0.8308127669580542, 0.0], [0.8307693884550752, 0.0], [0.8305069029214263, 0.0], [0.8321318177133726, 0.0], [0.8312531741784566, 0.0], [0.828675669663679, 0.0]]}