{"theta": 64, "phi": 0.2, "beta": 0.05, "gamma": 0.01, "targeting_criterion": null, "verbose": false, "human_network": "follower_network.gml", "output_cascades": false, "epsilon": 0.0001, "rho": 0.8, "mu": 0.5, "sigma": 15, "graph_gml": "/N/project/simsom/simsom_v3/v3.3_10222023/data/vary_network/network_20.gml", "mode": "igraph", "n_threads": 7, "appeal_exp": 5, "quality": [0.571073965910051, 0.566946114001468, 0.5634518989215356, 0.55348797073478, 0.5578831817228461, 0.5624746931509026, 0.5669498151332447, 0.5777567876955557, 0.5527714435158548, 0.5535261992529265], "diversity": [6.667057913014429, 6.701362879506762, 6.629791238323693, 6.650060026080581, 6.672913616329527, 6.602520468428146, 6.66929444166057, 6.69955979875145, 6.6059273091848905, 6.6275002131419365], "discriminative_pow": [[0.8497008764879914, 0.0], [0.8541580332489896, 0.0], [0.8473291495652449, 0.0], [0.8543495404617306, 0.0], [0.8571345093205304, 0.0], [0.8520496656987651, 0.0], [0.8537844749224542, 0.0], [0.8529510286576746, 0.0], [0.857839863174264, 0.0], [0.8550767114424344, 0.0]]}