{"theta": 64, "phi": 0.30000000000000004, "beta": 0.05, "gamma": 0.01, "targeting_criterion": null, "verbose": false, "human_network": "follower_network.gml", "output_cascades": false, "epsilon": 0.0001, "rho": 0.8, "mu": 0.5, "sigma": 15, "graph_gml": "/N/project/simsom/simsom_v3/v3.3_10222023/data/vary_network/network_20.gml", "mode": "igraph", "n_threads": 7, "appeal_exp": 5, "quality": [0.5447808087426238, 0.5550581018391461, 0.5503987681102406, 0.5506938034711601, 0.5528022191588777, 0.5495425660497659, 0.5479313070592615, 0.5538054871396026, 0.5427477286106488, 0.542346127884054], "diversity": [6.670064793786474, 6.659791850900997, 6.637172520649841, 6.6276444198800935, 6.629842321714671, 6.652667035047786, 6.682215111318203, 6.679889918259276, 6.671823539945157, 6.622328795371038], "discriminative_pow": [[0.8531265339282232, 0.0], [0.8555969591422279, 0.0], [0.8524401230786495, 0.0], [0.8567410104949493, 0.0], [0.8531664662513958, 0.0], [0.8559206860462314, 0.0], [0.8535899695090722, 0.0], [0.8564105138956941, 0.0], [0.8571918380910833, 0.0], [0.8552737740822932, 0.0]]}