{"theta": 64, "phi": 0.4, "beta": 0.05, "gamma": 0.01, "targeting_criterion": null, "verbose": false, "human_network": "follower_network.gml", "output_cascades": false, "epsilon": 0.0001, "rho": 0.8, "mu": 0.5, "sigma": 15, "graph_gml": "/N/project/simsom/simsom_v3/v3.3_10222023/data/vary_network/network_20.gml", "mode": "igraph", "n_threads": 7, "appeal_exp": 5, "quality": [0.5487945526532367, 0.544606057890114, 0.5530040011476343, 0.5381727210224346, 0.5373879527124371, 0.5373562900052449, 0.5503812058424106, 0.5335499400576444, 0.5340115699460674, 0.5552845248451789], "diversity": [6.647613499232053, 6.7577848617590455, 6.667187827632322, 6.683929607244457, 6.632067482330981, 6.675150402730795, 6.688880762136929, 6.660031815495056, 6.668603079509204, 6.800950099617092], "discriminative_pow": [[0.8488511973558222, 0.0], [0.8529112442416089, 0.0], [0.8489480846356341, 0.0], [0.8469261023621638, 0.0], [0.8542619979009746, 0.0], [0.8495662722213451, 0.0], [0.8489654372378924, 0.0], [0.853722434456199, 0.0], [0.8541203439490864, 0.0], [0.8530989988512951, 0.0]]}