{"theta": 64, "phi": 0.5, "beta": 0.05, "gamma": 0.01, "targeting_criterion": null, "verbose": false, "human_network": "follower_network.gml", "output_cascades": false, "epsilon": 0.0001, "rho": 0.8, "mu": 0.5, "sigma": 15, "graph_gml": "/N/project/simsom/simsom_v3/v3.3_10222023/data/vary_network/network_20.gml", "mode": "igraph", "n_threads": 7, "appeal_exp": 5, "quality": [0.556919136639563, 0.5277628503190559, 0.5280320631811642, 0.5570678992645766, 0.5344342335596484, 0.5412588889435259, 0.5248701924234431, 0.5464032913979904, 0.543802644968058, 0.5485188819910521], "diversity": [6.728341048902831, 6.6405053617418375, 6.664638637049968, 6.6967374275108025, 6.751157918270548, 6.727603884837363, 6.773390541692386, 6.724867496654473, 6.719979208278708, 6.768245840783227], "discriminative_pow": [[0.8462237109762074, 0.0], [0.849510807155078, 0.0], [0.8474866673707727, 0.0], [0.8443881936896342, 0.0], [0.8467486757941002, 0.0], [0.8495568604149114, 0.0], [0.8489089798164792, 0.0], [0.8481469091296224, 0.0], [0.8487204910150177, 0.0], [0.8501288695422843, 0.0]]}