{"theta": 64, "phi": 0.6000000000000001, "beta": 0.05, "gamma": 0.01, "targeting_criterion": null, "verbose": false, "human_network": "follower_network.gml", "output_cascades": false, "epsilon": 0.0001, "rho": 0.8, "mu": 0.5, "sigma": 15, "graph_gml": "/N/project/simsom/simsom_v3/v3.3_10222023/data/vary_network/network_20.gml", "mode": "igraph", "n_threads": 7, "appeal_exp": 5, "quality": [0.5373138389872925, 0.5347318419857341, 0.5602574793337991, 0.5359757547466856, 0.5423983404290982, 0.5267283489369384, 0.5351124506870892, 0.5356378391490251, 0.5477021170385344, 0.5368629562775911], "diversity": [6.730193397233308, 6.840165390577444, 6.664257687834205, 6.787280888268537, 6.77971442244047, 6.636711140472597, 6.772099639542763, 6.6392914921197015, 6.767455165682392, 6.763390647346554], "discriminative_pow": [[0.846806701635565, 0.0], [0.8455573404946497, 0.0], [0.8422428172423445, 0.0], [0.844927391297177, 0.0], [0.8415972685277803, 0.0], [0.8393330545135756, 0.0], [0.8431763972186954, 0.0], [0.8456838644362762, 0.0], [0.839902611894758, 0.0], [0.8452224783539601, 0.0]]}