{"theta": 64, "phi": 0.7000000000000001, "beta": 0.05, "gamma": 0.01, "targeting_criterion": null, "verbose": false, "human_network": "follower_network.gml", "output_cascades": false, "epsilon": 0.0001, "rho": 0.8, "mu": 0.5, "sigma": 15, "graph_gml": "/N/project/simsom/simsom_v3/v3.3_10222023/data/vary_network/network_20.gml", "mode": "igraph", "n_threads": 7, "appeal_exp": 5, "quality": [0.5253619890321841, 0.5327339834736764, 0.5448935420884182, 0.5321227690536258, 0.5322876475897791, 0.5342559307183897, 0.5459412716571886, 0.539271001250385, 0.5363943694651065, 0.5201903692235144], "diversity": [6.757874229849962, 6.736104318695181, 6.855114409404013, 6.705235776441863, 6.798810123036228, 6.775936152538043, 6.8480061271649255, 6.813319338450217, 6.810556901524132, 6.811432876233583], "discriminative_pow": [[0.8417690176290867, 0.0], [0.8414460142112214, 0.0], [0.8415035401859554, 0.0], [0.8412596914921283, 0.0], [0.8387908603440851, 0.0], [0.8381968802841939, 0.0], [0.8416953026324283, 0.0], [0.8424085669431608, 0.0], [0.839796663297486, 0.0], [0.8405443284407239, 0.0]]}