{"theta": 64, "phi": 0.8, "beta": 0.05, "gamma": 0.01, "targeting_criterion": null, "verbose": false, "human_network": "follower_network.gml", "output_cascades": false, "epsilon": 0.0001, "rho": 0.8, "mu": 0.5, "sigma": 15, "graph_gml": "/N/project/simsom/simsom_v3/v3.3_10222023/data/vary_network/network_20.gml", "mode": "igraph", "n_threads": 7, "appeal_exp": 5, "quality": [0.5412895404017947, 0.5320667167490181, 0.5304606368634108, 0.5410548330233043, 0.5479690996397619, 0.5320937630112519, 0.5328309331540453, 0.5400766024455269, 0.5516669336197565, 0.5424085934187673], "diversity": [6.926055110775837, 6.700005790791927, 6.888033038948482, 6.816550672439629, 6.8087497997045086, 6.845371404211388, 6.783991555231886, 6.811945607242123, 6.8093621775021305, 6.759825682384626], "discriminative_pow": [[0.8365193817838027, 0.0], [0.8378499035376584, 0.0], [0.8367971754115734, 0.0], [0.8375855897300821, 0.0], [0.8350077148956047, 0.0], [0.8390603715512209, 0.0], [0.8386869569746958, 0.0], [0.8366620374983238, 0.0], [0.8342652385505689, 0.0], [0.8384840858001289, 0.0]]}