{"theta": 64, "phi": 0.9, "beta": 0.05, "gamma": 0.01, "targeting_criterion": null, "verbose": false, "human_network": "follower_network.gml", "output_cascades": false, "epsilon": 0.0001, "rho": 0.8, "mu": 0.5, "sigma": 15, "graph_gml": "/N/project/simsom/simsom_v3/v3.3_10222023/data/vary_network/network_20.gml", "mode": "igraph", "n_threads": 7, "appeal_exp": 5, "quality": [0.5308267131681514, 0.5254168803931465, 0.5431476907265155, 0.5303532163832486, 0.5428299180865019, 0.5234303983746281, 0.5328269410613917, 0.5462488628260417, 0.5236596986204162, 0.534882672615012], "diversity": [6.8492999502287475, 6.822056837330635, 6.812472214883957, 6.78901844547653, 6.742206046466303, 6.804297125734554, 6.846892029677333, 6.762301164239786, 6.835438528971602, 6.85802268921697], "discriminative_pow": [[0.8328782348826045, 0.0], [0.835337177336957, 0.0], [0.8323004449300583, 0.0], [0.8343041231348437, 0.0], [0.8351248368759536, 0.0], [0.8354205013719693, 0.0], [0.8319181129482159, 0.0], [0.8318940410549897, 0.0], [0.8341710631399454, 0.0], [0.8334186747962008, 0.0]]}