{"theta": 1, "gamma": 0.0001, "beta": 0.05, "targeting_criterion": null, "verbose": false, "human_network": "follower_network.gml", "output_cascades": false, "epsilon": 0.0001, "rho": 0.8, "mu": 0.5, "phi": 0, "sigma": 15, "graph_gml": "/N/project/simsom/simsom_v3/v3.3_10222023/data/vary_network/network_00.gml", "mode": "igraph", "n_threads": 7, "appeal_exp": 5, "quality": [0.9070624335961238, 0.9002719786585192, 0.9047265660005135, 0.9002424591057792, 0.9002307115060442, 0.899534941445674, 0.8986108813443525, 0.9041603022345603, 0.8999254867046819, 0.9046102737396507], "diversity": [6.9152413129923715, 6.939229543551081, 6.887534980092893, 6.953497540506033, 6.9140987684434645, 6.93229671539823, 6.965199029765936, 7.004447556530501, 6.946459832412674, 6.919562681080632], "discriminative_pow": [[0.8242784370481484, 0.0], [0.8284295150395274, 0.0], [0.8294224227911988, 0.0], [0.8201935596401461, 0.0], [0.8243963510340109, 0.0], [0.8266812442399474, 0.0], [0.8282988094864865, 0.0], [0.8267551005119581, 0.0], [0.824131757489086, 0.0], [0.8307013642229513, 0.0]]}