{"theta": 1, "gamma": 0.001, "beta": 0.05, "targeting_criterion": null, "verbose": false, "human_network": "follower_network.gml", "output_cascades": false, "epsilon": 0.0001, "rho": 0.8, "mu": 0.5, "phi": 0, "sigma": 15, "graph_gml": "/N/project/simsom/simsom_v3/v3.3_10222023/data/vary_network/network_10.gml", "mode": "igraph", "n_threads": 7, "appeal_exp": 5, "quality": [0.8528184198585529, 0.8877999347172069, 0.8808450748552115, 0.889853868226191, 0.8848570812665371, 0.8829275052320227, 0.8785001394975237, 0.8661110007312809, 0.87990111887157, 0.8890392571474148], "diversity": [6.8598592945172285, 6.881054231212773, 6.893891696114638, 6.925120646142863, 6.920371616190767, 6.882556079176787, 6.959298187115572, 6.871527641755216, 6.918293267864129, 6.977118690552162], "discriminative_pow": [[0.8211419479211154, 0.0], [0.824226567264525, 0.0], [0.8265442065212479, 0.0], [0.8241691186825117, 0.0], [0.820717117067941, 0.0], [0.821360694886998, 0.0], [0.8196313590119898, 0.0], [0.8272994621448895, 0.0], [0.8243581885699565, 0.0], [0.8250328079605269, 0.0]]}