{"theta": 1, "gamma": 0.01, "beta": 0.05, "targeting_criterion": null, "verbose": false, "human_network": "follower_network.gml", "output_cascades": false, "epsilon": 0.0001, "rho": 0.8, "mu": 0.5, "phi": 0, "sigma": 15, "graph_gml": "/N/project/simsom/simsom_v3/v3.3_10222023/data/vary_network/network_20.gml", "mode": "igraph", "n_threads": 7, "appeal_exp": 5, "quality": [0.7811515707755942, 0.7890569621970829, 0.7677062659293863, 0.7911034935870477, 0.7916030757570016, 0.7587114632005734, 0.7946732383475015, 0.7706317979551129, 0.7977339055150303, 0.7997602842816633], "diversity": [6.850937244346459, 6.96287399493575, 6.948977758181015, 6.7932058105672875, 6.851775147539291, 6.883699997798421, 6.872432853571306, 6.9010580030386, 6.884342907159073, 6.883676422277107], "discriminative_pow": [[0.8195122291092765, 0.0], [0.817234324783294, 0.0], [0.8195110739970951, 0.0], [0.8202096714208967, 0.0], [0.8171256686569647, 0.0], [0.8302210769988088, 0.0], [0.8135047093221539, 0.0], [0.825276589040618, 0.0], [0.8127837354303081, 0.0], [0.8146526531227704, 0.0]]}