{"theta": 1, "gamma": 0.1, "beta": 0.05, "targeting_criterion": null, "verbose": false, "human_network": "follower_network.gml", "output_cascades": false, "epsilon": 0.0001, "rho": 0.8, "mu": 0.5, "phi": 0, "sigma": 15, "graph_gml": "/N/project/simsom/simsom_v3/v3.3_10222023/data/vary_network/network_30.gml", "mode": "igraph", "n_threads": 7, "appeal_exp": 5, "quality": [0.44213557131885534, 0.43768016707041363, 0.42404671017959755, 0.4486667375716354, 0.44593154487653025, 0.43243309646874883, 0.4470531852581315, 0.43216167650339415, 0.4236425035800172, 0.41620258873780913], "diversity": [6.089734870567226, 6.123329853107023, 6.110714901440353, 6.1108711797669475, 6.147412213475394, 6.016793967524933, 6.1444718770959526, 6.067536753173926, 6.025030209402466, 6.008196999097036], "discriminative_pow": [[0.8665808602980484, 0.0], [0.8764197962666026, 0.0], [0.873470560725766, 0.0], [0.8712523103015465, 0.0], [0.8729838941094201, 0.0], [0.8731806610987726, 0.0], [0.8685092972830182, 0.0], [0.8764542322560126, 0.0], [0.8771104476228173, 0.0], [0.8775733253813481, 0.0]]}