{"theta": 2, "gamma": 0.0001, "beta": 0.05, "targeting_criterion": null, "verbose": false, "human_network": "follower_network.gml", "output_cascades": false, "epsilon": 0.0001, "rho": 0.8, "mu": 0.5, "phi": 0, "sigma": 15, "graph_gml": "/N/project/simsom/simsom_v3/v3.3_10222023/data/vary_network/network_00.gml", "mode": "igraph", "n_threads": 7, "appeal_exp": 5, "quality": [0.9007701663107269, 0.9008369656133367, 0.9028528651991186, 0.8999145010183884, 0.8974785854759102, 0.8983516927729183, 0.9028424075236368, 0.8991919901775659, 0.8971153353839205, 0.8974172347253645], "diversity": [6.875438811835766, 6.829931871242964, 6.94824159228017, 6.915374960966494, 6.9840454368704545, 6.9098700357464855, 6.920224905755456, 6.902918720920421, 6.912531844369372, 6.946878036440445], "discriminative_pow": [[0.8233096162765537, 0.0], [0.8289951328267491, 0.0], [0.8198366375014162, 0.0], [0.8242846990619415, 0.0], [0.8280114925227265, 0.0], [0.8291488914057491, 0.0], [0.8133876103634263, 0.0], [0.8262182164208783, 0.0], [0.823695760336932, 0.0], [0.8284381829099189, 0.0]]}