{"theta": 2, "gamma": 0.001, "beta": 0.05, "targeting_criterion": null, "verbose": false, "human_network": "follower_network.gml", "output_cascades": false, "epsilon": 0.0001, "rho": 0.8, "mu": 0.5, "phi": 0, "sigma": 15, "graph_gml": "/N/project/simsom/simsom_v3/v3.3_10222023/data/vary_network/network_10.gml", "mode": "igraph", "n_threads": 7, "appeal_exp": 5, "quality": [0.8757162803559985, 0.8803278928365941, 0.8798911567766617, 0.8816800594353422, 0.8876618266209702, 0.8878789033724669, 0.8574992127946941, 0.8825674620730378, 0.8757629657467365, 0.8779770949444229], "diversity": [6.919990143865682, 6.917044153536774, 6.91533316063112, 6.93303316593666, 6.9331168738376725, 6.9829477525974495, 6.987478502241822, 6.945533751683884, 6.93633016253904, 6.979517654415786], "discriminative_pow": [[0.8217093207254896, 0.0], [0.828937227419638, 0.0], [0.8204201057075823, 0.0], [0.8276914597162955, 0.0], [0.8185251955975578, 0.0], [0.8187713598247828, 0.0], [0.816090112048628, 0.0], [0.8225727010729613, 0.0], [0.8233055360102625, 0.0], [0.8211862892590137, 0.0]]}