{"theta": 2, "gamma": 0.01, "beta": 0.05, "targeting_criterion": null, "verbose": false, "human_network": "follower_network.gml", "output_cascades": false, "epsilon": 0.0001, "rho": 0.8, "mu": 0.5, "phi": 0, "sigma": 15, "graph_gml": "/N/project/simsom/simsom_v3/v3.3_10222023/data/vary_network/network_20.gml", "mode": "igraph", "n_threads": 7, "appeal_exp": 5, "quality": [0.7618580528198496, 0.7505791384212516, 0.7623193407864634, 0.768830701930344, 0.7673256571348964, 0.734370077834324, 0.7684917426565702, 0.7841004416703937, 0.7370739319584974, 0.7439783108821352], "diversity": [6.781885658897112, 6.890377225138431, 6.888641233908826, 6.858712700553271, 6.89872754847041, 6.887753742695459, 6.8734106616809605, 6.942580555836223, 6.867279759814725, 6.865869576765904], "discriminative_pow": [[0.8149645803096858, 0.0], [0.8193327433788423, 0.0], [0.8199656588217337, 0.0], [0.814331624142815, 0.0], [0.8184241824842754, 0.0], [0.8225969900775368, 0.0], [0.8191630612474389, 0.0], [0.8098062060829956, 0.0], [0.8087998315858199, 0.0], [0.815542600819531, 0.0]]}