{"theta": 2, "gamma": 0.1, "beta": 0.05, "targeting_criterion": null, "verbose": false, "human_network": "follower_network.gml", "output_cascades": false, "epsilon": 0.0001, "rho": 0.8, "mu": 0.5, "phi": 0, "sigma": 15, "graph_gml": "/N/project/simsom/simsom_v3/v3.3_10222023/data/vary_network/network_30.gml", "mode": "igraph", "n_threads": 7, "appeal_exp": 5, "quality": [0.3951906670368245, 0.4052221543121547, 0.4188507476347615, 0.4257794696785988, 0.4190289527788076, 0.3988977965077163, 0.4042853192043268, 0.4127891466101624, 0.40392292658776896, 0.4262536295210434], "diversity": [6.129915298421742, 6.079111096804795, 5.945027910766091, 6.1646743708704985, 6.105505240169464, 5.997674872808411, 5.993567751716064, 6.0539254272276075, 6.137025542088114, 6.064087904459393], "discriminative_pow": [[0.880030800904877, 0.0], [0.8772122305529741, 0.0], [0.8843699234444463, 0.0], [0.8808105081860074, 0.0], [0.8803195589532725, 0.0], [0.880117346996278, 0.0], [0.8823957232061285, 0.0], [0.8744143002698126, 0.0], [0.881696864250535, 0.0], [0.8780538967282802, 0.0]]}