{"theta": 4, "gamma": 0.0001, "beta": 0.05, "targeting_criterion": null, "verbose": false, "human_network": "follower_network.gml", "output_cascades": false, "epsilon": 0.0001, "rho": 0.8, "mu": 0.5, "phi": 0, "sigma": 15, "graph_gml": "/N/project/simsom/simsom_v3/v3.3_10222023/data/vary_network/network_00.gml", "mode": "igraph", "n_threads": 7, "appeal_exp": 5, "quality": [0.8999908394566047, 0.9006039083639956, 0.8935321892048983, 0.9007845817056896, 0.8979425466244104, 0.9055559029814171, 0.902937906735873, 0.8999570239048893, 0.9044710166739016, 0.8733616625229912], "diversity": [6.979626105908318, 6.886928650766886, 6.944487498950199, 6.917788569167435, 6.916660896741463, 6.959022200325787, 6.951614488542729, 6.869870847839159, 6.880168889558302, 6.985524752783669], "discriminative_pow": [[0.8267238176524472, 0.0], [0.820786471923898, 0.0], [0.8186558617813658, 0.0], [0.8226948505902594, 0.0], [0.8298757010280311, 0.0], [0.8264685239021619, 0.0], [0.8255324040492612, 0.0], [0.8257332410924578, 0.0], [0.8225905725639984, 0.0], [0.8260845084372892, 0.0]]}