{"theta": 4, "gamma": 0.001, "beta": 0.05, "targeting_criterion": null, "verbose": false, "human_network": "follower_network.gml", "output_cascades": false, "epsilon": 0.0001, "rho": 0.8, "mu": 0.5, "phi": 0, "sigma": 15, "graph_gml": "/N/project/simsom/simsom_v3/v3.3_10222023/data/vary_network/network_10.gml", "mode": "igraph", "n_threads": 7, "appeal_exp": 5, "quality": [0.8662892513554756, 0.8534689028405253, 0.871346348187972, 0.8653279292831157, 0.8619132506492899, 0.8664382632695974, 0.8616005502844091, 0.8641812360451266, 0.8718918264109541, 0.8694004981126674], "diversity": [6.994186559302773, 7.076574302913214, 7.004097682579972, 6.897866187313976, 6.9553249080228685, 6.9377592293096875, 6.887607053362158, 6.98918021823766, 6.906863824227955, 6.941083989675514], "discriminative_pow": [[0.8164938868038994, 0.0], [0.8175433966013271, 0.0], [0.815594057352366, 0.0], [0.8288694652227823, 0.0], [0.8210787180007709, 0.0], [0.8118476095333771, 0.0], [0.8171446216713464, 0.0], [0.8143621370501795, 0.0], [0.8212633339113943, 0.0], [0.8178442679595198, 0.0]]}