{"theta": 4, "gamma": 0.01, "beta": 0.05, "targeting_criterion": null, "verbose": false, "human_network": "follower_network.gml", "output_cascades": false, "epsilon": 0.0001, "rho": 0.8, "mu": 0.5, "phi": 0, "sigma": 15, "graph_gml": "/N/project/simsom/simsom_v3/v3.3_10222023/data/vary_network/network_20.gml", "mode": "igraph", "n_threads": 7, "appeal_exp": 5, "quality": [0.7348517905202574, 0.6930994283571997, 0.7069924812004971, 0.6922355402500703, 0.7496953097880359, 0.7344305089900559, 0.7635079877693344, 0.7326028540115685, 0.7042880061510335, 0.7317824292530082], "diversity": [6.838000339191277, 6.821190963304685, 6.881276739925201, 6.890577076040509, 6.846393607920941, 6.888640534481587, 6.8147462063634325, 6.884734784730437, 6.851120656092217, 6.810665855490587], "discriminative_pow": [[0.8019075227562088, 0.0], [0.8172660463271555, 0.0], [0.8176592110438913, 0.0], [0.817864892591592, 0.0], [0.813159522509693, 0.0], [0.8067544534951864, 0.0], [0.8060890705869737, 0.0], [0.8103236585328072, 0.0], [0.816920659609937, 0.0], [0.8147935401109524, 0.0]]}