{"theta": 4, "gamma": 0.1, "beta": 0.05, "targeting_criterion": null, "verbose": false, "human_network": "follower_network.gml", "output_cascades": false, "epsilon": 0.0001, "rho": 0.8, "mu": 0.5, "phi": 0, "sigma": 15, "graph_gml": "/N/project/simsom/simsom_v3/v3.3_10222023/data/vary_network/network_30.gml", "mode": "igraph", "n_threads": 7, "appeal_exp": 5, "quality": [0.39559946503566695, 0.39735873001331407, 0.4177239786063668, 0.3954476731198031, 0.38943781137717737], "diversity": [6.03614449385069, 6.102556057888334, 6.100504318550461, 6.105732633827127, 6.038498187185236], "discriminative_pow": [[0.8897586488045237, 0.0], [0.8922504851030224, 0.0], [0.8945873965821268, 0.0], [0.8939578956957482, 0.0], [0.892429092243125, 0.0]]}