{"theta": 8, "gamma": 0.0001, "beta": 0.05, "targeting_criterion": null, "verbose": false, "human_network": "follower_network.gml", "output_cascades": false, "epsilon": 0.0001, "rho": 0.8, "mu": 0.5, "phi": 0, "sigma": 15, "graph_gml": "/N/project/simsom/simsom_v3/v3.3_10222023/data/vary_network/network_00.gml", "mode": "igraph", "n_threads": 7, "appeal_exp": 5, "quality": [0.9013215260415899, 0.8939897429082353, 0.8982804411142866, 0.9049232983710074, 0.8926308456531932, 0.8923149650015827, 0.8999837685997981, 0.9010294064255536, 0.9004101377032516, 0.8956683813072348], "diversity": [6.930677546275179, 6.903303223236982, 6.8952216177651735, 6.9190873442002205, 6.831439466821687, 6.817688991449878, 6.954350542064176, 6.937653621377087, 6.9787943204500165, 6.925553499534942], "discriminative_pow": [[0.815078099238359, 0.0], [0.8299199622131018, 0.0], [0.8185354972128943, 0.0], [0.8284331410451462, 0.0], [0.8305605112099084, 0.0], [0.8289623514720643, 0.0], [0.8196257768994958, 0.0], [0.8284580756178582, 0.0], [0.8305804571098322, 0.0], [0.8245574693129876, 0.0]]}