{"theta": 8, "gamma": 0.001, "beta": 0.05, "targeting_criterion": null, "verbose": false, "human_network": "follower_network.gml", "output_cascades": false, "epsilon": 0.0001, "rho": 0.8, "mu": 0.5, "phi": 0, "sigma": 15, "graph_gml": "/N/project/simsom/simsom_v3/v3.3_10222023/data/vary_network/network_10.gml", "mode": "igraph", "n_threads": 7, "appeal_exp": 5, "quality": [0.8741026325840202, 0.8686511734663116, 0.8576219651911359, 0.8697266325493491, 0.8729408226822027, 0.8464960650410883, 0.8710348596304489, 0.8749754140356706, 0.8503355670449388, 0.8738425937276317], "diversity": [6.9665582405325, 6.883843067550663, 6.947678322336258, 6.927802995340568, 7.018035104271674, 6.9029827430078825, 6.953219582454723, 6.857558417360526, 6.913162217815591, 6.953234140080771], "discriminative_pow": [[0.8052005455201983, 0.0], [0.8119404775748438, 0.0], [0.8147847970582528, 0.0], [0.8151642051253816, 0.0], [0.808280376961461, 0.0], [0.8152635953153397, 0.0], [0.8199990555650513, 0.0], [0.8102322384845323, 0.0], [0.8113509834778044, 0.0], [0.8174940810305824, 0.0]]}