{"theta": 8, "gamma": 0.01, "beta": 0.05, "targeting_criterion": null, "verbose": false, "human_network": "follower_network.gml", "output_cascades": false, "epsilon": 0.0001, "rho": 0.8, "mu": 0.5, "phi": 0, "sigma": 15, "graph_gml": "/N/project/simsom/simsom_v3/v3.3_10222023/data/vary_network/network_20.gml", "mode": "igraph", "n_threads": 7, "appeal_exp": 5, "quality": [0.6903334972234418, 0.7188911641541775, 0.683865003616845, 0.7265011970135374, 0.6857836114955453, 0.7098612858494193, 0.6840836952149358, 0.6361427253308156, 0.7284244361161681, 0.667117072641424], "diversity": [6.861084709078736, 6.870277529764632, 6.875784673056684, 6.7419517011079915, 6.800435976564981, 6.872135941806299, 6.779576236956108, 6.75324380685757, 6.874995986573351, 6.947312389448257], "discriminative_pow": [[0.8067385394746361, 0.0], [0.8081236351349844, 0.0], [0.8139123416827855, 0.0], [0.8095691325050833, 0.0], [0.8144554208364517, 0.0], [0.8094532744177341, 0.0], [0.8041536633410306, 0.0], [0.8136095630593625, 0.0], [0.8117293223804247, 0.0], [0.806376815191446, 0.0]]}