{"theta": 8, "gamma": 0.1, "beta": 0.05, "targeting_criterion": null, "verbose": false, "human_network": "follower_network.gml", "output_cascades": false, "epsilon": 0.0001, "rho": 0.8, "mu": 0.5, "phi": 0, "sigma": 15, "graph_gml": "/N/project/simsom/simsom_v3/v3.3_10222023/data/vary_network/network_30.gml", "mode": "igraph", "n_threads": 7, "appeal_exp": 5, "quality": [0.37586149943945135, 0.37512117409819534, 0.40015333903968947, 0.3740524861612241, 0.37499280362286247], "diversity": [6.0650426618922655, 6.072431177874593, 6.038915834251579, 6.019712908451265, 6.035092325509176], "discriminative_pow": [[0.8982268058747932, 0.0], [0.9030167092415172, 0.0], [0.9036944644791165, 0.0], [0.8977501509147621, 0.0], [0.9021142282371281, 0.0]]}