{"theta": 16, "gamma": 0.0001, "beta": 0.05, "targeting_criterion": null, "verbose": false, "human_network": "follower_network.gml", "output_cascades": false, "epsilon": 0.0001, "rho": 0.8, "mu": 0.5, "phi": 0, "sigma": 15, "graph_gml": "/N/project/simsom/simsom_v3/v3.3_10222023/data/vary_network/network_00.gml", "mode": "igraph", "n_threads": 7, "appeal_exp": 5, "quality": [0.8948415931362863, 0.9027012218755097, 0.9051256055644032, 0.9024274958261107, 0.8965944708129386, 0.8973965676145342, 0.8969625059914583, 0.907959212178812, 0.8952241615581139, 0.899678999918415], "diversity": [6.922251528989246, 6.93859175068268, 6.970458002835404, 6.981913856801639, 6.8979686773934255, 6.984472361823577, 6.912278475079086, 6.951466992143058, 7.032730915924921, 6.882009988879065], "discriminative_pow": [[0.8217277798065753, 0.0], [0.822998822400991, 0.0], [0.8145611744235594, 0.0], [0.8163304079868428, 0.0], [0.8267486568260659, 0.0], [0.8230000043206053, 0.0], [0.8206457684632875, 0.0], [0.8231535144705341, 0.0], [0.8181030013301294, 0.0], [0.8238253355385124, 0.0]]}