{"theta": 16, "gamma": 0.001, "beta": 0.05, "targeting_criterion": null, "verbose": false, "human_network": "follower_network.gml", "output_cascades": false, "epsilon": 0.0001, "rho": 0.8, "mu": 0.5, "phi": 0, "sigma": 15, "graph_gml": "/N/project/simsom/simsom_v3/v3.3_10222023/data/vary_network/network_10.gml", "mode": "igraph", "n_threads": 7, "appeal_exp": 5, "quality": [0.8636422787677083, 0.8586683016789741, 0.8461580619250691, 0.8476078139617557, 0.8510215448105659, 0.8634589075846207, 0.8440156877676835, 0.8591808709578295, 0.862580480522068, 0.8550468460023142], "diversity": [6.946030506606245, 6.991926359868117, 7.005731225676016, 6.913405953804294, 6.99246517723857, 6.95400064726818, 6.994158936978094, 6.929128892520053, 6.981865524339739, 6.937124361857197], "discriminative_pow": [[0.8040752195231502, 0.0], [0.8074073807389044, 0.0], [0.8172657573203695, 0.0], [0.8117187204373382, 0.0], [0.8166496182088503, 0.0], [0.8095428535849726, 0.0], [0.8201818189454917, 0.0], [0.8071149697700861, 0.0], [0.8061158058877194, 0.0], [0.8054523769255437, 0.0]]}