{"theta": 16, "gamma": 0.01, "beta": 0.05, "targeting_criterion": null, "verbose": false, "human_network": "follower_network.gml", "output_cascades": false, "epsilon": 0.0001, "rho": 0.8, "mu": 0.5, "phi": 0, "sigma": 15, "graph_gml": "/N/project/simsom/simsom_v3/v3.3_10222023/data/vary_network/network_20.gml", "mode": "igraph", "n_threads": 7, "appeal_exp": 5, "quality": [0.6468816061728843, 0.6767805475916477, 0.6524161667697846, 0.7182464598708213, 0.6811344196494159, 0.6561016861013855, 0.6530215628012839, 0.6384237463037225, 0.6995940027062247, 0.663403717131379], "diversity": [6.8412815111298455, 6.83337118207424, 6.775236418638967, 6.900934184036906, 6.864759136349406, 6.72643722347621, 6.7639306008246285, 6.792356062319444, 6.859404565932394, 6.935373441452311], "discriminative_pow": [[0.816050190639805, 0.0], [0.821132356858386, 0.0], [0.8136755052218442, 0.0], [0.8024972253671043, 0.0], [0.8104662150909521, 0.0], [0.807520519521435, 0.0], [0.811535403888633, 0.0], [0.815582974969888, 0.0], [0.8035795902054104, 0.0], [0.8141754993634251, 0.0]]}