{"theta": 16, "gamma": 0.1, "beta": 0.05, "targeting_criterion": null, "verbose": false, "human_network": "follower_network.gml", "output_cascades": false, "epsilon": 0.0001, "rho": 0.8, "mu": 0.5, "phi": 0, "sigma": 15, "graph_gml": "/N/project/simsom/simsom_v3/v3.3_10222023/data/vary_network/network_30.gml", "mode": "igraph", "n_threads": 7, "appeal_exp": 5, "quality": [0.3984628797004162, 0.36742685892762944, 0.38911426631551144, 0.388761592744688, 0.36065965060973765, 0.4049387564493994, 0.360404987340774, 0.38162441725837415, 0.40170974962611794, 0.36386616881432005], "diversity": [6.0798555467727216, 6.011251177221508, 6.06230353974907, 6.031559398721181, 6.095292307158408, 6.153433635173419, 5.952202029788987, 6.04228867353104, 6.05132997675897, 5.970904621025773], "discriminative_pow": [[0.914678929513738, 0.0], [0.9121042519049712, 0.0], [0.9128031933727225, 0.0], [0.9118529325954023, 0.0], [0.9126732056947532, 0.0], [0.9118932510994189, 0.0], [0.9110909534398782, 0.0], [0.9137727647667087, 0.0], [0.9100536334930974, 0.0], [0.9116784509072821, 0.0]]}