{"theta": 32, "gamma": 0.0001, "beta": 0.05, "targeting_criterion": null, "verbose": false, "human_network": "follower_network.gml", "output_cascades": false, "epsilon": 0.0001, "rho": 0.8, "mu": 0.5, "phi": 0, "sigma": 15, "graph_gml": "/N/project/simsom/simsom_v3/v3.3_10222023/data/vary_network/network_00.gml", "mode": "igraph", "n_threads": 7, "appeal_exp": 5, "quality": [0.8959492267066658, 0.8971086502092717, 0.9015837829710645, 0.8936217454826334, 0.9030493654789049, 0.896867289787727, 0.8983476728395727, 0.8975112525374704, 0.8876480707410186, 0.8952957382184306], "diversity": [6.900580264769026, 6.900577853833926, 6.8520714789739685, 6.908926777032441, 6.978944072529851, 6.954674025901235, 6.977023030920645, 6.9716726561763585, 6.919828243120813, 6.959677332042139], "discriminative_pow": [[0.8237010708067767, 0.0], [0.82476127032657, 0.0], [0.825451390027756, 0.0], [0.8154551798400752, 0.0], [0.8141756796178813, 0.0], [0.8171477312906669, 0.0], [0.8143388773119143, 0.0], [0.8159727978871663, 0.0], [0.8253145007835259, 0.0], [0.8267089866864372, 0.0]]}