{"theta": 32, "gamma": 0.001, "beta": 0.05, "targeting_criterion": null, "verbose": false, "human_network": "follower_network.gml", "output_cascades": false, "epsilon": 0.0001, "rho": 0.8, "mu": 0.5, "phi": 0, "sigma": 15, "graph_gml": "/N/project/simsom/simsom_v3/v3.3_10222023/data/vary_network/network_10.gml", "mode": "igraph", "n_threads": 7, "appeal_exp": 5, "quality": [0.8235548351263046, 0.8582832140986517, 0.8525506611509595, 0.8444391297764259, 0.841658761036176, 0.8476348206561442, 0.854536178468065, 0.8202884165300717, 0.8215068805548944, 0.8643099990401267], "diversity": [6.960203324935147, 6.952719008853433, 6.9280902198802305, 6.8741435407299605, 6.909916451386575, 6.995467550139054, 7.003237610920047, 6.915353866151818, 6.930214818372109, 6.950732201770787], "discriminative_pow": [[0.8022371092666796, 0.0], [0.8039018766644246, 0.0], [0.8002874227231546, 0.0], [0.7992045304960803, 0.0], [0.7978604046544007, 0.0], [0.8087610793473315, 0.0], [0.8008643845454051, 0.0], [0.8150268496299468, 0.0], [0.8028597496585252, 0.0], [0.7983303656632258, 0.0]]}