{"theta": 32, "gamma": 0.01, "beta": 0.05, "targeting_criterion": null, "verbose": false, "human_network": "follower_network.gml", "output_cascades": false, "epsilon": 0.0001, "rho": 0.8, "mu": 0.5, "phi": 0, "sigma": 15, "graph_gml": "/N/project/simsom/simsom_v3/v3.3_10222023/data/vary_network/network_20.gml", "mode": "igraph", "n_threads": 7, "appeal_exp": 5, "quality": [0.6418741646959609, 0.6192479254750728, 0.6133396639143508, 0.6324804888191087, 0.6123261063268637, 0.625018371502966, 0.6470811953215723, 0.6183015551121833, 0.6346508715587023, 0.6103185163003537], "diversity": [6.8627828042937855, 6.734447099825744, 6.791767345521913, 6.755381791889878, 6.854625701513264, 6.755845657361939, 6.878870378210921, 6.811382004710933, 6.866108584436096, 6.775855084008026], "discriminative_pow": [[0.8163336938157908, 0.0], [0.8198863308252967, 0.0], [0.8190646918282771, 0.0], [0.8214444246719778, 0.0], [0.8223584097075287, 0.0], [0.816742434022805, 0.0], [0.8104929807026542, 0.0], [0.8198416695478793, 0.0], [0.8157540017223016, 0.0], [0.8169258869553929, 0.0]]}