{"theta": 32, "gamma": 0.1, "beta": 0.05, "targeting_criterion": null, "verbose": false, "human_network": "follower_network.gml", "output_cascades": false, "epsilon": 0.0001, "rho": 0.8, "mu": 0.5, "phi": 0, "sigma": 15, "graph_gml": "/N/project/simsom/simsom_v3/v3.3_10222023/data/vary_network/network_30.gml", "mode": "igraph", "n_threads": 7, "appeal_exp": 5, "quality": [0.3707217255166094, 0.3792997913152779, 0.3543790657044847, 0.3782673167138396, 0.4052646206524123, 0.36299220454269837, 0.36831724762987583, 0.390557672326618, 0.3790536514170102, 0.35132296182911626], "diversity": [6.047073342196769, 6.007004970077939, 5.98435061084895, 6.069686379726763, 6.0440140358918955, 6.087683976524994, 6.041873102910828, 6.026716037199414, 6.0413776243406545, 5.958345175794456], "discriminative_pow": [[0.9228706464407094, 0.0], [0.9205131459262162, 0.0], [0.9189227372818043, 0.0], [0.9219500994773342, 0.0], [0.9214709659401626, 0.0], [0.9216908399654048, 0.0], [0.9245940154880433, 0.0], [0.9233947114514012, 0.0], [0.9225157583347231, 0.0], [0.9188546719231796, 0.0]]}