{"theta": 64, "gamma": 0.0001, "beta": 0.05, "targeting_criterion": null, "verbose": false, "human_network": "follower_network.gml", "output_cascades": false, "epsilon": 0.0001, "rho": 0.8, "mu": 0.5, "phi": 0, "sigma": 15, "graph_gml": "/N/project/simsom/simsom_v3/v3.3_10222023/data/vary_network/network_00.gml", "mode": "igraph", "n_threads": 7, "appeal_exp": 5, "quality": [0.9016067232363105, 0.8970171862743997, 0.9082665520286869, 0.8980723527294715, 0.8987995514053355, 0.8969204573959255, 0.8969524518885579, 0.8935126629341366, 0.8975701686155717, 0.8876014151284553], "diversity": [6.952870814977616, 6.947570713249487, 6.947994104238126, 6.9084100213660875, 6.922419354185899, 6.92186559741813, 7.000026904432401, 6.946916225233119, 6.9489558757736365, 6.9063629342615105], "discriminative_pow": [[0.8253485711124708, 0.0], [0.8228879428854473, 0.0], [0.8180202892241384, 0.0], [0.8271676054675459, 0.0], [0.8179900485690895, 0.0], [0.8187349374535086, 0.0], [0.827609700314354, 0.0], [0.8219868731430571, 0.0], [0.8195424474187641, 0.0], [0.8274536393157059, 0.0]]}