{"theta": 64, "gamma": 0.001, "beta": 0.05, "targeting_criterion": null, "verbose": false, "human_network": "follower_network.gml", "output_cascades": false, "epsilon": 0.0001, "rho": 0.8, "mu": 0.5, "phi": 0, "sigma": 15, "graph_gml": "/N/project/simsom/simsom_v3/v3.3_10222023/data/vary_network/network_10.gml", "mode": "igraph", "n_threads": 7, "appeal_exp": 5, "quality": [0.8314308595455802, 0.8327791912297179, 0.8144858317859265, 0.852489607917949, 0.8355620048038449, 0.7976094067881859, 0.8215235976309883, 0.8008698960591404, 0.8633922769081405, 0.8533628311104525], "diversity": [6.89209638234837, 6.8627213059371535, 6.931934739345767, 6.9344595561004345, 6.974290696070906, 6.913648326425744, 6.873617637920585, 6.915672443133701, 6.896934655508591, 6.897475749246659], "discriminative_pow": [[0.80308261072687, 0.0], [0.796718756761265, 0.0], [0.7958984087415937, 0.0], [0.8013574897017615, 0.0], [0.7977240112719897, 0.0], [0.7965545163233507, 0.0], [0.804607879752841, 0.0], [0.7991808865015307, 0.0], [0.7966343173348266, 0.0], [0.7991604634410024, 0.0]]}