{"theta": 64, "gamma": 0.01, "beta": 0.05, "targeting_criterion": null, "verbose": false, "human_network": "follower_network.gml", "output_cascades": false, "epsilon": 0.0001, "rho": 0.8, "mu": 0.5, "phi": 0, "sigma": 15, "graph_gml": "/N/project/simsom/simsom_v3/v3.3_10222023/data/vary_network/network_20.gml", "mode": "igraph", "n_threads": 7, "appeal_exp": 5, "quality": [0.640116416778928, 0.6067799708974746, 0.5994965570459067, 0.6095171925529883, 0.60920113010744, 0.5914285746293692, 0.5990531892595559, 0.622293831463241, 0.6137731456175919, 0.5974985951428824], "diversity": [6.849488694672453, 6.717767396409557, 6.843814385802983, 6.748753559990769, 6.816181376189623, 6.727116023565933, 6.805438166506132, 6.735622348777319, 6.810501245153733, 6.787301847894807], "discriminative_pow": [[0.8193656777122088, 0.0], [0.826158991232023, 0.0], [0.8263277520204884, 0.0], [0.8226851239624176, 0.0], [0.8149252703799479, 0.0], [0.8258631131127651, 0.0], [0.822380614544059, 0.0], [0.8202802244474883, 0.0], [0.824103579702561, 0.0], [0.818196884086282, 0.0]]}