{"theta": 64, "gamma": 0.1, "beta": 0.05, "targeting_criterion": null, "verbose": false, "human_network": "follower_network.gml", "output_cascades": false, "epsilon": 0.0001, "rho": 0.8, "mu": 0.5, "phi": 0, "sigma": 15, "graph_gml": "/N/project/simsom/simsom_v3/v3.3_10222023/data/vary_network/network_30.gml", "mode": "igraph", "n_threads": 7, "appeal_exp": 5, "quality": [0.3842273476353102, 0.38466972813495803, 0.36887770878277215, 0.37968444364715864, 0.3658538793684199, 0.3810173133012539, 0.36108162140418837, 0.35264776654188174, 0.3586600519750568, 0.371041881640966], "diversity": [6.072345787177429, 6.089887211471135, 6.010453345419554, 6.049776693489392, 6.029949484828009, 6.032019756150694, 5.9835801806102396, 6.042983831245666, 6.09314665094015, 6.115675335265092], "discriminative_pow": [[0.9295690074308328, 0.0], [0.9254445235060833, 0.0], [0.9246555471730368, 0.0], [0.9287667549258217, 0.0], [0.9266737623541355, 0.0], [0.9284545584982956, 0.0], [0.9281037783344628, 0.0], [0.9305076774494799, 0.0], [0.9265657822564529, 0.0], [0.9279717607883318, 0.0]]}