{"sigma": 2, "targeting_criterion": null, "beta": 0, "gamma": 0, "verbose": false, "human_network": "follower_network.gml", "output_cascades": false, "epsilon": 0.0001, "rho": 0.8, "mu": 0.5, "phi": 0, "theta": 1, "graph_gml": "/N/project/simsom/simsom_v3/v3.3_10222023/data/network_baseline.gml", "mode": "igraph", "n_threads": 7, "appeal_exp": 5, "quality": [0.9034657414760923, 0.9121271937949971, 0.8826489669985457, 0.8977525410090277, 0.8996666312021036, 0.9089011154688014, 0.8998710979283256, 0.8747989431306501, 0.9012640134047767, 0.9009018317297475], "diversity": [5.174704360305121, 5.004001590810017, 5.242000602486346, 5.134102131760458, 4.828779829409375, 5.001860496235014, 5.213913818280179, 4.972712794412362, 5.184392396646461, 5.052474452419029], "discriminative_pow": [[0.8826004936507804, 0.0], [0.8858294981651798, 0.0], [0.8808162421231529, 0.0], [0.8807755120539233, 0.0], [0.8803021048206364, 0.0], [0.8868842015278261, 0.0], [0.8879217656986228, 0.0], [0.8788316893921526, 0.0], [0.8822227284657516, 0.0], [0.8791713976553871, 0.0]]}