{"sigma": 64, "targeting_criterion": null, "beta": 0, "gamma": 0, "verbose": false, "human_network": "follower_network.gml", "output_cascades": false, "epsilon": 0.0001, "rho": 0.8, "mu": 0.5, "phi": 0, "theta": 1, "graph_gml": "/N/project/simsom/simsom_v3/v3.3_10222023/data/network_baseline.gml", "mode": "igraph", "n_threads": 7, "appeal_exp": 5, "quality": [0.9025348715252447, 0.9022079840241812, 0.8998349208138697, 0.9028150043694936, 0.8968991070922914, 0.9011336266144447, 0.9008605843802362, 0.8975627021017059, 0.9010402583044146, 0.9001459988193573], "diversity": [8.17703749007962, 8.179483085214503, 8.21087106330815, 8.165474061698601, 8.170699177841337, 8.13500932222265, 8.174192463372904, 8.16548177315912, 8.178434862353125, 8.16044887076351], "discriminative_pow": [[0.7159093731788512, 0.0], [0.7167930620542097, 0.0], [0.7155405253968233, 0.0], [0.7171854134917076, 0.0], [0.7231318072042658, 0.0], [0.7198204484252415, 0.0], [0.7160122354531765, 0.0], [0.7136546243126554, 0.0], [0.7215959054774734, 0.0], [0.7166353948654945, 0.0]]}