{"sigma": 8, "targeting_criterion": null, "beta": 0, "gamma": 0, "verbose": false, "human_network": "follower_network.gml", "output_cascades": false, "epsilon": 0.0001, "rho": 0.8, "mu": 0.5, "phi": 0, "theta": 1, "graph_gml": "/N/project/simsom/simsom_v3/v3.3_10222023/data/network_baseline.gml", "mode": "igraph", "n_threads": 7, "appeal_exp": 5, "quality": [0.897317202581064, 0.8937225714583908, 0.8897477269121279, 0.9063843413770607, 0.9014280300057246, 0.8926411322904992, 0.9108588416555459, 0.9114433052853185, 0.9065926112353655, 0.9044381524857564], "diversity": [5.956894029686528, 6.043835904437659, 6.104013539757228, 6.021820435229972, 6.058112403322529, 6.079165146159361, 5.843929122830624, 6.032525557818138, 6.057921828404693, 5.9863039017410395], "discriminative_pow": [[0.8501700084487225, 0.0], [0.8428190129952706, 0.0], [0.8428420507070079, 0.0], [0.8413000679796426, 0.0], [0.8424292184493427, 0.0], [0.8443929569891065, 0.0], [0.8500739674681245, 0.0], [0.8470688054521842, 0.0], [0.8479116004358702, 0.0], [0.8501501564082963, 0.0]]}