{"sigma": 1, "targeting_criterion": null, "beta": 0, "gamma": 0, "verbose": false, "human_network": "follower_network.gml", "output_cascades": false, "epsilon": 0.0001, "rho": 0.8, "mu": 0.5, "phi": 0, "theta": 1, "graph_gml": "/N/project/simsom/simsom_v3/v3.3_10222023/data/network_baseline.gml", "mode": "igraph", "n_threads": 7, "appeal_exp": 5, "quality": [0.8983738162752272, 0.8966483683223453, 0.9112892656253829, 0.909051321881328, 0.8911894558262778, 0.9058725866422183, 0.9070531501852039, 0.9055997066786455, 0.9058756157579254, 0.9191678830619487], "diversity": [4.655859886275141, 4.5725868967847285, 4.757296754497126, 4.6239687405172605, 4.592793269145809, 4.519651677956096, 4.749958571676167, 4.632182043364527, 4.722879248917757, 5.106319975368377], "discriminative_pow": [[0.8956807568568229, 0.0], [0.892758934590244, 0.0], [0.9065699121320743, 0.0], [0.894290803632717, 0.0], [0.8970219577958118, 0.0], [0.8918099057923946, 0.0], [0.8946011662074935, 0.0], [0.8994610714492175, 0.0], [0.9007261225162023, 0.0], [0.8940563258950146, 0.0]]}