{"sigma": 32, "targeting_criterion": null, "beta": 0, "gamma": 0, "verbose": false, "human_network": "follower_network.gml", "output_cascades": false, "epsilon": 0.0001, "rho": 0.8, "mu": 0.5, "phi": 0, "theta": 1, "graph_gml": "/N/project/simsom/simsom_v3/v3.3_10222023/data/network_baseline.gml", "mode": "igraph", "n_threads": 7, "appeal_exp": 5, "quality": [0.9023020643695787, 0.8951850606484115, 0.9011829481765594, 0.897566154259384, 0.9034668356472491, 0.9054804223001575, 0.8927282526790976, 0.9055879478463607, 0.9118472846584272, 0.8972028191446573], "diversity": [7.4996038244126755, 7.574542870818744, 7.60420153242437, 7.533065231731247, 7.572588856007087, 7.518570703288309, 7.526909672106469, 7.502566497036164, 7.560780508531603, 7.534122780873673], "discriminative_pow": [[0.7585707795539371, 0.0], [0.7591379363692294, 0.0], [0.7504753556872817, 0.0], [0.7588255188554965, 0.0], [0.7558113612982946, 0.0], [0.7561979794281275, 0.0], [0.7553841410173612, 0.0], [0.7573794242334653, 0.0], [0.752800850489914, 0.0], [0.7509155266970685, 0.0]]}