{"sigma": 16, "targeting_criterion": null, "beta": 0, "gamma": 0, "verbose": false, "human_network": "follower_network.gml", "output_cascades": false, "epsilon": 0.0001, "rho": 0.8, "mu": 0.5, "phi": 0, "theta": 1, "graph_gml": "/N/project/simsom/simsom_v3/v3.3_10222023/data/network_baseline.gml", "mode": "igraph", "n_threads": 7, "appeal_exp": 5, "quality": [0.8936933438092609, 0.8974043004077785, 0.9067611125851562, 0.8982861742414263, 0.89928613870897, 0.8985195927572969, 0.8956489277009314, 0.9065928857120082, 0.898660629559948, 0.8946859494773906], "diversity": [6.887949418553427, 6.844575589538099, 6.781220970500639, 6.812157439426515, 6.945073507810065, 6.916095266232407, 6.8389157965963765, 6.84930656940163, 6.824701557224982, 6.813568745009971], "discriminative_pow": [[0.8096131914276645, 0.0], [0.8016082442988693, 0.0], [0.8041148596727127, 0.0], [0.8038738370927688, 0.0], [0.8032428910162258, 0.0], [0.7974763080397609, 0.0], [0.795353638085795, 0.0], [0.8052866028719111, 0.0], [0.8078276895041946, 0.0], [0.7963675642136107, 0.0]]}