{"sigma": 128, "targeting_criterion": null, "beta": 0, "gamma": 0, "verbose": false, "human_network": "follower_network.gml", "output_cascades": false, "epsilon": 0.0001, "rho": 0.8, "mu": 0.5, "phi": 0, "theta": 1, "graph_gml": "/N/project/simsom/simsom_v3/v3.3_10222023/data/network_baseline.gml", "mode": "igraph", "n_threads": 7, "appeal_exp": 5, "quality": [0.8996806373020216, 0.9001392767964067, 0.8988801227707938, 0.9031820061911313, 0.9008387157417921, 0.90068735223567, 0.8988453252044408, 0.901802697677415, 0.9015492745358594, 0.8995999038639587], "diversity": [8.741397506057561, 8.763528266951099, 8.734238593764779, 8.806444424346902, 8.729674633958918, 8.747247916145671, 8.760380904698316, 8.743357464762553, 8.749046179654064, 8.729573831444505], "discriminative_pow": [[0.6892340097233518, 0.0], [0.6906731767646728, 0.0], [0.682736886608636, 0.0], [0.692085963195511, 0.0], [0.6891666983935015, 0.0], [0.6870492289449281, 0.0], [0.6915303308171428, 0.0], [0.689768420848318, 0.0], [0.6846397266868127, 0.0], [0.6941082485291921, 0.0]]}