{"sigma": 4, "targeting_criterion": null, "beta": 0, "gamma": 0, "verbose": false, "human_network": "follower_network.gml", "output_cascades": false, "epsilon": 0.0001, "rho": 0.8, "mu": 0.5, "phi": 0, "theta": 1, "graph_gml": "/N/project/simsom/simsom_v3/v3.3_10222023/data/network_baseline.gml", "mode": "igraph", "n_threads": 7, "appeal_exp": 5, "quality": [0.9042851732978626, 0.9080267811816818, 0.8985842441538874, 0.9036669294820923, 0.897798530957883, 0.8868622745195331, 0.904692416338708, 0.8890912652537228, 0.9038549820950487, 0.9086242935552106], "diversity": [5.4431278754738335, 5.535340053049455, 5.359254721595867, 5.354985049897008, 5.437651814666717, 5.459550391026976, 5.22386287849981, 5.320942522487794, 5.440986748956479, 5.2666986998034915], "discriminative_pow": [[0.8674246897818803, 0.0], [0.8673061444056587, 0.0], [0.8720286944270369, 0.0], [0.8729641117192002, 0.0], [0.8695328534429136, 0.0], [0.8703475443735806, 0.0], [0.8683676502300778, 0.0], [0.8682076761994489, 0.0], [0.8680195962142143, 0.0], [0.8713144091950554, 0.0]]}