{"phi": 0.0, "gamma": 0.0001, "beta": 0.05, "targeting_criterion": null, "verbose": false, "human_network": "follower_network.gml", "output_cascades": false, "epsilon": 0.0001, "rho": 0.8, "mu": 0.5, "sigma": 15, "theta": 1, "graph_gml": "/N/project/simsom/simsom_v3/v3.3_10222023/data/vary_network/network_00.gml", "mode": "igraph", "n_threads": 7, "appeal_exp": 5, "quality": [0.9029045051666347, 0.9101099461820635, 0.90009466307129, 0.9077313439635654, 0.9016800675127737, 0.8994996364687571, 0.9032563539569114, 0.9058884633848138, 0.8961630585309883, 0.8870573507405932], "diversity": [6.9202808866466015, 6.913561786102983, 6.925674507354598, 6.852022904065887, 6.961948798022085, 6.8853079853269, 6.81532491620754, 6.86403900962264, 6.989821849332466, 6.8961865131217746], "discriminative_pow": [[0.8192853606855681, 0.0], [0.8312660715479427, 0.0], [0.8269414553825873, 0.0], [0.8239899151650998, 0.0], [0.8269513963374889, 0.0], [0.8222978541720075, 0.0], [0.8247242193462725, 0.0], [0.8263746243674325, 0.0], [0.8266771939366441, 0.0], [0.8263498346173628, 0.0]]}