{"phi": 0.0, "gamma": 0.001, "beta": 0.05, "targeting_criterion": null, "verbose": false, "human_network": "follower_network.gml", "output_cascades": false, "epsilon": 0.0001, "rho": 0.8, "mu": 0.5, "sigma": 15, "theta": 1, "graph_gml": "/N/project/simsom/simsom_v3/v3.3_10222023/data/vary_network/network_10.gml", "mode": "igraph", "n_threads": 7, "appeal_exp": 5, "quality": [0.8579277525752071, 0.8844541107598087, 0.8796260604036965, 0.8862073307115816, 0.8906509121828179, 0.8740453272436355, 0.8850476653546956, 0.8874766311275984, 0.881453683447987, 0.890767036006281], "diversity": [6.870032175677845, 6.8920655646109505, 6.921486917963582, 6.932223240026072, 6.940370834295868, 6.973341296393335, 7.024489717381439, 6.917171617082079, 6.912848148033974, 6.952657290717266], "discriminative_pow": [[0.8227206352880221, 0.0], [0.8277364412571806, 0.0], [0.8196157393937541, 0.0], [0.8174554305638392, 0.0], [0.816286398810254, 0.0], [0.8278565474338179, 0.0], [0.8193865798536156, 0.0], [0.8241386986302168, 0.0], [0.8231149249370375, 0.0], [0.8232773641596187, 0.0]]}