{"phi": 0.0, "gamma": 0.01, "beta": 0.05, "targeting_criterion": null, "verbose": false, "human_network": "follower_network.gml", "output_cascades": false, "epsilon": 0.0001, "rho": 0.8, "mu": 0.5, "sigma": 15, "theta": 1, "graph_gml": "/N/project/simsom/simsom_v3/v3.3_10222023/data/vary_network/network_20.gml", "mode": "igraph", "n_threads": 7, "appeal_exp": 5, "quality": [0.723149042142401, 0.7794012391230005, 0.7734502327895162, 0.7801239309387245, 0.7792200941509767, 0.7657676363641628, 0.7402041996741366, 0.7973593058597708, 0.7566032722070452, 0.7735091663805942], "diversity": [6.880240850052759, 6.891687098775369, 6.835804996319826, 6.872948675280623, 6.889322997553248, 6.8655800052396, 6.956504751650829, 6.919880757751448, 6.8584513489845484, 6.878282353648162], "discriminative_pow": [[0.8175462191308209, 0.0], [0.8155580842322643, 0.0], [0.823072952758402, 0.0], [0.8167278978814575, 0.0], [0.8165862664345517, 0.0], [0.8197359768117268, 0.0], [0.816764278973812, 0.0], [0.8202882813485938, 0.0], [0.8219692826558165, 0.0], [0.8150157424628034, 0.0]]}