{"phi": 0.0, "gamma": 0.1, "beta": 0.05, "targeting_criterion": null, "verbose": false, "human_network": "follower_network.gml", "output_cascades": false, "epsilon": 0.0001, "rho": 0.8, "mu": 0.5, "sigma": 15, "theta": 1, "graph_gml": "/N/project/simsom/simsom_v3/v3.3_10222023/data/vary_network/network_30.gml", "mode": "igraph", "n_threads": 7, "appeal_exp": 5, "quality": [0.42943426434242304, 0.4570056363187515, 0.43215357668004156, 0.43520271189549165, 0.44085304470420195, 0.47026460462280056, 0.4566702099422877, 0.430382459115349, 0.4295608234573555, 0.45522674951554076], "diversity": [5.971011466502377, 6.022809598181765, 6.07512823637458, 6.085384320485913, 6.101918553000118, 6.120653255530142, 6.16587644927181, 6.128869825961882, 6.073663817921977, 6.131302697901788], "discriminative_pow": [[0.8783387949127708, 0.0], [0.8739452439871758, 0.0], [0.8688966697767342, 0.0], [0.8687686126868256, 0.0], [0.8733558663337609, 0.0], [0.8713302031721019, 0.0], [0.8740242995933575, 0.0], [0.8659581716266775, 0.0], [0.8724738137088025, 0.0], [0.8684605532140037, 0.0]]}