{"phi": 0.1, "gamma": 0.0001, "beta": 0.05, "targeting_criterion": null, "verbose": false, "human_network": "follower_network.gml", "output_cascades": false, "epsilon": 0.0001, "rho": 0.8, "mu": 0.5, "sigma": 15, "theta": 1, "graph_gml": "/N/project/simsom/simsom_v3/v3.3_10222023/data/vary_network/network_00.gml", "mode": "igraph", "n_threads": 7, "appeal_exp": 5, "quality": [0.8985663825794113, 0.840728991375131, 0.8940675612574578, 0.8986101288226577, 0.8964434182810319, 0.8969457235673082, 0.9035202774017241, 0.8904538804039686, 0.8909469761431322, 0.8328175457193996], "diversity": [6.947425999050223, 6.941851247960024, 6.953140324807702, 6.954275650692148, 6.920263812678675, 6.833086477543341, 6.865876279523913, 6.868895106903662, 6.911982008078896, 6.969939295498098], "discriminative_pow": [[0.8197406506362614, 0.0], [0.8249454246947269, 0.0], [0.821822180622784, 0.0], [0.8266879106362508, 0.0], [0.8255020069557683, 0.0], [0.8267231806369081, 0.0], [0.8261248113784531, 0.0], [0.8332807329336915, 0.0], [0.8242958049556612, 0.0], [0.8315776311078776, 0.0]]}