{"phi": 1.0, "gamma": 0.0001, "beta": 0.05, "targeting_criterion": null, "verbose": false, "human_network": "follower_network.gml", "output_cascades": false, "epsilon": 0.0001, "rho": 0.8, "mu": 0.5, "sigma": 15, "theta": 1, "graph_gml": "/N/project/simsom/simsom_v3/v3.3_10222023/data/vary_network/network_00.gml", "mode": "igraph", "n_threads": 7, "appeal_exp": 5, "quality": [0.8524361614624695, 0.8445477394418445, 0.8961641857065292, 0.8685820538148886, 0.8543693097106538, 0.8813991272143012, 0.8406026238039198, 0.8444357051642456, 0.9061215628299428, 0.8953936204013332], "diversity": [6.942248241189516, 7.012731059350319, 6.890332202194157, 7.046284176661472, 6.865306746901269, 6.938771144553254, 7.009066828286922, 6.921119643356754, 6.978473446255341, 6.922088090382175], "discriminative_pow": [[0.8310210414705499, 0.0], [0.8377672952521913, 0.0], [0.8252858813899203, 0.0], [0.8335549727249716, 0.0], [0.8312210134986397, 0.0], [0.8284403165802237, 0.0], [0.8284321835926237, 0.0], [0.8335818378796619, 0.0], [0.8219733655393621, 0.0], [0.8307058289958194, 0.0]]}