{"phi": 1.0, "gamma": 0.001, "beta": 0.05, "targeting_criterion": null, "verbose": false, "human_network": "follower_network.gml", "output_cascades": false, "epsilon": 0.0001, "rho": 0.8, "mu": 0.5, "sigma": 15, "theta": 1, "graph_gml": "/N/project/simsom/simsom_v3/v3.3_10222023/data/vary_network/network_10.gml", "mode": "igraph", "n_threads": 7, "appeal_exp": 5, "quality": [0.799761207058652, 0.7673428407404079, 0.7689928084337969, 0.760524350854574, 0.8294260671695824, 0.7538919386544982, 0.7534929074565829, 0.7493771366973959, 0.7494397283690961, 0.7672325904482059], "diversity": [6.924282885708029, 6.912969226004812, 6.91462374349708, 6.890222088480066, 6.929417141839853, 6.901247172655008, 7.06458357617552, 6.930429403776036, 6.949849384984257, 6.958246041544161], "discriminative_pow": [[0.8273970074745904, 0.0], [0.8350668985653905, 0.0], [0.8373348686009373, 0.0], [0.8409199204696036, 0.0], [0.8245431744248443, 0.0], [0.8392274101771674, 0.0], [0.8345195731695542, 0.0], [0.8390938904352262, 0.0], [0.8409491690127482, 0.0], [0.8332842121241977, 0.0]]}