{"phi": 1.0, "gamma": 0.01, "beta": 0.05, "targeting_criterion": null, "verbose": false, "human_network": "follower_network.gml", "output_cascades": false, "epsilon": 0.0001, "rho": 0.8, "mu": 0.5, "sigma": 15, "theta": 1, "graph_gml": "/N/project/simsom/simsom_v3/v3.3_10222023/data/vary_network/network_20.gml", "mode": "igraph", "n_threads": 7, "appeal_exp": 5, "quality": [0.659778627571239, 0.6314778505142433, 0.6557484905765265, 0.6360923422247073, 0.6394440607052501, 0.6513663217795062, 0.6296387897609267, 0.6397551932305068, 0.6494771192681241, 0.6754416470353712], "diversity": [6.986665020759462, 6.807504012563469, 6.931839060350642, 6.900366964689712, 6.982392894731047, 6.923894507687077, 6.93183948210652, 6.919272220781403, 6.937945845354006, 6.955338548091647], "discriminative_pow": [[0.8113187327554445, 0.0], [0.8166119469448057, 0.0], [0.8098289076246364, 0.0], [0.8170128673891914, 0.0], [0.8165638179827555, 0.0], [0.8133104628754715, 0.0], [0.812876501708532, 0.0], [0.8181798842711203, 0.0], [0.8122952653568987, 0.0], [0.8116690852390758, 0.0]]}