{"phi": 1.0, "gamma": 0.1, "beta": 0.05, "targeting_criterion": null, "verbose": false, "human_network": "follower_network.gml", "output_cascades": false, "epsilon": 0.0001, "rho": 0.8, "mu": 0.5, "sigma": 15, "theta": 1, "graph_gml": "/N/project/simsom/simsom_v3/v3.3_10222023/data/vary_network/network_30.gml", "mode": "igraph", "n_threads": 7, "appeal_exp": 5, "quality": [0.379422479798341, 0.36668455204175154, 0.3689873216577499, 0.3690243433159209, 0.3841340385047483, 0.37332845242966367, 0.3677926736497393, 0.38196085507663785, 0.3796525729795247, 0.36653845777189165], "diversity": [6.161682931120424, 6.1155869941373435, 6.11371257568375, 6.175079652714693, 6.163402943923558, 6.125019200968772, 6.220960276752429, 6.142460346299833, 6.195247537135264, 6.1467394551525425], "discriminative_pow": [[0.8859313178661404, 0.0], [0.8880965416613723, 0.0], [0.8866571637421367, 0.0], [0.884591696620243, 0.0], [0.88714241447465, 0.0], [0.8866009411699737, 0.0], [0.8850878977249019, 0.0], [0.8873999737794085, 0.0], [0.8855621062718988, 0.0], [0.8854366071242734, 0.0]]}