{"phi": 0.1, "gamma": 0.001, "beta": 0.05, "targeting_criterion": null, "verbose": false, "human_network": "follower_network.gml", "output_cascades": false, "epsilon": 0.0001, "rho": 0.8, "mu": 0.5, "sigma": 15, "theta": 1, "graph_gml": "/N/project/simsom/simsom_v3/v3.3_10222023/data/vary_network/network_10.gml", "mode": "igraph", "n_threads": 7, "appeal_exp": 5, "quality": [0.7555915090425228, 0.8546691425903439, 0.7707017329520804, 0.8099806558590812, 0.7853734784868481, 0.7833893642467672, 0.8335063595115774, 0.835804907238427, 0.7741370556411153, 0.8537601626456732], "diversity": [6.932438471333598, 6.867043706597849, 6.894626364747955, 6.924375919869288, 6.910621129282797, 6.9104350051713865, 6.909125852428135, 6.945151734082668, 6.958831242765231, 6.866955033039247], "discriminative_pow": [[0.8466813735523973, 0.0], [0.825116345964856, 0.0], [0.8417606674053103, 0.0], [0.8335277526262838, 0.0], [0.8293059820090911, 0.0], [0.84265686010228, 0.0], [0.8352229931503343, 0.0], [0.8326315372939536, 0.0], [0.8454421033954072, 0.0], [0.8263205969872589, 0.0]]}