{"phi": 0.1, "gamma": 0.01, "beta": 0.05, "targeting_criterion": null, "verbose": false, "human_network": "follower_network.gml", "output_cascades": false, "epsilon": 0.0001, "rho": 0.8, "mu": 0.5, "sigma": 15, "theta": 1, "graph_gml": "/N/project/simsom/simsom_v3/v3.3_10222023/data/vary_network/network_20.gml", "mode": "igraph", "n_threads": 7, "appeal_exp": 5, "quality": [0.6729639885079819, 0.6828167164206407, 0.6660143398373127, 0.7078878127928693, 0.6696469154553767, 0.6865590378540565, 0.6611233288239915, 0.7042121614537401, 0.6733474052759927, 0.6784933593715538], "diversity": [6.782302887873621, 6.832029888614128, 6.7343328102864914, 6.771694042776577, 6.757767422309511, 6.78613669381396, 6.693681623023104, 6.783386408966496, 6.75778406118757, 6.806800611664645], "discriminative_pow": [[0.8506520613535322, 0.0], [0.8423034466766505, 0.0], [0.8476039324445603, 0.0], [0.835978787553792, 0.0], [0.8449291238135627, 0.0], [0.8408051643762336, 0.0], [0.8553832509151171, 0.0], [0.8370559848519923, 0.0], [0.8523918861615605, 0.0], [0.8386140281833036, 0.0]]}