{"phi": 0.1, "gamma": 0.1, "beta": 0.05, "targeting_criterion": null, "verbose": false, "human_network": "follower_network.gml", "output_cascades": false, "epsilon": 0.0001, "rho": 0.8, "mu": 0.5, "sigma": 15, "theta": 1, "graph_gml": "/N/project/simsom/simsom_v3/v3.3_10222023/data/vary_network/network_30.gml", "mode": "igraph", "n_threads": 7, "appeal_exp": 5, "quality": [0.4033992649290995, 0.41452185481921816, 0.3892105495413196, 0.40534987381930787, 0.4170174556920007], "diversity": [6.032173503450593, 6.003053131218291, 5.996760710019789, 6.019513785141548, 6.029186228153309], "discriminative_pow": [[0.9034172980903815, 0.0], [0.9029858683531219, 0.0], [0.9035891419475685, 0.0], [0.9018479812620346, 0.0], [0.9032439870677252, 0.0]]}