{"phi": 0.2, "gamma": 0.0001, "beta": 0.05, "targeting_criterion": null, "verbose": false, "human_network": "follower_network.gml", "output_cascades": false, "epsilon": 0.0001, "rho": 0.8, "mu": 0.5, "sigma": 15, "theta": 1, "graph_gml": "/N/project/simsom/simsom_v3/v3.3_10222023/data/vary_network/network_00.gml", "mode": "igraph", "n_threads": 7, "appeal_exp": 5, "quality": [0.8562957880683508, 0.9018688298403785, 0.8404897868331669, 0.8990794152131472, 0.8932469898559248, 0.8985958878862181, 0.8868537206549034, 0.8951356927003059, 0.8869752371848243, 0.895032434788902], "diversity": [6.920632179940297, 6.953746675607588, 7.022669100894326, 6.8604312571953585, 6.870860508606582, 6.933731091861778, 6.863473758431368, 6.952847848872426, 6.874935984474256, 6.851818207872276], "discriminative_pow": [[0.8331422370889127, 0.0], [0.8277916294748527, 0.0], [0.8300233425645599, 0.0], [0.8194933009063639, 0.0], [0.8267498226065217, 0.0], [0.8181173799493021, 0.0], [0.8245408045345006, 0.0], [0.8192740815638271, 0.0], [0.8261519763054039, 0.0], [0.8269662436038152, 0.0]]}