{"phi": 0.2, "gamma": 0.001, "beta": 0.05, "targeting_criterion": null, "verbose": false, "human_network": "follower_network.gml", "output_cascades": false, "epsilon": 0.0001, "rho": 0.8, "mu": 0.5, "sigma": 15, "theta": 1, "graph_gml": "/N/project/simsom/simsom_v3/v3.3_10222023/data/vary_network/network_10.gml", "mode": "igraph", "n_threads": 7, "appeal_exp": 5, "quality": [0.7448656948303698, 0.7637359361886158, 0.7729060837157474, 0.8178798401533858, 0.78891549799055, 0.7648944261954599, 0.7999128940742098, 0.7814547858469058, 0.8137639683290567, 0.7551148438448024], "diversity": [6.8097353951221375, 6.941533492593968, 6.8791212649410225, 6.925342551493928, 6.893246643636207, 6.892396146651248, 6.95462730472342, 6.944537130078325, 6.892656764980546, 6.867395539081239], "discriminative_pow": [[0.8467366174194652, 0.0], [0.8412573738304243, 0.0], [0.8478083341810618, 0.0], [0.8284272377731641, 0.0], [0.8359702791334004, 0.0], [0.845793427492929, 0.0], [0.8347435988038671, 0.0], [0.8423019661924757, 0.0], [0.8323292681492225, 0.0], [0.8439332078999882, 0.0]]}