{"phi": 0.2, "gamma": 0.01, "beta": 0.05, "targeting_criterion": null, "verbose": false, "human_network": "follower_network.gml", "output_cascades": false, "epsilon": 0.0001, "rho": 0.8, "mu": 0.5, "sigma": 15, "theta": 1, "graph_gml": "/N/project/simsom/simsom_v3/v3.3_10222023/data/vary_network/network_20.gml", "mode": "igraph", "n_threads": 7, "appeal_exp": 5, "quality": [0.6632169264491361, 0.6497731405356344, 0.6527131502698521, 0.6703230052772313, 0.6544906445131927, 0.6598294094776922, 0.6684622308900314, 0.6528267657324515, 0.6640113691622306, 0.6569634322634078], "diversity": [6.844558076006855, 6.779659341617654, 6.798936653626565, 6.841560060565365, 6.775801950669017, 6.836518891320011, 6.78537012109931, 6.870079835021901, 6.776189469562156, 6.774208629952307], "discriminative_pow": [[0.8487812165465023, 0.0], [0.8392384105879427, 0.0], [0.8414353866234073, 0.0], [0.8607007455077214, 0.0], [0.8565669828230176, 0.0], [0.8463451975817404, 0.0], [0.8479168031477016, 0.0], [0.8559799658656867, 0.0], [0.8439434845562886, 0.0], [0.8480124514531661, 0.0]]}