{"phi": 0.2, "gamma": 0.1, "beta": 0.05, "targeting_criterion": null, "verbose": false, "human_network": "follower_network.gml", "output_cascades": false, "epsilon": 0.0001, "rho": 0.8, "mu": 0.5, "sigma": 15, "theta": 1, "graph_gml": "/N/project/simsom/simsom_v3/v3.3_10222023/data/vary_network/network_30.gml", "mode": "igraph", "n_threads": 7, "appeal_exp": 5, "quality": [0.38865064495897045, 0.41006118136376524, 0.40404890619979633, 0.3741531924442852, 0.4051435254023191], "diversity": [6.089196350252824, 6.027311785961175, 6.031861985172618, 5.966273005919794, 6.003187097666091], "discriminative_pow": [[0.9036122500889614, 0.0], [0.905514255412785, 0.0], [0.8990289941758214, 0.0], [0.9039559589508602, 0.0], [0.9030311531915699, 0.0]]}