{"phi": 0.30000000000000004, "gamma": 0.0001, "beta": 0.05, "targeting_criterion": null, "verbose": false, "human_network": "follower_network.gml", "output_cascades": false, "epsilon": 0.0001, "rho": 0.8, "mu": 0.5, "sigma": 15, "theta": 1, "graph_gml": "/N/project/simsom/simsom_v3/v3.3_10222023/data/vary_network/network_00.gml", "mode": "igraph", "n_threads": 7, "appeal_exp": 5, "quality": [0.9026251534787556, 0.8650339191183612, 0.898815949614483, 0.8933544988926609, 0.8576170600555468, 0.8957803601254786, 0.8885362437653235, 0.9017337727130835, 0.8992945922146915, 0.8671418121685188], "diversity": [6.992594293298799, 6.969311264564395, 6.811551588530887, 6.959426873114563, 6.938851754719554, 6.91999929465044, 6.872983219920348, 6.8985257775612325, 6.964027027172333, 6.961523707137385], "discriminative_pow": [[0.8192554672093434, 0.0], [0.8209371729086836, 0.0], [0.8281774117738085, 0.0], [0.8253653780668491, 0.0], [0.8345493406996981, 0.0], [0.8261028245394314, 0.0], [0.8349208038622399, 0.0], [0.821731668180205, 0.0], [0.8274802761338206, 0.0], [0.8307155636323375, 0.0]]}