{"phi": 0.30000000000000004, "gamma": 0.001, "beta": 0.05, "targeting_criterion": null, "verbose": false, "human_network": "follower_network.gml", "output_cascades": false, "epsilon": 0.0001, "rho": 0.8, "mu": 0.5, "sigma": 15, "theta": 1, "graph_gml": "/N/project/simsom/simsom_v3/v3.3_10222023/data/vary_network/network_10.gml", "mode": "igraph", "n_threads": 7, "appeal_exp": 5, "quality": [0.7953899704901525, 0.7759718115610705, 0.7986603143166126, 0.7708544847574281, 0.7858130339977852, 0.7680887030840802, 0.7668214994582704, 0.7645120152237914, 0.752939916724928, 0.7623354792846117], "diversity": [6.902188966229809, 6.867836756409346, 6.856891312075857, 6.894624665008972, 6.8588007895143175, 6.847853963439778, 6.890148116781953, 6.942082172324204, 6.8628488342931995, 6.967438680497075], "discriminative_pow": [[0.8322507420861727, 0.0], [0.8433758508783546, 0.0], [0.8356208846978641, 0.0], [0.8414653836897114, 0.0], [0.8387856610117721, 0.0], [0.8382366194321011, 0.0], [0.8381961263921753, 0.0], [0.8461135522775116, 0.0], [0.8423468380695512, 0.0], [0.8427873941774757, 0.0]]}