{"phi": 0.30000000000000004, "gamma": 0.01, "beta": 0.05, "targeting_criterion": null, "verbose": false, "human_network": "follower_network.gml", "output_cascades": false, "epsilon": 0.0001, "rho": 0.8, "mu": 0.5, "sigma": 15, "theta": 1, "graph_gml": "/N/project/simsom/simsom_v3/v3.3_10222023/data/vary_network/network_20.gml", "mode": "igraph", "n_threads": 7, "appeal_exp": 5, "quality": [0.6525223141158676, 0.6704970044653398, 0.6516294900134678, 0.7066820178324383, 0.6554337500522927, 0.6532265553664539, 0.6697264012051883, 0.6584762197763765, 0.6596215624947827, 0.6570270635751438], "diversity": [6.840139271367287, 6.896454945779432, 6.865530198446512, 6.7817275051995844, 6.8196990317756, 6.913057364259455, 6.826487050872129, 6.803214899212115, 6.856493303207995, 6.822465479387464], "discriminative_pow": [[0.8443647528352848, 0.0], [0.8435046905301368, 0.0], [0.8480854440489356, 0.0], [0.8357756451485646, 0.0], [0.8502228481623817, 0.0], [0.8468808353110504, 0.0], [0.8455546794849126, 0.0], [0.8388778447456715, 0.0], [0.8440334211785443, 0.0], [0.847323528937507, 0.0]]}