{"phi": 0.30000000000000004, "gamma": 0.1, "beta": 0.05, "targeting_criterion": null, "verbose": false, "human_network": "follower_network.gml", "output_cascades": false, "epsilon": 0.0001, "rho": 0.8, "mu": 0.5, "sigma": 15, "theta": 1, "graph_gml": "/N/project/simsom/simsom_v3/v3.3_10222023/data/vary_network/network_30.gml", "mode": "igraph", "n_threads": 7, "appeal_exp": 5, "quality": [0.3975821042154653, 0.41208286536508176, 0.3930315406879103, 0.39247994400614467, 0.381667458497299, 0.38682809251413325, 0.40211603059608175, 0.38790206996593185, 0.38579821152638316, 0.3771308149971976], "diversity": [6.025021496990007, 6.009037312802739, 6.0456230550606485, 6.044732524885617, 6.057105271630418, 5.998947180202981, 6.0397743716771695, 5.973358169594443, 6.0368417950506466, 5.972014609424656], "discriminative_pow": [[0.8987886362181865, 0.0], [0.896946022744739, 0.0], [0.9025399432452806, 0.0], [0.9041443422599805, 0.0], [0.9033987381876565, 0.0], [0.904154046230128, 0.0], [0.9037638324752253, 0.0], [0.9005507190240072, 0.0], [0.9008919003169851, 0.0], [0.9033574099823295, 0.0]]}