{"phi": 0.4, "gamma": 0.0001, "beta": 0.05, "targeting_criterion": null, "verbose": false, "human_network": "follower_network.gml", "output_cascades": false, "epsilon": 0.0001, "rho": 0.8, "mu": 0.5, "sigma": 15, "theta": 1, "graph_gml": "/N/project/simsom/simsom_v3/v3.3_10222023/data/vary_network/network_00.gml", "mode": "igraph", "n_threads": 7, "appeal_exp": 5, "quality": [0.8510173112962148, 0.8600265830812895, 0.9010535786509928, 0.8856283396866064, 0.9070032654867608, 0.8361447067748803, 0.8663059284051249, 0.8589548534566878, 0.8847265314566011, 0.8646119622127848], "diversity": [6.983054440613665, 6.945784766360926, 6.8817986558501945, 6.8670983529014045, 6.9229516737975, 6.904065739071212, 6.996072728621041, 6.884486725878111, 6.953155149213161, 6.921870220681595], "discriminative_pow": [[0.8282196972660294, 0.0], [0.8203859764031786, 0.0], [0.825633486576822, 0.0], [0.8318687919246217, 0.0], [0.8287322041958897, 0.0], [0.8359819073278575, 0.0], [0.8252706130796943, 0.0], [0.8321717676453307, 0.0], [0.8299532539340396, 0.0], [0.8235655390749551, 0.0]]}