{"phi": 0.4, "gamma": 0.001, "beta": 0.05, "targeting_criterion": null, "verbose": false, "human_network": "follower_network.gml", "output_cascades": false, "epsilon": 0.0001, "rho": 0.8, "mu": 0.5, "sigma": 15, "theta": 1, "graph_gml": "/N/project/simsom/simsom_v3/v3.3_10222023/data/vary_network/network_10.gml", "mode": "igraph", "n_threads": 7, "appeal_exp": 5, "quality": [0.7600879195298239, 0.7644254349227836, 0.7552321515829982, 0.8208752808051176, 0.7857449772906459, 0.769118089907975, 0.7948603720090506, 0.7448370169273998, 0.8154576081512341, 0.7687265813506607], "diversity": [6.8754386328123145, 7.021672049221644, 6.881272066580633, 6.873418485648062, 6.927219271571231, 7.015197510496744, 6.916225543592189, 6.874644642660389, 6.924807924405513, 6.979774700673133], "discriminative_pow": [[0.8421262983044286, 0.0], [0.8385637415780987, 0.0], [0.8496094766283245, 0.0], [0.8386615832080694, 0.0], [0.8387440050176096, 0.0], [0.8424313748603984, 0.0], [0.8346038311352161, 0.0], [0.848225581799502, 0.0], [0.8322477934013961, 0.0], [0.8401414191711802, 0.0]]}