{"phi": 0.4, "gamma": 0.01, "beta": 0.05, "targeting_criterion": null, "verbose": false, "human_network": "follower_network.gml", "output_cascades": false, "epsilon": 0.0001, "rho": 0.8, "mu": 0.5, "sigma": 15, "theta": 1, "graph_gml": "/N/project/simsom/simsom_v3/v3.3_10222023/data/vary_network/network_20.gml", "mode": "igraph", "n_threads": 7, "appeal_exp": 5, "quality": [0.667087568696665, 0.6967377834650776, 0.6544831418958573, 0.6854127648200685, 0.6630159342006257, 0.6652698389380702, 0.6561272244764238, 0.6485210123209584, 0.666889102956612, 0.6390202066804948], "diversity": [6.864236900027971, 6.810547600217518, 6.789683669738162, 6.895924003145123, 6.94097432797116, 6.8271371416302244, 6.856902833187863, 6.781050627551199, 6.902149219481819, 6.907499429020894], "discriminative_pow": [[0.8459678057694586, 0.0], [0.8278128369765431, 0.0], [0.8429748862239568, 0.0], [0.8282474593260157, 0.0], [0.8442352992302655, 0.0], [0.8360003162017745, 0.0], [0.844098216962856, 0.0], [0.8488302681691343, 0.0], [0.842896547055588, 0.0], [0.8421089894334991, 0.0]]}