{"phi": 0.4, "gamma": 0.1, "beta": 0.05, "targeting_criterion": null, "verbose": false, "human_network": "follower_network.gml", "output_cascades": false, "epsilon": 0.0001, "rho": 0.8, "mu": 0.5, "sigma": 15, "theta": 1, "graph_gml": "/N/project/simsom/simsom_v3/v3.3_10222023/data/vary_network/network_30.gml", "mode": "igraph", "n_threads": 7, "appeal_exp": 5, "quality": [0.3784425453866631, 0.39176663240338755, 0.39000809412788784, 0.3877119645849827, 0.3792452000678097], "diversity": [6.03995555788738, 6.05701001574492, 6.1053401190998, 6.032376192200558, 6.014891593310494], "discriminative_pow": [[0.9018445818532946, 0.0], [0.9016993180907485, 0.0], [0.9005132456733054, 0.0], [0.9021475575866722, 0.0], [0.9003893920153782, 0.0]]}