{"phi": 0.5, "gamma": 0.0001, "beta": 0.05, "targeting_criterion": null, "verbose": false, "human_network": "follower_network.gml", "output_cascades": false, "epsilon": 0.0001, "rho": 0.8, "mu": 0.5, "sigma": 15, "theta": 1, "graph_gml": "/N/project/simsom/simsom_v3/v3.3_10222023/data/vary_network/network_00.gml", "mode": "igraph", "n_threads": 7, "appeal_exp": 5, "quality": [0.9107632342066238, 0.866110287906054, 0.8971763656064099, 0.8464964787615652, 0.8927389627397537, 0.887468757231322, 0.8735072161009505, 0.8930325670548245, 0.8984815802108869, 0.8613668041220208], "diversity": [6.954638330418039, 6.980713880806509, 6.930748093802872, 6.9124307707507056, 6.959817805533203, 6.860786792458915, 6.970627381604887, 6.875767345374381, 7.013659372106555, 6.896816039672883], "discriminative_pow": [[0.8266481793032865, 0.0], [0.8250610448764342, 0.0], [0.8240899768541069, 0.0], [0.829804311009522, 0.0], [0.8290301947878608, 0.0], [0.8277858177182519, 0.0], [0.8351276597632775, 0.0], [0.8189465184590523, 0.0], [0.8234018505130006, 0.0], [0.8276790984593695, 0.0]]}