{"phi": 0.5, "gamma": 0.001, "beta": 0.05, "targeting_criterion": null, "verbose": false, "human_network": "follower_network.gml", "output_cascades": false, "epsilon": 0.0001, "rho": 0.8, "mu": 0.5, "sigma": 15, "theta": 1, "graph_gml": "/N/project/simsom/simsom_v3/v3.3_10222023/data/vary_network/network_10.gml", "mode": "igraph", "n_threads": 7, "appeal_exp": 5, "quality": [0.785948537125789, 0.8125866342906658, 0.7570214221348988, 0.759056251959449, 0.7599002843136382, 0.7544837056459377, 0.7612850113919409, 0.7892498367356477, 0.7751561222898814, 0.7893189321625197], "diversity": [6.969697771226728, 6.9269864419372285, 6.932138449470251, 6.941361795513965, 6.9734115247718975, 6.926572039640751, 7.003437505128273, 6.85021628679793, 6.918396226626152, 6.942905772470888], "discriminative_pow": [[0.8347768037747552, 0.0], [0.8304661336707039, 0.0], [0.8404813142292432, 0.0], [0.8410824235771155, 0.0], [0.8434684208091895, 0.0], [0.8414512726160126, 0.0], [0.8424355956090853, 0.0], [0.8369009030624741, 0.0], [0.8341096524196866, 0.0], [0.8327773434686672, 0.0]]}