{"phi": 0.5, "gamma": 0.01, "beta": 0.05, "targeting_criterion": null, "verbose": false, "human_network": "follower_network.gml", "output_cascades": false, "epsilon": 0.0001, "rho": 0.8, "mu": 0.5, "sigma": 15, "theta": 1, "graph_gml": "/N/project/simsom/simsom_v3/v3.3_10222023/data/vary_network/network_20.gml", "mode": "igraph", "n_threads": 7, "appeal_exp": 5, "quality": [0.6498024367501819, 0.6557386034634737, 0.6502263191595027, 0.6523835682190561, 0.6542153850653566, 0.6646059502276687, 0.6408518198958605, 0.6557552323760678, 0.6597133589562572, 0.6489897773426604], "diversity": [6.8723414973393275, 6.826224596295889, 6.844840525454627, 6.953744550646256, 6.829852953996902, 6.786457798004629, 6.834381610798853, 6.846457700956648, 6.884816044097153, 6.896632126772071], "discriminative_pow": [[0.8433546597862736, 0.0], [0.8372539624719203, 0.0], [0.8315828765984095, 0.0], [0.8429596717979444, 0.0], [0.8361371369149373, 0.0], [0.8375116988472876, 0.0], [0.841435446577365, 0.0], [0.8448580099923437, 0.0], [0.839124227715853, 0.0], [0.8352032043111627, 0.0]]}