{"phi": 0.5, "gamma": 0.1, "beta": 0.05, "targeting_criterion": null, "verbose": false, "human_network": "follower_network.gml", "output_cascades": false, "epsilon": 0.0001, "rho": 0.8, "mu": 0.5, "sigma": 15, "theta": 1, "graph_gml": "/N/project/simsom/simsom_v3/v3.3_10222023/data/vary_network/network_30.gml", "mode": "igraph", "n_threads": 7, "appeal_exp": 5, "quality": [0.3796364058019717, 0.38762289092288993, 0.36978089702923933, 0.3718357418576628, 0.3826513052496575, 0.3917362809977458, 0.3772400924165135, 0.3815440820949469, 0.3898382901975294, 0.39083902884250965], "diversity": [6.065278054786183, 6.137724831946924, 6.075492301656919, 6.013274844286869, 6.1084581813447585, 6.043994020705632, 6.0415921168675055, 6.036198217197411, 6.084514812900512, 6.080877809884312], "discriminative_pow": [[0.8977533791877129, 0.0], [0.8983950281324861, 0.0], [0.8982510193021311, 0.0], [0.8987120821958033, 0.0], [0.8999241820356039, 0.0], [0.8996346667093341, 0.0], [0.8986101506237117, 0.0], [0.8992629243367737, 0.0], [0.9002122401727822, 0.0], [0.8964703499001752, 0.0]]}