{"phi": 0.6000000000000001, "gamma": 0.0001, "beta": 0.05, "targeting_criterion": null, "verbose": false, "human_network": "follower_network.gml", "output_cascades": false, "epsilon": 0.0001, "rho": 0.8, "mu": 0.5, "sigma": 15, "theta": 1, "graph_gml": "/N/project/simsom/simsom_v3/v3.3_10222023/data/vary_network/network_00.gml", "mode": "igraph", "n_threads": 7, "appeal_exp": 5, "quality": [0.8729363842027533, 0.8971671779955719, 0.8490818354324758, 0.8946515864682308, 0.8931089109631349, 0.8855569247833157, 0.8961814846276437, 0.8370886554355843, 0.8870583895537022, 0.891158493247557], "diversity": [6.89927732623892, 6.968090495883521, 6.921449565240605, 6.935552438255955, 7.008749376390347, 6.946894195905494, 6.927762055957113, 7.018917023549207, 6.954878300707105, 7.018797053228332], "discriminative_pow": [[0.8299669847341928, 0.0], [0.8204306916813857, 0.0], [0.828802512026213, 0.0], [0.8239085318572118, 0.0], [0.826392541925484, 0.0], [0.8215127201016886, 0.0], [0.8218863223359498, 0.0], [0.8344042720053013, 0.0], [0.8260926853658783, 0.0], [0.8317439309782249, 0.0]]}