{"phi": 0.6000000000000001, "gamma": 0.001, "beta": 0.05, "targeting_criterion": null, "verbose": false, "human_network": "follower_network.gml", "output_cascades": false, "epsilon": 0.0001, "rho": 0.8, "mu": 0.5, "sigma": 15, "theta": 1, "graph_gml": "/N/project/simsom/simsom_v3/v3.3_10222023/data/vary_network/network_10.gml", "mode": "igraph", "n_threads": 7, "appeal_exp": 5, "quality": [0.733900496450601, 0.7965552413258229, 0.7639319811951155, 0.7654276477191425, 0.768205826091821, 0.7459892771521821, 0.8027101907444328, 0.7740984767917958, 0.8193451092183542, 0.7832885443984402], "diversity": [6.866015166667868, 6.823800011977574, 6.8641244928246765, 6.8910192178975285, 6.907139919230939, 6.915646726223967, 6.960212639732599, 6.974379860546281, 6.936588306356411, 6.948058297003044], "discriminative_pow": [[0.8445920606703284, 0.0], [0.8306894745991285, 0.0], [0.8365078482404588, 0.0], [0.8436438790429747, 0.0], [0.8352669951018714, 0.0], [0.8473088353865218, 0.0], [0.8389001367007867, 0.0], [0.8395798051245846, 0.0], [0.8286546148132563, 0.0], [0.8376548958122749, 0.0]]}