{"phi": 0.6000000000000001, "gamma": 0.01, "beta": 0.05, "targeting_criterion": null, "verbose": false, "human_network": "follower_network.gml", "output_cascades": false, "epsilon": 0.0001, "rho": 0.8, "mu": 0.5, "sigma": 15, "theta": 1, "graph_gml": "/N/project/simsom/simsom_v3/v3.3_10222023/data/vary_network/network_20.gml", "mode": "igraph", "n_threads": 7, "appeal_exp": 5, "quality": [0.6519039960657985, 0.6361669088193924, 0.6835927830185328, 0.6538828856488036, 0.6603689281652723, 0.6495758750468702, 0.6433747314130585, 0.6672979638767941, 0.6399626349605742, 0.651672739004584], "diversity": [6.904304475114307, 6.830256273958814, 6.889374560180519, 6.810710969409886, 6.8968123909872325, 6.832598497658589, 6.798213625432057, 6.975681444694389, 6.850351543301617, 6.8869411540882135], "discriminative_pow": [[0.8247425694302492, 0.0], [0.8339954547364815, 0.0], [0.8225535648523228, 0.0], [0.8353932311987674, 0.0], [0.8277856244877899, 0.0], [0.831605764931425, 0.0], [0.8314649397297428, 0.0], [0.8355641958657328, 0.0], [0.8339721170872068, 0.0], [0.8280323693275374, 0.0]]}