{"phi": 0.6000000000000001, "gamma": 0.1, "beta": 0.05, "targeting_criterion": null, "verbose": false, "human_network": "follower_network.gml", "output_cascades": false, "epsilon": 0.0001, "rho": 0.8, "mu": 0.5, "sigma": 15, "theta": 1, "graph_gml": "/N/project/simsom/simsom_v3/v3.3_10222023/data/vary_network/network_30.gml", "mode": "igraph", "n_threads": 7, "appeal_exp": 5, "quality": [0.3953770224367331, 0.3842881159270458, 0.375523851543278, 0.3836502614675441, 0.39005252412583774], "diversity": [6.069751838006813, 6.09932005693501, 6.077228560547198, 6.0552514640589, 6.078588673972493], "discriminative_pow": [[0.8920646583745288, 0.0], [0.8968679675088282, 0.0], [0.8964942953119205, 0.0], [0.8958807664839064, 0.0], [0.8955438855855806, 0.0]]}