{"phi": 0.7000000000000001, "gamma": 0.0001, "beta": 0.05, "targeting_criterion": null, "verbose": false, "human_network": "follower_network.gml", "output_cascades": false, "epsilon": 0.0001, "rho": 0.8, "mu": 0.5, "sigma": 15, "theta": 1, "graph_gml": "/N/project/simsom/simsom_v3/v3.3_10222023/data/vary_network/network_00.gml", "mode": "igraph", "n_threads": 7, "appeal_exp": 5, "quality": [0.8999838286107249, 0.8047600358261994, 0.8837441072916321, 0.8802975558051224, 0.849104140835417, 0.9050515485918013, 0.8937245214494012, 0.9034787321480603, 0.8339174385861827, 0.8956612388594234], "diversity": [6.8891906711419715, 7.009596672401764, 6.914675457842225, 6.927049114421352, 6.930830782796705, 6.844143724335698, 6.9072287845629035, 6.978345438149719, 6.99389984346068, 6.905180975474606], "discriminative_pow": [[0.8307264622298333, 0.0], [0.8375743445052574, 0.0], [0.8317681582076031, 0.0], [0.8236890155244937, 0.0], [0.8353894630860733, 0.0], [0.8316877900896885, 0.0], [0.8154821330075869, 0.0], [0.8198971024712863, 0.0], [0.8337079174823375, 0.0], [0.826795092680196, 0.0]]}