{"phi": 0.7000000000000001, "gamma": 0.001, "beta": 0.05, "targeting_criterion": null, "verbose": false, "human_network": "follower_network.gml", "output_cascades": false, "epsilon": 0.0001, "rho": 0.8, "mu": 0.5, "sigma": 15, "theta": 1, "graph_gml": "/N/project/simsom/simsom_v3/v3.3_10222023/data/vary_network/network_10.gml", "mode": "igraph", "n_threads": 7, "appeal_exp": 5, "quality": [0.7602077124948173, 0.7418994933626352, 0.7979117102664754, 0.7830416065581863, 0.7497574094985601, 0.7470723579230582, 0.767146022951008, 0.7586062910533252, 0.7856753720459034, 0.7473316880031734], "diversity": [6.882964652331573, 6.876177657709121, 6.810078388209818, 6.913441713933333, 6.805888635667936, 6.85044197708257, 6.944933834363603, 6.9760541510926934, 6.894704771513263, 6.906647037716079], "discriminative_pow": [[0.8399957818089796, 0.0], [0.85014672037579, 0.0], [0.8322096546743923, 0.0], [0.8328029222283363, 0.0], [0.8405696923570326, 0.0], [0.8441432373348166, 0.0], [0.836994171781909, 0.0], [0.8427973705143728, 0.0], [0.82973502811781, 0.0], [0.838220408415583, 0.0]]}