{"phi": 0.7000000000000001, "gamma": 0.01, "beta": 0.05, "targeting_criterion": null, "verbose": false, "human_network": "follower_network.gml", "output_cascades": false, "epsilon": 0.0001, "rho": 0.8, "mu": 0.5, "sigma": 15, "theta": 1, "graph_gml": "/N/project/simsom/simsom_v3/v3.3_10222023/data/vary_network/network_20.gml", "mode": "igraph", "n_threads": 7, "appeal_exp": 5, "quality": [0.6438356000852411, 0.6517390858402787, 0.6525660233366938, 0.6573313432960741, 0.6601019779835045, 0.6326102151615125, 0.6446650723855006, 0.6695675196536921, 0.6556178345976811, 0.6608245453649394], "diversity": [6.85142948191858, 6.9954889119218295, 6.8627398181529, 6.815446377476132, 6.902508522354079, 6.911860336215248, 6.816359253618667, 6.880714147384164, 6.925856176008741, 6.865787461567076], "discriminative_pow": [[0.8326971589439828, 0.0], [0.8279087616320742, 0.0], [0.830601489875361, 0.0], [0.8182007568418573, 0.0], [0.8300304604378955, 0.0], [0.8303972313886512, 0.0], [0.8313440109403705, 0.0], [0.8292339252033041, 0.0], [0.8216588589143702, 0.0], [0.8216765317165423, 0.0]]}