{"phi": 0.7000000000000001, "gamma": 0.1, "beta": 0.05, "targeting_criterion": null, "verbose": false, "human_network": "follower_network.gml", "output_cascades": false, "epsilon": 0.0001, "rho": 0.8, "mu": 0.5, "sigma": 15, "theta": 1, "graph_gml": "/N/project/simsom/simsom_v3/v3.3_10222023/data/vary_network/network_30.gml", "mode": "igraph", "n_threads": 7, "appeal_exp": 5, "quality": [0.38059740737388625, 0.38046333507566643, 0.37366239687238, 0.4028925049941008, 0.37762736456152407], "diversity": [6.1138332906011605, 6.084483547332982, 6.134325850824567, 6.07550384728707, 6.1462125384340744], "discriminative_pow": [[0.894175143241409, 0.0], [0.8945863923641715, 0.0], [0.8942830689686895, 0.0], [0.8932049889940946, 0.0], [0.8932115130080648, 0.0]]}