{"phi": 0.8, "gamma": 0.0001, "beta": 0.05, "targeting_criterion": null, "verbose": false, "human_network": "follower_network.gml", "output_cascades": false, "epsilon": 0.0001, "rho": 0.8, "mu": 0.5, "sigma": 15, "theta": 1, "graph_gml": "/N/project/simsom/simsom_v3/v3.3_10222023/data/vary_network/network_00.gml", "mode": "igraph", "n_threads": 7, "appeal_exp": 5, "quality": [0.8907394172919224, 0.892391834218578, 0.8100506374664705, 0.8993422796157746, 0.8927540052804241, 0.8348106813260054, 0.8966373055119031, 0.8909901985074735, 0.7988088807226422, 0.9033257717603886], "diversity": [7.0388417283580065, 6.934461834582072, 6.988388539081006, 6.893494909167732, 6.949467759425858, 6.962619205291302, 6.96480484002643, 6.9069297021163445, 6.887118518288663, 6.940364090400711], "discriminative_pow": [[0.8273076898687429, 0.0], [0.8226412185295482, 0.0], [0.8393687601525283, 0.0], [0.8263398654484905, 0.0], [0.8312623571635073, 0.0], [0.830469178192421, 0.0], [0.8207252825855593, 0.0], [0.8210462090180172, 0.0], [0.8404610568428765, 0.0], [0.8217020768534817, 0.0]]}