{"phi": 0.8, "gamma": 0.001, "beta": 0.05, "targeting_criterion": null, "verbose": false, "human_network": "follower_network.gml", "output_cascades": false, "epsilon": 0.0001, "rho": 0.8, "mu": 0.5, "sigma": 15, "theta": 1, "graph_gml": "/N/project/simsom/simsom_v3/v3.3_10222023/data/vary_network/network_10.gml", "mode": "igraph", "n_threads": 7, "appeal_exp": 5, "quality": [0.7507518111803014, 0.7471651814065992, 0.7919229275650426, 0.7948504008572977, 0.7591496372606417, 0.7640180915072412, 0.7530441774308241, 0.7339633598414926, 0.7731296240056167, 0.7380535870478774], "diversity": [6.944581109491742, 6.888971192370636, 6.983153075631739, 6.799995419717753, 6.870683572456323, 6.969907770656645, 6.95142019774028, 6.858764462568458, 6.847393600646123, 6.825645380506056], "discriminative_pow": [[0.8394290182719428, 0.0], [0.8431355684515622, 0.0], [0.8326647584008188, 0.0], [0.8328128219248918, 0.0], [0.8391059223143462, 0.0], [0.8335934633601504, 0.0], [0.8432371731784106, 0.0], [0.8442648114251217, 0.0], [0.8367940525509738, 0.0], [0.8478560178600819, 0.0]]}