{"phi": 0.8, "gamma": 0.01, "beta": 0.05, "targeting_criterion": null, "verbose": false, "human_network": "follower_network.gml", "output_cascades": false, "epsilon": 0.0001, "rho": 0.8, "mu": 0.5, "sigma": 15, "theta": 1, "graph_gml": "/N/project/simsom/simsom_v3/v3.3_10222023/data/vary_network/network_20.gml", "mode": "igraph", "n_threads": 7, "appeal_exp": 5, "quality": [0.654761298522916, 0.6590797903106584, 0.64891367454645, 0.6711512323264253, 0.65552457297564, 0.6464637646622722, 0.6388002116891696, 0.6445500844425595, 0.6557401876623177, 0.6641300542864756], "diversity": [6.87181198565229, 6.897467690144111, 6.877677088282543, 6.853139315896228, 6.943269017930121, 6.922379658068335, 6.905375141579263, 6.936022529396016, 6.796494279449313, 6.827332106346821], "discriminative_pow": [[0.821899147351027, 0.0], [0.8199038195141037, 0.0], [0.8229112448348078, 0.0], [0.8166578371872153, 0.0], [0.8223047676646864, 0.0], [0.8175532465488009, 0.0], [0.8292860960742536, 0.0], [0.8204559060050653, 0.0], [0.8203786457509918, 0.0], [0.8283934856928881, 0.0]]}