{"phi": 0.8, "gamma": 0.1, "beta": 0.05, "targeting_criterion": null, "verbose": false, "human_network": "follower_network.gml", "output_cascades": false, "epsilon": 0.0001, "rho": 0.8, "mu": 0.5, "sigma": 15, "theta": 1, "graph_gml": "/N/project/simsom/simsom_v3/v3.3_10222023/data/vary_network/network_30.gml", "mode": "igraph", "n_threads": 7, "appeal_exp": 5, "quality": [0.38393618616032493, 0.3770134220385638, 0.38089966630818073, 0.37289758210505414, 0.37752391092195553, 0.37598838440434035, 0.35775985571766883, 0.3819323604733604, 0.3917295980091696, 0.3790681123929925], "diversity": [6.10041598270695, 6.0585813871643435, 6.098753327211497, 6.157721646220901, 6.077983410452839, 6.1265494120053585, 6.1092163650205755, 6.18572161049251, 6.084107375007735, 6.192490020960577], "discriminative_pow": [[0.8898142470691517, 0.0], [0.8912286191723012, 0.0], [0.8917990075858748, 0.0], [0.8915308878367222, 0.0], [0.8908754140631238, 0.0], [0.8919946616139719, 0.0], [0.8920721407881066, 0.0], [0.8899704721625254, 0.0], [0.8903424575416184, 0.0], [0.8901370458633787, 0.0]]}