{"phi": 0.9, "gamma": 0.0001, "beta": 0.05, "targeting_criterion": null, "verbose": false, "human_network": "follower_network.gml", "output_cascades": false, "epsilon": 0.0001, "rho": 0.8, "mu": 0.5, "sigma": 15, "theta": 1, "graph_gml": "/N/project/simsom/simsom_v3/v3.3_10222023/data/vary_network/network_00.gml", "mode": "igraph", "n_threads": 7, "appeal_exp": 5, "quality": [0.8396169963249462, 0.8368776503606841, 0.8795498917868748, 0.9006759661326512, 0.847508773289956, 0.8758879923056425, 0.8289937548405277, 0.8979610441939933, 0.9051620626042286, 0.9004732991848617], "diversity": [7.008660247220156, 6.994329696071608, 6.923356062019086, 6.859310011383597, 6.9439775578884175, 6.9127020243698105, 6.912521226363822, 6.947228202875283, 6.986249722629924, 6.982428892286904], "discriminative_pow": [[0.8348383351452886, 0.0], [0.8347425801981453, 0.0], [0.8363118069075779, 0.0], [0.8300562091240781, 0.0], [0.8290181204927426, 0.0], [0.8251427823069161, 0.0], [0.8350111972808724, 0.0], [0.834660848383862, 0.0], [0.8219999375617714, 0.0], [0.8171337051046732, 0.0]]}