{"phi": 0.9, "gamma": 0.001, "beta": 0.05, "targeting_criterion": null, "verbose": false, "human_network": "follower_network.gml", "output_cascades": false, "epsilon": 0.0001, "rho": 0.8, "mu": 0.5, "sigma": 15, "theta": 1, "graph_gml": "/N/project/simsom/simsom_v3/v3.3_10222023/data/vary_network/network_10.gml", "mode": "igraph", "n_threads": 7, "appeal_exp": 5, "quality": [0.7416141543272224, 0.7727032343357257, 0.779530358905157, 0.7703170783535422, 0.789435798222883, 0.7392925494053034, 0.7576778616009814, 0.763227075933727, 0.7525529262473672, 0.7709942602234592], "diversity": [6.8940320530200925, 6.917717543103819, 6.969606563184504, 6.947324613554473, 6.879747838418428, 6.955726171997984, 6.992728353319286, 6.9587293582163845, 6.9200346357605085, 6.907493751773996], "discriminative_pow": [[0.8479128110360763, 0.0], [0.8365084645865304, 0.0], [0.8322846265031332, 0.0], [0.8280095941128236, 0.0], [0.8263891526808724, 0.0], [0.8387705766593003, 0.0], [0.84031030256163, 0.0], [0.8368743509433632, 0.0], [0.8415635660642666, 0.0], [0.8280312892070731, 0.0]]}