{"phi": 0.9, "gamma": 0.01, "beta": 0.05, "targeting_criterion": null, "verbose": false, "human_network": "follower_network.gml", "output_cascades": false, "epsilon": 0.0001, "rho": 0.8, "mu": 0.5, "sigma": 15, "theta": 1, "graph_gml": "/N/project/simsom/simsom_v3/v3.3_10222023/data/vary_network/network_20.gml", "mode": "igraph", "n_threads": 7, "appeal_exp": 5, "quality": [0.6438692391640266, 0.6412372344300727, 0.6538326237469596, 0.657882187545292, 0.6420073142018896, 0.6436942106186493, 0.6760062370908042, 0.6340575950133498, 0.6655827599390431, 0.6573652525124369], "diversity": [6.858527004604125, 6.907323809452642, 6.843255158954289, 6.893963378735272, 6.88959820471989, 6.8858634010589, 6.907986061575908, 6.87370823097436, 6.976728980944793, 6.892079981814052], "discriminative_pow": [[0.8229595435366803, 0.0], [0.822822061426572, 0.0], [0.8131936998781497, 0.0], [0.8164158493302563, 0.0], [0.8210859014594865, 0.0], [0.812141167693598, 0.0], [0.8095276579014621, 0.0], [0.8230484960409347, 0.0], [0.8120947170073025, 0.0], [0.8206216054452999, 0.0]]}