{"phi": 0.9, "gamma": 0.1, "beta": 0.05, "targeting_criterion": null, "verbose": false, "human_network": "follower_network.gml", "output_cascades": false, "epsilon": 0.0001, "rho": 0.8, "mu": 0.5, "sigma": 15, "theta": 1, "graph_gml": "/N/project/simsom/simsom_v3/v3.3_10222023/data/vary_network/network_30.gml", "mode": "igraph", "n_threads": 7, "appeal_exp": 5, "quality": [0.37281218572144903, 0.38272309847481123, 0.37963674555927496, 0.38326907337358673, 0.3850855457473512], "diversity": [6.136702223905965, 6.117228462743765, 6.146268504534092, 6.17064724181935, 6.084282650681301], "discriminative_pow": [[0.8890499588857663, 0.0], [0.889638441947574, 0.0], [0.8892478119507676, 0.0], [0.888369311402716, 0.0], [0.8876871895730695, 0.0]]}