{"mu": 0.25, "targeting_criterion": null, "beta": 0.05, "gamma": 0.01, "verbose": false, "human_network": "follower_network.gml", "trackmeme": true, "epsilon": 0.0001, "rho": 0.8, "phi": 0.0, "alpha": 15, "theta": 1, "graph_gml": "/N/slate/baotruon/marketplace/data/igraph/vary_network/network_540.gml", "mode": "igraph", "quality": [0.5865716805687173, 0.4981556880770821, 0.3156998108318439, 0.49045752698066547, 0.45167520505881364], "diversity": [4.663875261929637, 4.553700527708017, 4.513200185389913, 4.38518942376219, 4.0335698651660365], "discriminative_pow": [[0.7424538556634322, 0.0], [0.7535964233306326, 0.0], [0.7489658473502299, 0.0], [0.7509073436274357, 0.0], [0.7543647865859041, 0.0]]}