{"mu": 0.9, "targeting_criterion": null, "beta": 0.05, "gamma": 0.01, "verbose": false, "human_network": "follower_network.gml", "trackmeme": true, "epsilon": 0.0001, "rho": 0.8, "phi": 0.0, "alpha": 15, "theta": 1, "graph_gml": "/N/slate/baotruon/marketplace/data/igraph/vary_network/network_540.gml", "mode": "igraph", "quality": [0.32722230500659666, 0.3371292109696056, 0.3258051117306172, 0.3199300805676163, 0.3270337391633062], "diversity": [7.327998869867535, 7.2376512806668645, 7.17682605166638, 7.305255135580465, 7.333045105819276], "discriminative_pow": [[0.9156168870299825, 0.0], [0.9162316855687205, 0.0], [0.9166214724586021, 0.0], [0.9168911141109489, 0.0], [0.9164233797098383, 0.0]]}