{"mu": 0.1, "targeting_criterion": null, "beta": 0.05, "gamma": 0.01, "verbose": false, "human_network": "follower_network.gml", "trackmeme": true, "epsilon": 0.0001, "rho": 0.8, "phi": 0.0, "alpha": 15, "theta": 1, "graph_gml": "/N/slate/baotruon/marketplace/data/igraph/vary_network/network_540.gml", "mode": "igraph", "quality": [0.5523261731255362, 0.7425506830348384, 0.6983078095302455, 0.6858548723298918, 0.7321707457346305], "diversity": [2.2411540949945055, 2.2114325130815784, 2.0869121549498173, 2.0333182232589704, 2.2919805824846806], "discriminative_pow": [[0.7560364097557373, 0.0], [0.7280994213509551, 0.0], [0.751463363299604, 0.0], [0.7491406274829947, 0.0], [0.7321987493824736, 0.0]]}