{"mu": 0.5, "targeting_criterion": null, "beta": 0.05, "gamma": 0.01, "verbose": false, "human_network": "follower_network.gml", "trackmeme": true, "epsilon": 0.0001, "rho": 0.8, "phi": 0.0, "alpha": 15, "theta": 1, "graph_gml": "/N/slate/baotruon/marketplace/data/igraph/vary_network/network_540.gml", "mode": "igraph", "quality": [0.38460739665509125, 0.39907006484199525, 0.4007837755821443, 0.3900628618138754, 0.3942208297599227], "diversity": [6.251879454312958, 6.470784900831035, 6.3819919634884315, 6.421155372965632, 6.45294914947503], "discriminative_pow": [[0.7638716136508965, 0.0], [0.7648213693264854, 0.0], [0.7628100163180638, 0.0], [0.7649432805003212, 0.0], [0.7626751782742421, 0.0]]}