{"mu": 0.75, "targeting_criterion": null, "beta": 0.05, "gamma": 0.01, "verbose": false, "human_network": "follower_network.gml", "trackmeme": true, "epsilon": 0.0001, "rho": 0.8, "phi": 0.0, "alpha": 15, "theta": 1, "graph_gml": "/N/slate/baotruon/marketplace/data/igraph/vary_network/network_540.gml", "mode": "igraph", "quality": [0.3508086870669283, 0.34882163554231693, 0.34760047505263447, 0.3480553337802603, 0.3569702378526531], "diversity": [7.096472004973914, 7.132463355325839, 7.085939499664699, 7.040210892503295, 7.043912572180714], "discriminative_pow": [[0.8336246952529555, 0.0], [0.8347482617059674, 0.0], [0.8348343979339866, 0.0], [0.8343819006141547, 0.0], [0.8349616321236102, 0.0]]}