{"verbose": false, "tracktimestep": true, "save_memeinfo": true, "output_cascades": true, "epsilon": 0.0001, "mu": 0.5, "phi": 1, "alpha": 15, "quality": [0.2845117927077505, 0.26690116380196327]}