{"theta": 1, "gamma": 0.0001, "beta": 0.05, "targeting_criterion": null, "verbose": false, "human_network": "follower_network.gml", "trackmeme": true, "epsilon": 0.0001, "rho": 0.8, "mu": 0.5, "phi": 0.0, "alpha": 15, "graph_gml": "/N/slate/baotruon/marketplace/data/igraph/vary_network/network_500.gml", "mode": "igraph", "quality": [0.47991501284448757, 0.47384518924805974, 0.49092802416676284, 0.47196779713111103, 0.4755575726168625], "diversity": [6.472396982176337, 6.500376263064904, 6.494473542968792, 6.6124396526599005, 6.3881988062289485], "discriminative_pow": [[0.7910286042915441, 0.0], [0.7936943884457144, 0.0], [0.7940194879797382, 0.0], [0.7929505299461667, 0.0], [0.7926472576110847, 0.0]]}