{"theta": 1, "gamma": 0.001, "beta": 0.05, "targeting_criterion": null, "verbose": false, "human_network": "follower_network.gml", "trackmeme": true, "epsilon": 0.0001, "rho": 0.8, "mu": 0.5, "phi": 0.0, "alpha": 15, "graph_gml": "/N/slate/baotruon/marketplace/data/igraph/vary_network/network_520.gml", "mode": "igraph", "quality": [0.4677591068154309, 0.4722957639483696, 0.46843055341191714, 0.4758829661733943, 0.46400058486706125], "diversity": [6.307317028850843, 6.475025244334725, 6.414474981925554, 6.540523359826449, 6.514336107168427], "discriminative_pow": [[0.7901449822880551, 0.0], [0.7896009318170855, 0.0], [0.7894359415458826, 0.0], [0.7886734305302946, 0.0], [0.7881697694482288, 0.0]]}