{"theta": 1, "gamma": 0.01, "beta": 0.05, "targeting_criterion": null, "verbose": false, "human_network": "follower_network.gml", "trackmeme": true, "epsilon": 0.0001, "rho": 0.8, "mu": 0.5, "phi": 0.0, "alpha": 15, "graph_gml": "/N/slate/baotruon/marketplace/data/igraph/vary_network/network_540.gml", "mode": "igraph", "quality": [0.40713137122316395, 0.40607054343755106, 0.3974796236419018, 0.40103297693359014, 0.39958410953790446], "diversity": [6.284898247049603, 6.435384898375789, 6.383492964908845, 6.443752900849052, 6.581713347603426], "discriminative_pow": [[0.762928213484657, 0.0], [0.7660612272844266, 0.0], [0.764438918728335, 0.0], [0.7641765357387386, 0.0], [0.7654010818473082, 0.0]]}