{"theta": 1, "gamma": 0.1, "beta": 0.05, "targeting_criterion": null, "verbose": false, "human_network": "follower_network.gml", "trackmeme": true, "epsilon": 0.0001, "rho": 0.8, "mu": 0.5, "phi": 0.0, "alpha": 15, "graph_gml": "/N/slate/baotruon/marketplace/data/igraph/vary_network/network_560.gml", "mode": "igraph", "quality": [0.20329873004895646, 0.21448706623631272, 0.20532328780363834, 0.21215004025908055, 0.2056122711221381], "diversity": [5.787676693866836, 5.843045313751615, 5.727939179909509, 5.723249147174866, 5.746959351860992], "discriminative_pow": [[0.7255348501135744, 0.0], [0.7266358168413105, 0.0], [0.7235496264979071, 0.0], [0.7255521277957959, 0.0], [0.7258835807756281, 0.0]]}