{"theta": 2, "gamma": 0.0001, "beta": 0.05, "targeting_criterion": null, "verbose": false, "human_network": "follower_network.gml", "trackmeme": true, "epsilon": 0.0001, "rho": 0.8, "mu": 0.5, "phi": 0.0, "alpha": 15, "graph_gml": "/N/slate/baotruon/marketplace/data/igraph/vary_network/network_500.gml", "mode": "igraph", "quality": [0.46934510648560795, 0.4852145003020324, 0.48789817272603997, 0.47142757996487017, 0.4803949677616264], "diversity": [6.541547641903677, 6.309177459738831, 6.343509201779165, 6.4857682798398075, 6.440044863627765], "discriminative_pow": [[0.7934076151268332, 0.0], [0.7930149220495987, 0.0], [0.7932886667065444, 0.0], [0.7930656133402747, 0.0], [0.7940242234830546, 0.0]]}