{"theta": 2, "gamma": 0.001, "beta": 0.05, "targeting_criterion": null, "verbose": false, "human_network": "follower_network.gml", "trackmeme": true, "epsilon": 0.0001, "rho": 0.8, "mu": 0.5, "phi": 0.0, "alpha": 15, "graph_gml": "/N/slate/baotruon/marketplace/data/igraph/vary_network/network_520.gml", "mode": "igraph", "quality": [0.4651640336464591, 0.46631352871753806, 0.46236156785928895, 0.45749703156479, 0.45632296514498605], "diversity": [6.365689049045045, 6.407956900566563, 6.470069860595226, 6.522544147863789, 6.385082666928013], "discriminative_pow": [[0.7862285105423307, 0.0], [0.7867747061346446, 0.0], [0.787100918662415, 0.0], [0.785279930712693, 0.0], [0.7873037136497029, 0.0]]}