{"theta": 2, "gamma": 0.01, "beta": 0.05, "targeting_criterion": null, "verbose": false, "human_network": "follower_network.gml", "trackmeme": true, "epsilon": 0.0001, "rho": 0.8, "mu": 0.5, "phi": 0.0, "alpha": 15, "graph_gml": "/N/slate/baotruon/marketplace/data/igraph/vary_network/network_540.gml", "mode": "igraph", "quality": [0.3657899306004349, 0.3696959765102076, 0.3577805563837892, 0.3570138369056894, 0.3563769050758353], "diversity": [6.235464460430963, 6.160444816917614, 6.314552511898348, 6.280095483722038, 6.173814881398465], "discriminative_pow": [[0.7490652490178306, 0.0], [0.7490762851911276, 0.0], [0.7489470552427357, 0.0], [0.7481136734006818, 0.0], [0.7493938324978862, 0.0]]}