{"theta": 2, "gamma": 0.1, "beta": 0.05, "targeting_criterion": null, "verbose": false, "human_network": "follower_network.gml", "trackmeme": true, "epsilon": 0.0001, "rho": 0.8, "mu": 0.5, "phi": 0.0, "alpha": 15, "graph_gml": "/N/slate/baotruon/marketplace/data/igraph/vary_network/network_560.gml", "mode": "igraph", "quality": [0.15125652335000023, 0.14782885876347276, 0.14079901762142488, 0.152537740676361, 0.15318392372704415], "diversity": [5.2776814040286215, 5.316241804587616, 5.223241590772259, 5.080672852767212, 5.2555880495372245], "discriminative_pow": [[0.7291790227740627, 0.0], [0.7259207207563436, 0.0], [0.7316941752388048, 0.0], [0.7329466156164082, 0.0], [0.7286617598224105, 0.0]]}