{"theta": 4, "gamma": 0.0001, "beta": 0.05, "targeting_criterion": null, "verbose": false, "human_network": "follower_network.gml", "trackmeme": true, "epsilon": 0.0001, "rho": 0.8, "mu": 0.5, "phi": 0.0, "alpha": 15, "graph_gml": "/N/slate/baotruon/marketplace/data/igraph/vary_network/network_500.gml", "mode": "igraph", "quality": [0.4755778444129071, 0.4805701786191728, 0.4811444530574643, 0.4725687443631522, 0.48346128470265193], "diversity": [6.3660222431721465, 6.472711360702821, 6.38850740931292, 6.561868136557136, 6.342447513773649], "discriminative_pow": [[0.793334552805408, 0.0], [0.7916576714217353, 0.0], [0.7927432846138466, 0.0], [0.7928840796205314, 0.0], [0.7931358399190217, 0.0]]}