{"theta": 4, "gamma": 0.001, "beta": 0.05, "targeting_criterion": null, "verbose": false, "human_network": "follower_network.gml", "trackmeme": true, "epsilon": 0.0001, "rho": 0.8, "mu": 0.5, "phi": 0.0, "alpha": 15, "graph_gml": "/N/slate/baotruon/marketplace/data/igraph/vary_network/network_520.gml", "mode": "igraph", "quality": [0.4561513545482636, 0.4502617838763581, 0.4405216472485479, 0.4364584206774116, 0.4460148721044065], "diversity": [6.443920367085235, 6.418224286391084, 6.474477402489089, 6.3388023557481326, 6.431823850943415], "discriminative_pow": [[0.7798581192395106, 0.0], [0.7813785592179501, 0.0], [0.7803292920476875, 0.0], [0.7805095626963695, 0.0], [0.7815992645993701, 0.0]]}