{"theta": 4, "gamma": 0.01, "beta": 0.05, "targeting_criterion": null, "verbose": false, "human_network": "follower_network.gml", "trackmeme": true, "epsilon": 0.0001, "rho": 0.8, "mu": 0.5, "phi": 0.0, "alpha": 15, "graph_gml": "/N/slate/baotruon/marketplace/data/igraph/vary_network/network_540.gml", "mode": "igraph", "quality": [0.31833540308848896, 0.32701825802971135, 0.31344472317354366, 0.35135716147586693, 0.3163978893280881], "diversity": [6.12876884801951, 6.107139753973413, 6.315087194602528, 6.211894676025319, 6.280317333775649], "discriminative_pow": [[0.7279476542704343, 0.0], [0.7285694431702193, 0.0], [0.7301553058746751, 0.0], [0.7265303740302776, 0.0], [0.7319016630435066, 0.0]]}