{"theta": 4, "gamma": 0.1, "beta": 0.05, "targeting_criterion": null, "verbose": false, "human_network": "follower_network.gml", "trackmeme": true, "epsilon": 0.0001, "rho": 0.8, "mu": 0.5, "phi": 0.0, "alpha": 15, "graph_gml": "/N/slate/baotruon/marketplace/data/igraph/vary_network/network_560.gml", "mode": "igraph", "quality": [0.1069165177300008, 0.10777155451414855, 0.0953936104701613, 0.1056954865139543, 0.10200547019013373], "diversity": [4.7457979813642535, 4.293389469393348, 4.435729644970785, 4.41724961561003, 4.474586874619202], "discriminative_pow": [[0.7331921112117586, 0.0], [0.729321529502808, 0.0], [0.7325805672268464, 0.0], [0.7302920880298317, 0.0], [0.7317409692841359, 0.0]]}