{"theta": 8, "gamma": 0.0001, "beta": 0.05, "targeting_criterion": null, "verbose": false, "human_network": "follower_network.gml", "trackmeme": true, "epsilon": 0.0001, "rho": 0.8, "mu": 0.5, "phi": 0.0, "alpha": 15, "graph_gml": "/N/slate/baotruon/marketplace/data/igraph/vary_network/network_500.gml", "mode": "igraph", "quality": [0.48504739847360057, 0.47805739674061154, 0.47800500598624246, 0.46877465309003935, 0.4733317760322061], "diversity": [6.383454108168034, 6.403361512991903, 6.286580450886178, 6.429625321765559, 6.493458057799724], "discriminative_pow": [[0.7934897219297313, 0.0], [0.7908069320347731, 0.0], [0.7906917107337265, 0.0], [0.7928843313791446, 0.0], [0.7910048739273189, 0.0]]}