{"theta": 8, "gamma": 0.001, "beta": 0.05, "targeting_criterion": null, "verbose": false, "human_network": "follower_network.gml", "trackmeme": true, "epsilon": 0.0001, "rho": 0.8, "mu": 0.5, "phi": 0.0, "alpha": 15, "graph_gml": "/N/slate/baotruon/marketplace/data/igraph/vary_network/network_520.gml", "mode": "igraph", "quality": [0.4437011820252924, 0.44164449954259644, 0.4405733717430683, 0.41020914339124365, 0.4465837616079915], "diversity": [6.483910820112081, 6.387681144537751, 6.465855728273744, 6.461468761863561, 6.425928766218971], "discriminative_pow": [[0.772578135776429, 0.0], [0.7728481436064848, 0.0], [0.773923667362157, 0.0], [0.772949253670164, 0.0], [0.7715153535406442, 0.0]]}