{"theta": 8, "gamma": 0.01, "beta": 0.05, "targeting_criterion": null, "verbose": false, "human_network": "follower_network.gml", "trackmeme": true, "epsilon": 0.0001, "rho": 0.8, "mu": 0.5, "phi": 0.0, "alpha": 15, "graph_gml": "/N/slate/baotruon/marketplace/data/igraph/vary_network/network_540.gml", "mode": "igraph", "quality": [0.2756698050739633, 0.2781536017337575, 0.2783598037610101, 0.27817842143735416, 0.28457134819151364], "diversity": [6.004138757644296, 5.904733844805004, 5.957147425005161, 6.050997878690619, 5.857632331175401], "discriminative_pow": [[0.7092291755820105, 0.0], [0.710960233846256, 0.0], [0.7090294905661944, 0.0], [0.7096105431174659, 0.0], [0.7101913241051385, 0.0]]}