{"theta": 8, "gamma": 0.1, "beta": 0.05, "targeting_criterion": null, "verbose": false, "human_network": "follower_network.gml", "trackmeme": true, "epsilon": 0.0001, "rho": 0.8, "mu": 0.5, "phi": 0.0, "alpha": 15, "graph_gml": "/N/slate/baotruon/marketplace/data/igraph/vary_network/network_560.gml", "mode": "igraph", "quality": [0.07973835559612291, 0.07626930339082474, 0.06543963879611905, 0.07413978862651543, 0.07048261315970002], "diversity": [4.153684672311721, 3.936091518043261, 4.184193495400235, 4.1032963267394225, 3.8581659236791417], "discriminative_pow": [[0.72672766721928, 0.0], [0.7269030114126219, 0.0], [0.7282372949607571, 0.0], [0.7298494404752929, 0.0], [0.728664425375691, 0.0]]}