{"theta": 16, "gamma": 0.0001, "beta": 0.05, "targeting_criterion": null, "verbose": false, "human_network": "follower_network.gml", "trackmeme": true, "epsilon": 0.0001, "rho": 0.8, "mu": 0.5, "phi": 0.0, "alpha": 15, "graph_gml": "/N/slate/baotruon/marketplace/data/igraph/vary_network/network_500.gml", "mode": "igraph", "quality": [0.4771652098378122, 0.47915797189062315, 0.4729523674594348, 0.4699491635034032, 0.4682957237592273], "diversity": [6.454652455383812, 6.296519379622222, 6.35497259774381, 6.410865993874852, 6.3337479404005705], "discriminative_pow": [[0.7918376958314197, 0.0], [0.7916573111765441, 0.0], [0.7899788351299883, 0.0], [0.7908682433780994, 0.0], [0.7924431551254326, 0.0]]}