{"theta": 16, "gamma": 0.001, "beta": 0.05, "targeting_criterion": null, "verbose": false, "human_network": "follower_network.gml", "trackmeme": true, "epsilon": 0.0001, "rho": 0.8, "mu": 0.5, "phi": 0.0, "alpha": 15, "graph_gml": "/N/slate/baotruon/marketplace/data/igraph/vary_network/network_520.gml", "mode": "igraph", "quality": [0.4364958085377677, 0.4269204425103362, 0.42816237779695376, 0.43308059961569007, 0.43279186249759416], "diversity": [6.367044156896666, 6.2996055824649835, 6.4051061869936206, 6.301164909566251, 6.371922844014323], "discriminative_pow": [[0.7648265273131098, 0.0], [0.7652213609578048, 0.0], [0.765039637807123, 0.0], [0.7654925899687823, 0.0], [0.7641241076067298, 0.0]]}