{
    "theta": 16,
    "gamma": 0.01,
    "beta": 0.05,
    "targeting_criterion": null,
    "verbose": false,
    "human_network": "follower_network.gml",
    "trackmeme": true,
    "epsilon": 0.0001,
    "rho": 0.8,
    "mu": 0.5,
    "phi": 0.0,
    "alpha": 15,
    "graph_gml": "/N/slate/baotruon/marketplace/data/igraph/vary_network/network_540.gml",
    "mode": "igraph",
    "quality": [
        0.25838014370543577,
        0.2568811667311269,
        0.25984571504570586,
        0.24751488861267357,
        0.24348887933911986
    ],
    "diversity": [
        5.739424310740684,
        5.767138835270318,
        5.806526602661677,
        5.7165896019923,
        5.642929853632884
    ],
    "discriminative_pow": [
        [
            0.682808921901502,
            0.0
        ],
        [
            0.684493018932564,
            0.0
        ],
        [
            0.6838730737685494,
            0.0
        ],
        [
            0.6837024173144146,
            0.0
        ],
        [
            0.6821246824363026,
            0.0
        ]
    ]
}