{"theta": 16, "gamma": 0.1, "beta": 0.05, "targeting_criterion": null, "verbose": false, "human_network": "follower_network.gml", "trackmeme": true, "epsilon": 0.0001, "rho": 0.8, "mu": 0.5, "phi": 0, "alpha": 15, "graph_gml": "/N/slate/baotruon/marketplace/data/igraph/vary_network/network_560.gml", "mode": "igraph", "quality": [0.05161452794328883, 0.04990809402981568], "diversity": [3.6031622895745223, 3.7025591588874383], "discriminative_pow": [[0.7210169667015939, 0.0], [0.7211003136397824, 0.0]]}