{"theta": 32, "gamma": 0.0001, "beta": 0.05, "targeting_criterion": null, "verbose": false, "human_network": "follower_network.gml", "trackmeme": true, "epsilon": 0.0001, "rho": 0.8, "mu": 0.5, "phi": 0.0, "alpha": 15, "graph_gml": "/N/slate/baotruon/marketplace/data/igraph/vary_network/network_500.gml", "mode": "igraph", "quality": [0.48254456065059403, 0.47523695029006713, 0.48088902534322986, 0.4760881753467246, 0.4743651309307197], "diversity": [6.455021925913064, 6.39729149675866, 6.437202801307395, 6.461928724293459, 6.498194925681224], "discriminative_pow": [[0.7907781196276381, 0.0], [0.7902866069510006, 0.0], [0.7904283764380047, 0.0], [0.7914369930958618, 0.0], [0.7910863023516146, 0.0]]}