{"theta": 32, "gamma": 0.001, "beta": 0.05, "targeting_criterion": null, "verbose": false, "human_network": "follower_network.gml", "trackmeme": true, "epsilon": 0.0001, "rho": 0.8, "mu": 0.5, "phi": 0.0, "alpha": 15, "graph_gml": "/N/slate/baotruon/marketplace/data/igraph/vary_network/network_520.gml", "mode": "igraph", "quality": [0.4324070325138319, 0.4356905856782276, 0.4373823800723549, 0.43470835996551305, 0.44364826244796685], "diversity": [6.401224909567459, 6.41459507651278, 6.289153357106276, 6.413215803165489, 6.294059903726474], "discriminative_pow": [[0.7644345679533723, 0.0], [0.7645335018078154, 0.0], [0.7632943734163444, 0.0], [0.7643548568835693, 0.0], [0.76446508325146, 0.0]]}