{"theta": 32, "gamma": 0.01, "beta": 0.05, "targeting_criterion": null, "verbose": false, "human_network": "follower_network.gml", "trackmeme": true, "epsilon": 0.0001, "rho": 0.8, "mu": 0.5, "phi": 0.0, "alpha": 15, "graph_gml": "/N/slate/baotruon/marketplace/data/igraph/vary_network/network_540.gml", "mode": "igraph", "quality": [0.2444227786573822, 0.24796748679479602, 0.23591664325023115, 0.24930051886748877, 0.24194159188391956], "diversity": [5.716474614790598, 5.89341817228737, 5.683339173670081, 5.72951453784782, 5.7333418424648634], "discriminative_pow": [[0.6819820223547273, 0.0], [0.6824319703202006, 0.0], [0.6829556992684841, 0.0], [0.6826699782735935, 0.0], [0.6840374649594804, 0.0]]}