{"theta": 1, "phi": 0.0, "beta": 0.05, "gamma": 0.01, "targeting_criterion": null, "verbose": false, "human_network": "follower_network.gml", "trackmeme": true, "epsilon": 0.0001, "rho": 0.8, "mu": 0.5, "alpha": 15, "graph_gml": "/N/slate/baotruon/marketplace/data/igraph/vary_network/network_540.gml", "mode": "igraph", "quality": [0.39619269353049563, 0.40868385253405587, 0.3879139989495079, 0.39211448208799365, 0.3955029792969872], "diversity": [6.39388715117964, 6.562165662778588, 6.49969935016561, 6.364301812029936, 6.396463183091184], "discriminative_pow": [[0.7635139017566274, 0.0], [0.763526926726499, 0.0], [0.7628683678241069, 0.0], [0.765720589917519, 0.0], [0.7656036699869496, 0.0]]}