{"theta": 1, "phi": 0.1, "beta": 0.05, "gamma": 0.01, "targeting_criterion": null, "verbose": false, "human_network": "follower_network.gml", "trackmeme": true, "epsilon": 0.0001, "rho": 0.8, "mu": 0.5, "alpha": 15, "graph_gml": "/N/slate/baotruon/marketplace/data/igraph/vary_network/network_540.gml", "mode": "igraph", "quality": [0.3609608585072516, 0.3574727054068525, 0.3610619178204878], "diversity": [6.270564618298005, 6.420276465633062, 6.4994069174892495], "discriminative_pow": [[0.7654796447441479, 0.0], [0.7667090570065681, 0.0], [0.765265484631433, 0.0]]}