{"theta": 1, "phi": 1.0, "beta": 0.05, "gamma": 0.01, "targeting_criterion": null, "verbose": false, "human_network": "follower_network.gml", "trackmeme": true, "epsilon": 0.0001, "rho": 0.8, "mu": 0.5, "alpha": 15, "graph_gml": "/N/slate/baotruon/marketplace/data/igraph/vary_network/network_540.gml", "mode": "igraph", "quality": [0.3200026339437415, 0.32111256665498106, 0.32063075196212704], "diversity": [6.557797708139743, 6.471128900888237, 6.562265382814572], "discriminative_pow": [[0.7309414511780477, 0.0], [0.730759426911174, 0.0], [0.7306199363564307, 0.0]]}