{"theta": 1, "phi": 0.2, "beta": 0.05, "gamma": 0.01, "targeting_criterion": null, "verbose": false, "human_network": "follower_network.gml", "trackmeme": true, "epsilon": 0.0001, "rho": 0.8, "mu": 0.5, "alpha": 15, "graph_gml": "/N/slate/baotruon/marketplace/data/igraph/vary_network/network_540.gml", "mode": "igraph", "quality": [0.3562193112051777, 0.34257258359051607, 0.3536308106924927], "diversity": [6.303702401000187, 6.522797828107496, 6.399618484833793], "discriminative_pow": [[0.7604025066667377, 0.0], [0.7595956070140315, 0.0], [0.7602221230410648, 0.0]]}