{"theta": 1, "phi": 0.30000000000000004, "beta": 0.05, "gamma": 0.01, "targeting_criterion": null, "verbose": false, "human_network": "follower_network.gml", "trackmeme": true, "epsilon": 0.0001, "rho": 0.8, "mu": 0.5, "alpha": 15, "graph_gml": "/N/slate/baotruon/marketplace/data/igraph/vary_network/network_540.gml", "mode": "igraph", "quality": [0.34830442164358133, 0.33880228644008914, 0.33949972812562396], "diversity": [6.414163835599899, 6.49624452017889, 6.5111641647379805], "discriminative_pow": [[0.7535897531304628, 0.0], [0.754453876529923, 0.0], [0.754689028315434, 0.0]]}