{"theta": 1, "phi": 0.4, "beta": 0.05, "gamma": 0.01, "targeting_criterion": null, "verbose": false, "human_network": "follower_network.gml", "trackmeme": true, "epsilon": 0.0001, "rho": 0.8, "mu": 0.5, "alpha": 15, "graph_gml": "/N/slate/baotruon/marketplace/data/igraph/vary_network/network_540.gml", "mode": "igraph", "quality": [0.337620019496107, 0.3316262208678705, 0.3411374553055503], "diversity": [6.498887187707192, 6.545485173132189, 6.515125402294442], "discriminative_pow": [[0.749049225245729, 0.0], [0.7493461531290274, 0.0], [0.7474650152251244, 0.0]]}