{"theta": 1, "phi": 0.5, "beta": 0.05, "gamma": 0.01, "targeting_criterion": null, "verbose": false, "human_network": "follower_network.gml", "trackmeme": true, "epsilon": 0.0001, "rho": 0.8, "mu": 0.5, "alpha": 15, "graph_gml": "/N/slate/baotruon/marketplace/data/igraph/vary_network/network_540.gml", "mode": "igraph", "quality": [0.3363623723246621, 0.3390227100110165, 0.34649685560027477], "diversity": [6.5248912760272715, 6.567823746529058, 6.458844816426935], "discriminative_pow": [[0.7439821351335761, 0.0], [0.7417217994409105, 0.0], [0.7442718817938355, 0.0]]}