{"theta": 1, "phi": 0.6000000000000001, "beta": 0.05, "gamma": 0.01, "targeting_criterion": null, "verbose": false, "human_network": "follower_network.gml", "trackmeme": true, "epsilon": 0.0001, "rho": 0.8, "mu": 0.5, "alpha": 15, "graph_gml": "/N/slate/baotruon/marketplace/data/igraph/vary_network/network_540.gml", "mode": "igraph", "quality": [0.3236136558258892, 0.3391746257861513, 0.3337433807322413], "diversity": [6.620950755298178, 6.488905768197654, 6.443250406682081], "discriminative_pow": [[0.7371585471079465, 0.0], [0.7359373940614762, 0.0], [0.739527133718405, 0.0]]}