{"theta": 1, "phi": 0.7000000000000001, "beta": 0.05, "gamma": 0.01, "targeting_criterion": null, "verbose": false, "human_network": "follower_network.gml", "trackmeme": true, "epsilon": 0.0001, "rho": 0.8, "mu": 0.5, "alpha": 15, "graph_gml": "/N/slate/baotruon/marketplace/data/igraph/vary_network/network_540.gml", "mode": "igraph", "quality": [0.3231670714392369, 0.32281798541633655, 0.32376625185727304], "diversity": [6.568703893325156, 6.562945342999403, 6.29985573035388], "discriminative_pow": [[0.7344735420845877, 0.0], [0.736234452492957, 0.0], [0.7346991855509006, 0.0]]}