{"theta": 1, "phi": 0.8, "beta": 0.05, "gamma": 0.01, "targeting_criterion": null, "verbose": false, "human_network": "follower_network.gml", "trackmeme": true, "epsilon": 0.0001, "rho": 0.8, "mu": 0.5, "alpha": 15, "graph_gml": "/N/slate/baotruon/marketplace/data/igraph/vary_network/network_540.gml", "mode": "igraph", "quality": [0.30986993990501543, 0.3176511738392178, 0.30964935512313235], "diversity": [6.437553353073284, 6.513743299495445, 6.446172075054291], "discriminative_pow": [[0.7337191640317634, 0.0], [0.7328484261177126, 0.0], [0.7327515967286794, 0.0]]}