{"theta": 1, "phi": 0.9, "beta": 0.05, "gamma": 0.01, "targeting_criterion": null, "verbose": false, "human_network": "follower_network.gml", "trackmeme": true, "epsilon": 0.0001, "rho": 0.8, "mu": 0.5, "alpha": 15, "graph_gml": "/N/slate/baotruon/marketplace/data/igraph/vary_network/network_540.gml", "mode": "igraph", "quality": [0.31402115228340377, 0.3268900089330464, 0.33107139632554694], "diversity": [6.480389607713713, 6.5276008023766146, 6.376562529487864], "discriminative_pow": [[0.730918972013994, 0.0], [0.7310725524853967, 0.0], [0.7314840304011294, 0.0]]}