{"theta": 2, "phi": 0.0, "beta": 0.05, "gamma": 0.01, "targeting_criterion": null, "verbose": false, "human_network": "follower_network.gml", "trackmeme": true, "epsilon": 0.0001, "rho": 0.8, "mu": 0.5, "alpha": 15, "graph_gml": "/N/slate/baotruon/marketplace/data/igraph/vary_network/network_540.gml", "mode": "igraph", "quality": [0.35229504843420534, 0.3566437448652079, 0.3336916150637019, 0.3645795109250467, 0.3570617748341427], "diversity": [6.309599857896247, 6.2905628639105275, 6.215603688782407, 6.377282581698887, 6.311511086839779], "discriminative_pow": [[0.7501048522632991, 0.0], [0.7496225651273944, 0.0], [0.7490159748041377, 0.0], [0.7470123033242403, 0.0], [0.7491127352375623, 0.0]]}