{"theta": 2, "phi": 0.1, "beta": 0.05, "gamma": 0.01, "targeting_criterion": null, "verbose": false, "human_network": "follower_network.gml", "trackmeme": true, "epsilon": 0.0001, "rho": 0.8, "mu": 0.5, "alpha": 15, "graph_gml": "/N/slate/baotruon/marketplace/data/igraph/vary_network/network_540.gml", "mode": "igraph", "quality": [0.32373493931824826, 0.3340698230788485, 0.3185653283871056], "diversity": [6.310546967962642, 6.270639345028777, 6.224738967649724], "discriminative_pow": [[0.7498099579091176, 0.0], [0.7494069832042551, 0.0], [0.751840870965583, 0.0]]}