{"theta": 2, "phi": 1.0, "beta": 0.05, "gamma": 0.01, "targeting_criterion": null, "verbose": false, "human_network": "follower_network.gml", "trackmeme": true, "epsilon": 0.0001, "rho": 0.8, "mu": 0.5, "alpha": 15, "graph_gml": "/N/slate/baotruon/marketplace/data/igraph/vary_network/network_540.gml", "mode": "igraph", "quality": [0.27445826920508687, 0.28853039721281465, 0.27248463484569113], "diversity": [6.474146861217749, 6.507989347002972, 6.328998418458591], "discriminative_pow": [[0.7113253013531096, 0.0], [0.7123346377498825, 0.0], [0.7106174677381448, 0.0]]}