{"theta": 2, "phi": 0.2, "beta": 0.05, "gamma": 0.01, "targeting_criterion": null, "verbose": false, "human_network": "follower_network.gml", "trackmeme": true, "epsilon": 0.0001, "rho": 0.8, "mu": 0.5, "alpha": 15, "graph_gml": "/N/slate/baotruon/marketplace/data/igraph/vary_network/network_540.gml", "mode": "igraph", "quality": [0.32176050951439295, 0.3209194377751376, 0.2942293899213275], "diversity": [6.2844525028961655, 6.2796222382764775, 6.182346033195375], "discriminative_pow": [[0.7444073227351068, 0.0], [0.7439835604818856, 0.0], [0.7446705090555515, 0.0]]}