{"theta": 2, "phi": 0.30000000000000004, "beta": 0.05, "gamma": 0.01, "targeting_criterion": null, "verbose": false, "human_network": "follower_network.gml", "trackmeme": true, "epsilon": 0.0001, "rho": 0.8, "mu": 0.5, "alpha": 15, "graph_gml": "/N/slate/baotruon/marketplace/data/igraph/vary_network/network_540.gml", "mode": "igraph", "quality": [0.30080142156236056, 0.30292565511782826, 0.3127417476210817], "diversity": [6.340480815714095, 6.494636856781982, 6.3112617551049155], "discriminative_pow": [[0.7369668044850893, 0.0], [0.7382252046595889, 0.0], [0.7374069423390034, 0.0]]}