{"theta": 2, "phi": 0.4, "beta": 0.05, "gamma": 0.01, "targeting_criterion": null, "verbose": false, "human_network": "follower_network.gml", "trackmeme": true, "epsilon": 0.0001, "rho": 0.8, "mu": 0.5, "alpha": 15, "graph_gml": "/N/slate/baotruon/marketplace/data/igraph/vary_network/network_540.gml", "mode": "igraph", "quality": [0.2989267101756901, 0.2833894425304691, 0.29641751435856073], "diversity": [6.413379233277611, 6.27500418629578, 6.323285910801054], "discriminative_pow": [[0.731388170500844, 0.0], [0.7313057618789277, 0.0], [0.730415716747284, 0.0]]}