{"theta": 2, "phi": 0.5, "beta": 0.05, "gamma": 0.01, "targeting_criterion": null, "verbose": false, "human_network": "follower_network.gml", "trackmeme": true, "epsilon": 0.0001, "rho": 0.8, "mu": 0.5, "alpha": 15, "graph_gml": "/N/slate/baotruon/marketplace/data/igraph/vary_network/network_540.gml", "mode": "igraph", "quality": [0.3020874067817812, 0.31133716394414673, 0.2915727434866977], "diversity": [6.2787314633456734, 6.373565180002287, 6.43416029178571], "discriminative_pow": [[0.7249571602666538, 0.0], [0.7260099941180956, 0.0], [0.7249823504254662, 0.0]]}