{"theta": 2, "phi": 0.6000000000000001, "beta": 0.05, "gamma": 0.01, "targeting_criterion": null, "verbose": false, "human_network": "follower_network.gml", "trackmeme": true, "epsilon": 0.0001, "rho": 0.8, "mu": 0.5, "alpha": 15, "graph_gml": "/N/slate/baotruon/marketplace/data/igraph/vary_network/network_540.gml", "mode": "igraph", "quality": [0.29746751900487095, 0.2845432867237517, 0.28538250747937793], "diversity": [6.454836340382238, 6.230971234584088, 6.3197052584287485], "discriminative_pow": [[0.7216968125064772, 0.0], [0.7215488569309116, 0.0], [0.7211146482844839, 0.0]]}