{"theta": 2, "phi": 0.7000000000000001, "beta": 0.05, "gamma": 0.01, "targeting_criterion": null, "verbose": false, "human_network": "follower_network.gml", "trackmeme": true, "epsilon": 0.0001, "rho": 0.8, "mu": 0.5, "alpha": 15, "graph_gml": "/N/slate/baotruon/marketplace/data/igraph/vary_network/network_540.gml", "mode": "igraph", "quality": [0.286560530967095, 0.2853933043336034, 0.28881525938773145], "diversity": [6.349152925642875, 6.423152165684453, 6.389017123090799], "discriminative_pow": [[0.7208448670071625, 0.0], [0.7168614163906165, 0.0], [0.7163429156821115, 0.0]]}