{"theta": 2, "phi": 0.8, "beta": 0.05, "gamma": 0.01, "targeting_criterion": null, "verbose": false, "human_network": "follower_network.gml", "trackmeme": true, "epsilon": 0.0001, "rho": 0.8, "mu": 0.5, "alpha": 15, "graph_gml": "/N/slate/baotruon/marketplace/data/igraph/vary_network/network_540.gml", "mode": "igraph", "quality": [0.2902357527644304, 0.3003944392499005, 0.28296573078039056], "diversity": [6.348030860771785, 6.436755720455979, 6.361207146778458], "discriminative_pow": [[0.7130791351901428, 0.0], [0.7154994288764548, 0.0], [0.7143832568222344, 0.0]]}