{"theta": 2, "phi": 0.9, "beta": 0.05, "gamma": 0.01, "targeting_criterion": null, "verbose": false, "human_network": "follower_network.gml", "trackmeme": true, "epsilon": 0.0001, "rho": 0.8, "mu": 0.5, "alpha": 15, "graph_gml": "/N/slate/baotruon/marketplace/data/igraph/vary_network/network_540.gml", "mode": "igraph", "quality": [0.2730737966186552, 0.26381036692780496, 0.2771620038585435], "diversity": [6.440869603233608, 6.4488795385024105, 6.271982382403218], "discriminative_pow": [[0.7114241905483562, 0.0], [0.7122763516267334, 0.0], [0.7116408523975835, 0.0]]}