{"theta": 4, "phi": 0.0, "beta": 0.05, "gamma": 0.01, "targeting_criterion": null, "verbose": false, "human_network": "follower_network.gml", "trackmeme": true, "epsilon": 0.0001, "rho": 0.8, "mu": 0.5, "alpha": 15, "graph_gml": "/N/slate/baotruon/marketplace/data/igraph/vary_network/network_540.gml", "mode": "igraph", "quality": [0.31466287892133565, 0.3244646235418921, 0.3266508317278922, 0.3211085958293563, 0.32814844673399796], "diversity": [6.022974769198331, 6.219882948677497, 5.999654430479618, 6.130507636930272, 6.200836410501362], "discriminative_pow": [[0.7309635839297567, 0.0], [0.732771832836572, 0.0], [0.7326070591055557, 0.0], [0.7331021844708195, 0.0], [0.7304767623460892, 0.0]]}