{"theta": 4, "phi": 0.1, "beta": 0.05, "gamma": 0.01, "targeting_criterion": null, "verbose": false, "human_network": "follower_network.gml", "trackmeme": true, "epsilon": 0.0001, "rho": 0.8, "mu": 0.5, "alpha": 15, "graph_gml": "/N/slate/baotruon/marketplace/data/igraph/vary_network/network_540.gml", "mode": "igraph", "quality": [0.27456711955973323, 0.29022464817483795, 0.27837561953346357], "diversity": [6.089776239004324, 6.199651067524785, 6.0817976085799845], "discriminative_pow": [[0.7335132953468522, 0.0], [0.7297618316859086, 0.0], [0.7295544846619965, 0.0]]}