{"theta": 4, "phi": 1.0, "beta": 0.05, "gamma": 0.01, "targeting_criterion": null, "verbose": false, "human_network": "follower_network.gml", "trackmeme": true, "epsilon": 0.0001, "rho": 0.8, "mu": 0.5, "alpha": 15, "graph_gml": "/N/slate/baotruon/marketplace/data/igraph/vary_network/network_540.gml", "mode": "igraph", "quality": [0.2535698135356873, 0.2311909105139913, 0.24503950806265556], "diversity": [6.110564090103693, 6.092011283562163, 6.154085417058733], "discriminative_pow": [[0.6998129861113574, 0.0], [0.7013343875125281, 0.0], [0.7006499982305665, 0.0]]}