{"theta": 4, "phi": 0.2, "beta": 0.05, "gamma": 0.01, "targeting_criterion": null, "verbose": false, "human_network": "follower_network.gml", "trackmeme": true, "epsilon": 0.0001, "rho": 0.8, "mu": 0.5, "alpha": 15, "graph_gml": "/N/slate/baotruon/marketplace/data/igraph/vary_network/network_540.gml", "mode": "igraph", "quality": [0.2755780001131427, 0.26071091107593264, 0.2795195993452983], "diversity": [6.2686018961362855, 5.874623275868325, 6.185702589639564], "discriminative_pow": [[0.726062053418608, 0.0], [0.7243543594598726, 0.0], [0.7257362088832903, 0.0]]}