{"theta": 4, "phi": 0.30000000000000004, "beta": 0.05, "gamma": 0.01, "targeting_criterion": null, "verbose": false, "human_network": "follower_network.gml", "trackmeme": true, "epsilon": 0.0001, "rho": 0.8, "mu": 0.5, "alpha": 15, "graph_gml": "/N/slate/baotruon/marketplace/data/igraph/vary_network/network_540.gml", "mode": "igraph", "quality": [0.2521957751072419, 0.24949321860321252, 0.26706008964969447], "diversity": [6.224539887146699, 5.996649468194999, 6.071228395188665], "discriminative_pow": [[0.7205055405301903, 0.0], [0.7184923602146109, 0.0], [0.7207299409822181, 0.0]]}