{"theta": 4, "phi": 0.4, "beta": 0.05, "gamma": 0.01, "targeting_criterion": null, "verbose": false, "human_network": "follower_network.gml", "trackmeme": true, "epsilon": 0.0001, "rho": 0.8, "mu": 0.5, "alpha": 15, "graph_gml": "/N/slate/baotruon/marketplace/data/igraph/vary_network/network_540.gml", "mode": "igraph", "quality": [0.2507049322931636, 0.2689336219517456, 0.2593172433229784], "diversity": [6.216600797982153, 6.101396826785653, 6.113101439639472], "discriminative_pow": [[0.7144593616738446, 0.0], [0.7146110564029634, 0.0], [0.7133209320155129, 0.0]]}