{"theta": 4, "phi": 0.5, "beta": 0.05, "gamma": 0.01, "targeting_criterion": null, "verbose": false, "human_network": "follower_network.gml", "trackmeme": true, "epsilon": 0.0001, "rho": 0.8, "mu": 0.5, "alpha": 15, "graph_gml": "/N/slate/baotruon/marketplace/data/igraph/vary_network/network_540.gml", "mode": "igraph", "quality": [0.25031409005229144, 0.2533123660436191, 0.2678014439131589], "diversity": [6.023031155747638, 6.042233430989202, 6.300055694593166], "discriminative_pow": [[0.7098567834733036, 0.0], [0.7095008993442892, 0.0], [0.7097043533225746, 0.0]]}