{"theta": 4, "phi": 0.6000000000000001, "beta": 0.05, "gamma": 0.01, "targeting_criterion": null, "verbose": false, "human_network": "follower_network.gml", "trackmeme": true, "epsilon": 0.0001, "rho": 0.8, "mu": 0.5, "alpha": 15, "graph_gml": "/N/slate/baotruon/marketplace/data/igraph/vary_network/network_540.gml", "mode": "igraph", "quality": [0.24454072695311804, 0.24559361358677811, 0.24821140735330857], "diversity": [6.119868790060986, 6.160026576487465, 6.198306890877976], "discriminative_pow": [[0.7044344951340096, 0.0], [0.7059563524264104, 0.0], [0.7061118296490028, 0.0]]}