{"theta": 4, "phi": 0.7000000000000001, "beta": 0.05, "gamma": 0.01, "targeting_criterion": null, "verbose": false, "human_network": "follower_network.gml", "trackmeme": true, "epsilon": 0.0001, "rho": 0.8, "mu": 0.5, "alpha": 15, "graph_gml": "/N/slate/baotruon/marketplace/data/igraph/vary_network/network_540.gml", "mode": "igraph", "quality": [0.2621565631299291, 0.25605387484633885, 0.2453783030106248], "diversity": [6.1270254262142405, 6.157651677613028, 6.123591800493855], "discriminative_pow": [[0.7022993190146289, 0.0], [0.7034900140782904, 0.0], [0.7028049865664916, 0.0]]}