{"theta": 4, "phi": 0.8, "beta": 0.05, "gamma": 0.01, "targeting_criterion": null, "verbose": false, "human_network": "follower_network.gml", "trackmeme": true, "epsilon": 0.0001, "rho": 0.8, "mu": 0.5, "alpha": 15, "graph_gml": "/N/slate/baotruon/marketplace/data/igraph/vary_network/network_540.gml", "mode": "igraph", "quality": [0.2528758029497605, 0.24234921190132674, 0.24710137548789318], "diversity": [6.079729050831739, 6.1620165946723136, 6.178481666881019], "discriminative_pow": [[0.7011697495294967, 0.0], [0.7004002490261806, 0.0], [0.6993157887786493, 0.0]]}