{"theta": 4, "phi": 0.9, "beta": 0.05, "gamma": 0.01, "targeting_criterion": null, "verbose": false, "human_network": "follower_network.gml", "trackmeme": true, "epsilon": 0.0001, "rho": 0.8, "mu": 0.5, "alpha": 15, "graph_gml": "/N/slate/baotruon/marketplace/data/igraph/vary_network/network_540.gml", "mode": "igraph", "quality": [0.24732649138500895, 0.24936026733791622, 0.24949040361149197], "diversity": [6.198839978205726, 6.255173935930214, 6.197555109644924], "discriminative_pow": [[0.6995057569199381, 0.0], [0.6994492829804282, 0.0], [0.7004349893659967, 0.0]]}