{"theta": 8, "phi": 0.0, "beta": 0.05, "gamma": 0.01, "targeting_criterion": null, "verbose": false, "human_network": "follower_network.gml", "trackmeme": true, "epsilon": 0.0001, "rho": 0.8, "mu": 0.5, "alpha": 15, "graph_gml": "/N/slate/baotruon/marketplace/data/igraph/vary_network/network_540.gml", "mode": "igraph", "quality": [0.2580454187457863, 0.26776966426670545, 0.27926094614841723, 0.27449287809538325, 0.26994312753987176], "diversity": [5.882003045554937, 5.88488814382847, 5.839664446293877, 6.009867032120328, 5.818076014368998], "discriminative_pow": [[0.7112089168691722, 0.0], [0.709346969840263, 0.0], [0.7107191594810691, 0.0], [0.7087148075585236, 0.0], [0.7094564487105395, 0.0]]}