{"theta": 8, "phi": 0.1, "beta": 0.05, "gamma": 0.01, "targeting_criterion": null, "verbose": false, "human_network": "follower_network.gml", "trackmeme": true, "epsilon": 0.0001, "rho": 0.8, "mu": 0.5, "alpha": 15, "graph_gml": "/N/slate/baotruon/marketplace/data/igraph/vary_network/network_540.gml", "mode": "igraph", "quality": [0.2529628799366721, 0.2678135861625492, 0.24583095670321375], "diversity": [5.883564741354815, 5.986040458972046, 5.911926432251228], "discriminative_pow": [[0.7085636065621598, 0.0], [0.7072495795859893, 0.0], [0.7096107464555663, 0.0]]}