{"theta": 8, "phi": 1.0, "beta": 0.05, "gamma": 0.01, "targeting_criterion": null, "verbose": false, "human_network": "follower_network.gml", "trackmeme": true, "epsilon": 0.0001, "rho": 0.8, "mu": 0.5, "alpha": 15, "graph_gml": "/N/slate/baotruon/marketplace/data/igraph/vary_network/network_540.gml", "mode": "igraph", "quality": [0.2137223250170563, 0.205584841447018, 0.20452555815255666], "diversity": [5.88159584894556, 5.942267535730556, 5.899144190411082], "discriminative_pow": [[0.6965462062463744, 0.0], [0.6986494144024492, 0.0], [0.6983936820272489, 0.0]]}