{"theta": 8, "phi": 0.2, "beta": 0.05, "gamma": 0.01, "targeting_criterion": null, "verbose": false, "human_network": "follower_network.gml", "trackmeme": true, "epsilon": 0.0001, "rho": 0.8, "mu": 0.5, "alpha": 15, "graph_gml": "/N/slate/baotruon/marketplace/data/igraph/vary_network/network_540.gml", "mode": "igraph", "quality": [0.22892777197840522, 0.24031567411782137, 0.22764391146488874], "diversity": [6.045749632562573, 5.858790106962859, 5.869759543823606], "discriminative_pow": [[0.7043701861979714, 0.0], [0.7041987013526537, 0.0], [0.7048727512161578, 0.0]]}