{"theta": 8, "phi": 0.30000000000000004, "beta": 0.05, "gamma": 0.01, "targeting_criterion": null, "verbose": false, "human_network": "follower_network.gml", "trackmeme": true, "epsilon": 0.0001, "rho": 0.8, "mu": 0.5, "alpha": 15, "graph_gml": "/N/slate/baotruon/marketplace/data/igraph/vary_network/network_540.gml", "mode": "igraph", "quality": [0.23844845719517152, 0.23852972873899836, 0.2354408002377088], "diversity": [5.864063011297487, 5.960320194475882, 5.967291667310069], "discriminative_pow": [[0.7033014812509337, 0.0], [0.7018714436869179, 0.0], [0.7000869062184083, 0.0]]}