{"theta": 8, "phi": 0.4, "beta": 0.05, "gamma": 0.01, "targeting_criterion": null, "verbose": false, "human_network": "follower_network.gml", "trackmeme": true, "epsilon": 0.0001, "rho": 0.8, "mu": 0.5, "alpha": 15, "graph_gml": "/N/slate/baotruon/marketplace/data/igraph/vary_network/network_540.gml", "mode": "igraph", "quality": [0.2261023065050289, 0.23247851319701268, 0.23388183474982024], "diversity": [5.931239974933082, 5.864798205600676, 5.873913207213457], "discriminative_pow": [[0.7003429421511979, 0.0], [0.7007091502231292, 0.0], [0.7008854337755421, 0.0]]}