{"theta": 8, "phi": 0.5, "beta": 0.05, "gamma": 0.01, "targeting_criterion": null, "verbose": false, "human_network": "follower_network.gml", "trackmeme": true, "epsilon": 0.0001, "rho": 0.8, "mu": 0.5, "alpha": 15, "graph_gml": "/N/slate/baotruon/marketplace/data/igraph/vary_network/network_540.gml", "mode": "igraph", "quality": [0.22335377872297515, 0.21768354744983864, 0.2294188091503011], "diversity": [5.838313871108202, 5.767371035943484, 5.833416299866338], "discriminative_pow": [[0.6993062839092634, 0.0], [0.6991127228896945, 0.0], [0.6976486814844545, 0.0]]}