{"theta": 8, "phi": 0.6000000000000001, "beta": 0.05, "gamma": 0.01, "targeting_criterion": null, "verbose": false, "human_network": "follower_network.gml", "trackmeme": true, "epsilon": 0.0001, "rho": 0.8, "mu": 0.5, "alpha": 15, "graph_gml": "/N/slate/baotruon/marketplace/data/igraph/vary_network/network_540.gml", "mode": "igraph", "quality": [0.20609143893891313, 0.20984030286085253, 0.20969287050794605], "diversity": [5.920934810901665, 5.993255441115201, 5.889876472539243], "discriminative_pow": [[0.6982925571853457, 0.0], [0.6977084204616272, 0.0], [0.6979875922979036, 0.0]]}