{"theta": 8, "phi": 0.7000000000000001, "beta": 0.05, "gamma": 0.01, "targeting_criterion": null, "verbose": false, "human_network": "follower_network.gml", "trackmeme": true, "epsilon": 0.0001, "rho": 0.8, "mu": 0.5, "alpha": 15, "graph_gml": "/N/slate/baotruon/marketplace/data/igraph/vary_network/network_540.gml", "mode": "igraph", "quality": [0.2112525832511706, 0.21377890230639676, 0.2182032530930058], "diversity": [5.948478000134374, 6.020420389297731, 5.914555048952553], "discriminative_pow": [[0.6980297050880747, 0.0], [0.6970191300961452, 0.0], [0.6962347438520385, 0.0]]}