{"theta": 8, "phi": 0.8, "beta": 0.05, "gamma": 0.01, "targeting_criterion": null, "verbose": false, "human_network": "follower_network.gml", "trackmeme": true, "epsilon": 0.0001, "rho": 0.8, "mu": 0.5, "alpha": 15, "graph_gml": "/N/slate/baotruon/marketplace/data/igraph/vary_network/network_540.gml", "mode": "igraph", "quality": [0.20450710502807107, 0.21353335199191806, 0.20986548041028544], "diversity": [5.718527445665945, 5.965461685502468, 5.905900875675327], "discriminative_pow": [[0.6964812453312015, 0.0], [0.6951036936083586, 0.0], [0.697860215300076, 0.0]]}