{"theta": 8, "phi": 0.9, "beta": 0.05, "gamma": 0.01, "targeting_criterion": null, "verbose": false, "human_network": "follower_network.gml", "trackmeme": true, "epsilon": 0.0001, "rho": 0.8, "mu": 0.5, "alpha": 15, "graph_gml": "/N/slate/baotruon/marketplace/data/igraph/vary_network/network_540.gml", "mode": "igraph", "quality": [0.20658467857774204, 0.2115938945845385, 0.2108304951247771], "diversity": [5.874050217378261, 5.929271212581488, 5.944777230324217], "discriminative_pow": [[0.6956669727118029, 0.0], [0.697638713876416, 0.0], [0.6978434492779562, 0.0]]}