{"theta": 16, "phi": 0.0, "beta": 0.05, "gamma": 0.01, "targeting_criterion": null, "verbose": false, "human_network": "follower_network.gml", "trackmeme": true, "epsilon": 0.0001, "rho": 0.8, "mu": 0.5, "alpha": 15, "graph_gml": "/N/slate/baotruon/marketplace/data/igraph/vary_network/network_540.gml", "mode": "igraph", "quality": [0.26345424595348665, 0.2501468793374559, 0.2509685267658538, 0.24726839033576123, 0.25729810892007493], "diversity": [5.647392799964465, 5.696804001790156, 5.6929571689413585, 5.851418096131136, 5.718670715367171], "discriminative_pow": [[0.6826915120679463, 0.0], [0.6825900568490515, 0.0], [0.6826122416432588, 0.0], [0.6826313633580833, 0.0], [0.6823748128060639, 0.0]]}