{"theta": 16, "phi": 0.1, "beta": 0.05, "gamma": 0.01, "targeting_criterion": null, "verbose": false, "human_network": "follower_network.gml", "trackmeme": true, "epsilon": 0.0001, "rho": 0.8, "mu": 0.5, "alpha": 15, "graph_gml": "/N/slate/baotruon/marketplace/data/igraph/vary_network/network_540.gml", "mode": "igraph", "quality": [0.23230662623147322, 0.2149563163899233, 0.22791578436743734], "diversity": [5.624516753084993, 5.666885791901526, 5.642741058581006], "discriminative_pow": [[0.6813485098874813, 0.0], [0.6872916437153884, 0.0], [0.6868181494927391, 0.0]]}