{"theta": 16, "phi": 1.0, "beta": 0.05, "gamma": 0.01, "targeting_criterion": null, "verbose": false, "human_network": "follower_network.gml", "trackmeme": true, "epsilon": 0.0001, "rho": 0.8, "mu": 0.5, "alpha": 15, "graph_gml": "/N/slate/baotruon/marketplace/data/igraph/vary_network/network_540.gml", "mode": "igraph", "quality": [0.18805951165862994, 0.17905061907894543, 0.18707128228205447], "diversity": [5.611348883514342, 5.737350018499539, 5.579371344833371], "discriminative_pow": [[0.7023932159930005, 0.0], [0.7004740361690523, 0.0], [0.6984803266024624, 0.0]]}