{"theta": 16, "phi": 0.2, "beta": 0.05, "gamma": 0.01, "targeting_criterion": null, "verbose": false, "human_network": "follower_network.gml", "trackmeme": true, "epsilon": 0.0001, "rho": 0.8, "mu": 0.5, "alpha": 15, "graph_gml": "/N/slate/baotruon/marketplace/data/igraph/vary_network/network_540.gml", "mode": "igraph", "quality": [0.21220797168915076, 0.22001576907035464, 0.22718657590608424], "diversity": [5.662860197359899, 5.644148455242149, 5.754862310047601], "discriminative_pow": [[0.6871572843767613, 0.0], [0.6879473794895699, 0.0], [0.6881735653773742, 0.0]]}