{"theta": 16, "phi": 0.30000000000000004, "beta": 0.05, "gamma": 0.01, "targeting_criterion": null, "verbose": false, "human_network": "follower_network.gml", "trackmeme": true, "epsilon": 0.0001, "rho": 0.8, "mu": 0.5, "alpha": 15, "graph_gml": "/N/slate/baotruon/marketplace/data/igraph/vary_network/network_540.gml", "mode": "igraph", "quality": [0.20761702717611583, 0.20548668518735383, 0.20295070605514948], "diversity": [5.7163958894109355, 5.758010639071217, 5.664670328955316], "discriminative_pow": [[0.6910265283507232, 0.0], [0.6905478330606973, 0.0], [0.6898589265047933, 0.0]]}