{"theta": 16, "phi": 0.4, "beta": 0.05, "gamma": 0.01, "targeting_criterion": null, "verbose": false, "human_network": "follower_network.gml", "trackmeme": true, "epsilon": 0.0001, "rho": 0.8, "mu": 0.5, "alpha": 15, "graph_gml": "/N/slate/baotruon/marketplace/data/igraph/vary_network/network_540.gml", "mode": "igraph", "quality": [0.2000479113657646, 0.20553121243007946, 0.19760328775465613], "diversity": [5.653119754461297, 5.6868001806197075, 5.768301382042551], "discriminative_pow": [[0.691593048404435, 0.0], [0.6920373147065566, 0.0], [0.6913103917877229, 0.0]]}