{"theta": 16, "phi": 0.5, "beta": 0.05, "gamma": 0.01, "targeting_criterion": null, "verbose": false, "human_network": "follower_network.gml", "trackmeme": true, "epsilon": 0.0001, "rho": 0.8, "mu": 0.5, "alpha": 15, "graph_gml": "/N/slate/baotruon/marketplace/data/igraph/vary_network/network_540.gml", "mode": "igraph", "quality": [0.2037130494929925, 0.1954011609700655, 0.19604605493620658], "diversity": [5.723089243235858, 5.663141208715321, 5.601888458634954], "discriminative_pow": [[0.6939518787638973, 0.0], [0.6930423943727496, 0.0], [0.6932232675812866, 0.0]]}