{"theta": 16, "phi": 0.6000000000000001, "beta": 0.05, "gamma": 0.01, "targeting_criterion": null, "verbose": false, "human_network": "follower_network.gml", "trackmeme": true, "epsilon": 0.0001, "rho": 0.8, "mu": 0.5, "alpha": 15, "graph_gml": "/N/slate/baotruon/marketplace/data/igraph/vary_network/network_540.gml", "mode": "igraph", "quality": [0.19651632333929933, 0.1937477330633422, 0.1887033367934183], "diversity": [5.702724923025982, 5.466027010922685, 5.54042288694296], "discriminative_pow": [[0.6960661470460549, 0.0], [0.6952412824859743, 0.0], [0.6956018796251219, 0.0]]}