{"theta": 16, "phi": 0.7000000000000001, "beta": 0.05, "gamma": 0.01, "targeting_criterion": null, "verbose": false, "human_network": "follower_network.gml", "trackmeme": true, "epsilon": 0.0001, "rho": 0.8, "mu": 0.5, "alpha": 15, "graph_gml": "/N/slate/baotruon/marketplace/data/igraph/vary_network/network_540.gml", "mode": "igraph", "quality": [0.18443207920780258, 0.18811457214066113, 0.1870170813937581], "diversity": [5.574770121773103, 5.657654617867244, 5.7179519983417055], "discriminative_pow": [[0.6973102213824889, 0.0], [0.6961943455858213, 0.0], [0.6958016369921944, 0.0]]}