{"theta": 16, "phi": 0.8, "beta": 0.05, "gamma": 0.01, "targeting_criterion": null, "verbose": false, "human_network": "follower_network.gml", "trackmeme": true, "epsilon": 0.0001, "rho": 0.8, "mu": 0.5, "alpha": 15, "graph_gml": "/N/slate/baotruon/marketplace/data/igraph/vary_network/network_540.gml", "mode": "igraph", "quality": [0.20107056209964758, 0.1875878315254359, 0.18038254505475204], "diversity": [5.578511147755626, 5.679110219213685, 5.711874903774524], "discriminative_pow": [[0.6931892788487961, 0.0], [0.6994658496769038, 0.0], [0.6969497862463677, 0.0]]}