{"theta": 16, "phi": 0.9, "beta": 0.05, "gamma": 0.01, "targeting_criterion": null, "verbose": false, "human_network": "follower_network.gml", "trackmeme": true, "epsilon": 0.0001, "rho": 0.8, "mu": 0.5, "alpha": 15, "graph_gml": "/N/slate/baotruon/marketplace/data/igraph/vary_network/network_540.gml", "mode": "igraph", "quality": [0.18511044880682775, 0.1795766575943601, 0.18987072858932424], "diversity": [5.71058747603362, 5.6544204874634385, 5.764905073178305], "discriminative_pow": [[0.6994454615345838, 0.0], [0.7001874252383027, 0.0], [0.7007165325243428, 0.0]]}