{"theta": 32, "phi": 0.0, "beta": 0.05, "gamma": 0.01, "targeting_criterion": null, "verbose": false, "human_network": "follower_network.gml", "trackmeme": true, "epsilon": 0.0001, "rho": 0.8, "mu": 0.5, "alpha": 15, "graph_gml": "/N/slate/baotruon/marketplace/data/igraph/vary_network/network_540.gml", "mode": "igraph", "quality": [0.2507364557003269, 0.251057984940779, 0.25793631917342363, 0.2512504464483609, 0.25327867966241613], "diversity": [5.876726037818938, 5.811769318759438, 5.623229514740828, 5.707001589983084, 5.8404740976699125], "discriminative_pow": [[0.684357717838925, 0.0], [0.6830733878587076, 0.0], [0.6810149847655875, 0.0], [0.6831381605465338, 0.0], [0.6846143424300062, 0.0]]}