{"theta": 32, "phi": 0.1, "beta": 0.05, "gamma": 0.01, "targeting_criterion": null, "verbose": false, "human_network": "follower_network.gml", "trackmeme": true, "epsilon": 0.0001, "rho": 0.8, "mu": 0.5, "alpha": 15, "graph_gml": "/N/slate/baotruon/marketplace/data/igraph/vary_network/network_540.gml", "mode": "igraph", "quality": [0.23840251978514318, 0.23025794237008798, 0.2257721814816816], "diversity": [5.820133369046717, 5.752471699486185, 5.787687274400977], "discriminative_pow": [[0.68249807132317, 0.0], [0.684827627104174, 0.0], [0.6859742734785719, 0.0]]}