{"theta": 32, "phi": 1.0, "beta": 0.05, "gamma": 0.01, "targeting_criterion": null, "verbose": false, "human_network": "follower_network.gml", "trackmeme": true, "epsilon": 0.0001, "rho": 0.8, "mu": 0.5, "alpha": 15, "graph_gml": "/N/slate/baotruon/marketplace/data/igraph/vary_network/network_540.gml", "mode": "igraph", "quality": [0.1905812122437532, 0.1810317928173641, 0.18891787082673311], "diversity": [5.834534760452578, 5.655724128322911, 5.753258002653653], "discriminative_pow": [[0.7012163251640054, 0.0], [0.7010817723189998, 0.0], [0.7009230157078629, 0.0]]}