{"theta": 32, "phi": 0.2, "beta": 0.05, "gamma": 0.01, "targeting_criterion": null, "verbose": false, "human_network": "follower_network.gml", "trackmeme": true, "epsilon": 0.0001, "rho": 0.8, "mu": 0.5, "alpha": 15, "graph_gml": "/N/slate/baotruon/marketplace/data/igraph/vary_network/network_540.gml", "mode": "igraph", "quality": [0.21865320818854322, 0.21642587778306174, 0.21758195425957952], "diversity": [5.7843303070326835, 5.863766142535299, 5.657303910706295], "discriminative_pow": [[0.6876027008558807, 0.0], [0.688220078764883, 0.0], [0.6868040785194822, 0.0]]}