{"theta": 32, "phi": 0.30000000000000004, "beta": 0.05, "gamma": 0.01, "targeting_criterion": null, "verbose": false, "human_network": "follower_network.gml", "trackmeme": true, "epsilon": 0.0001, "rho": 0.8, "mu": 0.5, "alpha": 15, "graph_gml": "/N/slate/baotruon/marketplace/data/igraph/vary_network/network_540.gml", "mode": "igraph", "quality": [0.20526404714027274, 0.21411853447684676, 0.20572717658106948], "diversity": [5.640870424012126, 5.695859880623166, 5.819008906804127], "discriminative_pow": [[0.6894369806014725, 0.0], [0.6876728123656902, 0.0], [0.6891915166211297, 0.0]]}