{"theta": 32, "phi": 0.4, "beta": 0.05, "gamma": 0.01, "targeting_criterion": null, "verbose": false, "human_network": "follower_network.gml", "trackmeme": true, "epsilon": 0.0001, "rho": 0.8, "mu": 0.5, "alpha": 15, "graph_gml": "/N/slate/baotruon/marketplace/data/igraph/vary_network/network_540.gml", "mode": "igraph", "quality": [0.1948000714636064, 0.20363504383364753, 0.200950766052592], "diversity": [5.82367958378563, 5.72880334041329, 5.7105130701026985], "discriminative_pow": [[0.6924972110041682, 0.0], [0.6923362530455314, 0.0], [0.6905398740149216, 0.0]]}