{"theta": 32, "phi": 0.5, "beta": 0.05, "gamma": 0.01, "targeting_criterion": null, "verbose": false, "human_network": "follower_network.gml", "trackmeme": true, "epsilon": 0.0001, "rho": 0.8, "mu": 0.5, "alpha": 15, "graph_gml": "/N/slate/baotruon/marketplace/data/igraph/vary_network/network_540.gml", "mode": "igraph", "quality": [0.19258397759116813, 0.2006916244156673, 0.19495542974197466], "diversity": [5.61198165337634, 5.801506603438675, 5.619429495291418], "discriminative_pow": [[0.6926756604492551, 0.0], [0.6934762811782382, 0.0], [0.6949700358439997, 0.0]]}