{"theta": 32, "phi": 0.6000000000000001, "beta": 0.05, "gamma": 0.01, "targeting_criterion": null, "verbose": false, "human_network": "follower_network.gml", "trackmeme": true, "epsilon": 0.0001, "rho": 0.8, "mu": 0.5, "alpha": 15, "graph_gml": "/N/slate/baotruon/marketplace/data/igraph/vary_network/network_540.gml", "mode": "igraph", "quality": [0.19737611629201324, 0.18639569486821234, 0.19656872290036398], "diversity": [5.69889553947111, 5.694502734773959, 5.603303566100514], "discriminative_pow": [[0.6956068250559877, 0.0], [0.6948311210576964, 0.0], [0.6951717201955384, 0.0]]}