{"theta": 32, "phi": 0.7000000000000001, "beta": 0.05, "gamma": 0.01, "targeting_criterion": null, "verbose": false, "human_network": "follower_network.gml", "trackmeme": true, "epsilon": 0.0001, "rho": 0.8, "mu": 0.5, "alpha": 15, "graph_gml": "/N/slate/baotruon/marketplace/data/igraph/vary_network/network_540.gml", "mode": "igraph", "quality": [0.19047660241473025, 0.18414684867116027, 0.18079199163970894], "diversity": [5.76102275359071, 5.626920774040887, 5.562686670124232], "discriminative_pow": [[0.6973021848135736, 0.0], [0.6963967024442147, 0.0], [0.6964775196883561, 0.0]]}