{"theta": 32, "phi": 0.8, "beta": 0.05, "gamma": 0.01, "targeting_criterion": null, "verbose": false, "human_network": "follower_network.gml", "trackmeme": true, "epsilon": 0.0001, "rho": 0.8, "mu": 0.5, "alpha": 15, "graph_gml": "/N/slate/baotruon/marketplace/data/igraph/vary_network/network_540.gml", "mode": "igraph", "quality": [0.19329812158804463, 0.18869575140818057, 0.1816296516250199], "diversity": [5.797138871190395, 5.623671436921034, 5.629323616258638], "discriminative_pow": [[0.700519646843237, 0.0], [0.7003229129482774, 0.0], [0.6990401007446811, 0.0]]}