{"theta": 32, "phi": 0.9, "beta": 0.05, "gamma": 0.01, "targeting_criterion": null, "verbose": false, "human_network": "follower_network.gml", "trackmeme": true, "epsilon": 0.0001, "rho": 0.8, "mu": 0.5, "alpha": 15, "graph_gml": "/N/slate/baotruon/marketplace/data/igraph/vary_network/network_540.gml", "mode": "igraph", "quality": [0.180670667989441, 0.19636997502068887, 0.2030242843578343], "diversity": [5.724260947743357, 5.678844065265141, 5.687700198357552], "discriminative_pow": [[0.7004119800308917, 0.0], [0.7008139561827745, 0.0], [0.6925730697656597, 0.0]]}