{"phi": 0.0, "gamma": 0.0001, "beta": 0.05, "targeting_criterion": null, "verbose": false, "human_network": "follower_network.gml", "trackmeme": true, "epsilon": 0.0001, "rho": 0.8, "mu": 0.5, "alpha": 15, "theta": 1, "graph_gml": "/N/slate/baotruon/marketplace/data/igraph/vary_network/network_500.gml", "mode": "igraph", "quality": [0.4796636835148608, 0.4777259057448542, 0.47838986075376316, 0.4819796699850051, 0.47425695069707535], "diversity": [6.585321160163091, 6.541514475141456, 6.4571994618646205, 6.449828150909757, 6.473638697242424], "discriminative_pow": [[0.7945821018170478, 0.0], [0.7938190891205991, 0.0], [0.7923707980335486, 0.0], [0.7935603678444092, 0.0], [0.7938560670057677, 0.0]]}