{"phi": 0.0, "gamma": 0.001, "beta": 0.05, "targeting_criterion": null, "verbose": false, "human_network": "follower_network.gml", "trackmeme": true, "epsilon": 0.0001, "rho": 0.8, "mu": 0.5, "alpha": 15, "theta": 1, "graph_gml": "/N/slate/baotruon/marketplace/data/igraph/vary_network/network_520.gml", "mode": "igraph", "quality": [0.4685358606482737, 0.4643073132215088, 0.4693163533537711, 0.46316362251326454, 0.4684943511279041], "diversity": [6.4461101428143195, 6.4632415516467, 6.521242317949093, 6.533763022565029, 6.498822691576171], "discriminative_pow": [[0.7902139023377283, 0.0], [0.789869680589322, 0.0], [0.7902841555400185, 0.0], [0.7887511518731333, 0.0], [0.7882812456750973, 0.0]]}