{"phi": 0.0, "gamma": 0.01, "beta": 0.05, "targeting_criterion": null, "verbose": false, "human_network": "follower_network.gml", "trackmeme": true, "epsilon": 0.0001, "rho": 0.8, "mu": 0.5, "alpha": 15, "theta": 1, "graph_gml": "/N/slate/baotruon/marketplace/data/igraph/vary_network/network_540.gml", "mode": "igraph", "quality": [0.39829950136330955, 0.3970420224562441, 0.3963071338142781, 0.4038819635035057, 0.40278067234888904], "diversity": [6.355361582017129, 6.4460479726773725, 6.3856917269225235, 6.498929829492438, 6.475398302483759], "discriminative_pow": [[0.7652396369476114, 0.0], [0.7640415112911891, 0.0], [0.7656882107313093, 0.0], [0.7653292774232833, 0.0], [0.7653863366835528, 0.0]]}