{"phi": 0.0, "gamma": 0.1, "beta": 0.05, "targeting_criterion": null, "verbose": false, "human_network": "follower_network.gml", "trackmeme": true, "epsilon": 0.0001, "rho": 0.8, "mu": 0.5, "alpha": 15, "theta": 1, "graph_gml": "/N/slate/baotruon/marketplace/data/igraph/vary_network/network_560.gml", "mode": "igraph", "quality": [0.2203037697052712, 0.19711912132985798, 0.2150507605006566, 0.2075524825997268, 0.2035017685126766], "diversity": [5.687204228074394, 5.585215724018398, 5.723004988786419, 5.597914734450904, 5.451733758336426], "discriminative_pow": [[0.7261371143057502, 0.0], [0.7292152827614201, 0.0], [0.7262675441659461, 0.0], [0.7278253653845229, 0.0], [0.7307585716920373, 0.0]]}