{"phi": 0.1, "gamma": 0.0001, "beta": 0.05, "targeting_criterion": null, "verbose": false, "human_network": "follower_network.gml", "trackmeme": true, "epsilon": 0.0001, "rho": 0.8, "mu": 0.5, "alpha": 15, "theta": 1, "graph_gml": "/N/slate/baotruon/marketplace/data/igraph/vary_network/network_500.gml", "mode": "igraph", "quality": [0.472872937680083, 0.47713888075524385, 0.470097019784696], "diversity": [6.506433207899614, 6.453442595028309, 6.405424934067858], "discriminative_pow": [[0.7933452941624284, 0.0], [0.7945271816648007, 0.0], [0.7927851899194926, 0.0]]}