{"phi": 1.0, "gamma": 0.0001, "beta": 0.05, "targeting_criterion": null, "verbose": false, "human_network": "follower_network.gml", "trackmeme": true, "epsilon": 0.0001, "rho": 0.8, "mu": 0.5, "alpha": 15, "theta": 1, "graph_gml": "/N/slate/baotruon/marketplace/data/igraph/vary_network/network_500.gml", "mode": "igraph", "quality": [0.4796186728284286, 0.47074487224386424, 0.47655497505296024], "diversity": [6.504788404190382, 6.604780026312988, 6.356461726700349], "discriminative_pow": [[0.7931203340945735, 0.0], [0.7925999615942294, 0.0], [0.7922448068208375, 0.0]]}