{"phi": 1.0, "gamma": 0.001, "beta": 0.05, "targeting_criterion": null, "verbose": false, "human_network": "follower_network.gml", "trackmeme": true, "epsilon": 0.0001, "rho": 0.8, "mu": 0.5, "alpha": 15, "theta": 1, "graph_gml": "/N/slate/baotruon/marketplace/data/igraph/vary_network/network_520.gml", "mode": "igraph", "quality": [0.4332323494659216, 0.43600880417169335, 0.44355072408793894], "diversity": [6.388260893932938, 6.448984019401028, 6.473758762294452], "discriminative_pow": [[0.7829203516756745, 0.0], [0.782371840501948, 0.0], [0.7838219680221571, 0.0]]}