{"phi": 1.0, "gamma": 0.01, "beta": 0.05, "targeting_criterion": null, "verbose": false, "human_network": "follower_network.gml", "trackmeme": true, "epsilon": 0.0001, "rho": 0.8, "mu": 0.5, "alpha": 15, "theta": 1, "graph_gml": "/N/slate/baotruon/marketplace/data/igraph/vary_network/network_540.gml", "mode": "igraph", "quality": [0.31956277730779115, 0.3082673586297576, 0.33950021976316636], "diversity": [6.653016035832319, 6.442096592920079, 6.462414356481036], "discriminative_pow": [[0.7305727308073154, 0.0], [0.7301503593817046, 0.0], [0.7304768609699065, 0.0]]}