{"phi": 1.0, "gamma": 0.1, "beta": 0.05, "targeting_criterion": null, "verbose": false, "human_network": "follower_network.gml", "trackmeme": true, "epsilon": 0.0001, "rho": 0.8, "mu": 0.5, "alpha": 15, "theta": 1, "graph_gml": "/N/slate/baotruon/marketplace/data/igraph/vary_network/network_560.gml", "mode": "igraph", "quality": [0.16730012488137544, 0.16650346540398053, 0.16354607265985951], "diversity": [5.9075401578556, 5.81032012108713, 5.737570737653752], "discriminative_pow": [[0.702072781985642, 0.0], [0.7027441618976791, 0.0], [0.7020941463481768, 0.0]]}