{"phi": 0.1, "gamma": 0.001, "beta": 0.05, "targeting_criterion": null, "verbose": false, "human_network": "follower_network.gml", "trackmeme": true, "epsilon": 0.0001, "rho": 0.8, "mu": 0.5, "alpha": 15, "theta": 1, "graph_gml": "/N/slate/baotruon/marketplace/data/igraph/vary_network/network_520.gml", "mode": "igraph", "quality": [0.4616657861877402, 0.4660305721904405, 0.4530131192145088], "diversity": [6.433916487152562, 6.380216330927711, 6.457249195934617], "discriminative_pow": [[0.789516360879432, 0.0], [0.790080173877365, 0.0], [0.7892443270102323, 0.0]]}