{"phi": 0.1, "gamma": 0.01, "beta": 0.05, "targeting_criterion": null, "verbose": false, "human_network": "follower_network.gml", "trackmeme": true, "epsilon": 0.0001, "rho": 0.8, "mu": 0.5, "alpha": 15, "theta": 1, "graph_gml": "/N/slate/baotruon/marketplace/data/igraph/vary_network/network_540.gml", "mode": "igraph", "quality": [0.37396012034573606, 0.37609286361732835, 0.356886917733474], "diversity": [6.387027023762352, 6.443756019572127, 6.478902330964356], "discriminative_pow": [[0.765822063340048, 0.0], [0.7604249667257614, 0.0], [0.765087926670287, 0.0]]}