{"phi": 0.1, "gamma": 0.1, "beta": 0.05, "targeting_criterion": null, "verbose": false, "human_network": "follower_network.gml", "trackmeme": true, "epsilon": 0.0001, "rho": 0.8, "mu": 0.5, "alpha": 15, "theta": 1, "graph_gml": "/N/slate/baotruon/marketplace/data/igraph/vary_network/network_560.gml", "mode": "igraph", "quality": [0.17726689417256286, 0.1936992154561136, 0.1769298267173386], "diversity": [5.681468307030423, 5.623637646702081, 5.44180684752485], "discriminative_pow": [[0.7337681032470129, 0.0], [0.7312806692000767, 0.0], [0.7354998420398581, 0.0]]}