{"phi": 0.2, "gamma": 0.0001, "beta": 0.05, "targeting_criterion": null, "verbose": false, "human_network": "follower_network.gml", "trackmeme": true, "epsilon": 0.0001, "rho": 0.8, "mu": 0.5, "alpha": 15, "theta": 1, "graph_gml": "/N/slate/baotruon/marketplace/data/igraph/vary_network/network_500.gml", "mode": "igraph", "quality": [0.4807800594850517, 0.47517458470110807, 0.46650505921161894], "diversity": [6.419426618952873, 6.370286158781454, 6.399997943615646], "discriminative_pow": [[0.7926356993166639, 0.0], [0.7930570681571654, 0.0], [0.793161469443838, 0.0]]}