{"phi": 0.2, "gamma": 0.001, "beta": 0.05, "targeting_criterion": null, "verbose": false, "human_network": "follower_network.gml", "trackmeme": true, "epsilon": 0.0001, "rho": 0.8, "mu": 0.5, "alpha": 15, "theta": 1, "graph_gml": "/N/slate/baotruon/marketplace/data/igraph/vary_network/network_520.gml", "mode": "igraph", "quality": [0.44020714253425847, 0.4431251833332943, 0.4373250375073401], "diversity": [6.48738700609329, 6.202286491388035, 6.323783809376962], "discriminative_pow": [[0.7893750779892008, 0.0], [0.7899380763474938, 0.0], [0.7881575662763514, 0.0]]}