{"phi": 0.2, "gamma": 0.01, "beta": 0.05, "targeting_criterion": null, "verbose": false, "human_network": "follower_network.gml", "trackmeme": true, "epsilon": 0.0001, "rho": 0.8, "mu": 0.5, "alpha": 15, "theta": 1, "graph_gml": "/N/slate/baotruon/marketplace/data/igraph/vary_network/network_540.gml", "mode": "igraph", "quality": [0.34188352243920866, 0.35077778368254225, 0.35077880967248404], "diversity": [6.457995244896947, 6.372894394816622, 6.367552202411298], "discriminative_pow": [[0.7588773718923113, 0.0], [0.7611436795082992, 0.0], [0.7595811166879586, 0.0]]}