{"phi": 0.2, "gamma": 0.1, "beta": 0.05, "targeting_criterion": null, "verbose": false, "human_network": "follower_network.gml", "trackmeme": true, "epsilon": 0.0001, "rho": 0.8, "mu": 0.5, "alpha": 15, "theta": 1, "graph_gml": "/N/slate/baotruon/marketplace/data/igraph/vary_network/network_560.gml", "mode": "igraph", "quality": [0.18501124432100946, 0.18027981747319186, 0.18630881222085088], "diversity": [5.819961289252125, 5.69874689275703, 5.7994897459290495], "discriminative_pow": [[0.7263899922678296, 0.0], [0.7254622681686304, 0.0], [0.7264238883963684, 0.0]]}