{"phi": 0.30000000000000004, "gamma": 0.0001, "beta": 0.05, "targeting_criterion": null, "verbose": false, "human_network": "follower_network.gml", "trackmeme": true, "epsilon": 0.0001, "rho": 0.8, "mu": 0.5, "alpha": 15, "theta": 1, "graph_gml": "/N/slate/baotruon/marketplace/data/igraph/vary_network/network_500.gml", "mode": "igraph", "quality": [0.4796181622403316, 0.47425744829789784, 0.46834334787913096], "diversity": [6.385113259891591, 6.421283858253007, 6.511070077531283], "discriminative_pow": [[0.7936902272107337, 0.0], [0.7935272067397987, 0.0], [0.7934031730229018, 0.0]]}