{"phi": 0.30000000000000004, "gamma": 0.001, "beta": 0.05, "targeting_criterion": null, "verbose": false, "human_network": "follower_network.gml", "trackmeme": true, "epsilon": 0.0001, "rho": 0.8, "mu": 0.5, "alpha": 15, "theta": 1, "graph_gml": "/N/slate/baotruon/marketplace/data/igraph/vary_network/network_520.gml", "mode": "igraph", "quality": [0.43949007255126904, 0.42727819275726087, 0.45299057748175664], "diversity": [6.486567049003403, 6.4977798851919655, 6.554681563934332], "discriminative_pow": [[0.787394249950605, 0.0], [0.7885330561148821, 0.0], [0.7882206621048815, 0.0]]}