{"phi": 0.30000000000000004, "gamma": 0.01, "beta": 0.05, "targeting_criterion": null, "verbose": false, "human_network": "follower_network.gml", "trackmeme": true, "epsilon": 0.0001, "rho": 0.8, "mu": 0.5, "alpha": 15, "theta": 1, "graph_gml": "/N/slate/baotruon/marketplace/data/igraph/vary_network/network_540.gml", "mode": "igraph", "quality": [0.3485060848362078, 0.32970300109181333, 0.34536239733643903], "diversity": [6.338914380013196, 6.3863154672809905, 6.253851312695464], "discriminative_pow": [[0.7520126226839041, 0.0], [0.7552450620879837, 0.0], [0.75351424944829, 0.0]]}