{"phi": 0.30000000000000004, "gamma": 0.1, "beta": 0.05, "targeting_criterion": null, "verbose": false, "human_network": "follower_network.gml", "trackmeme": true, "epsilon": 0.0001, "rho": 0.8, "mu": 0.5, "alpha": 15, "theta": 1, "graph_gml": "/N/slate/baotruon/marketplace/data/igraph/vary_network/network_560.gml", "mode": "igraph", "quality": [0.17649538037818774, 0.17840703695265203, 0.18920889226199977], "diversity": [5.619918649054608, 5.7563552470370425, 5.675382363167451], "discriminative_pow": [[0.7214040490397844, 0.0], [0.7198532385976232, 0.0], [0.7212885193717641, 0.0]]}