{"phi": 0.4, "gamma": 0.0001, "beta": 0.05, "targeting_criterion": null, "verbose": false, "human_network": "follower_network.gml", "trackmeme": true, "epsilon": 0.0001, "rho": 0.8, "mu": 0.5, "alpha": 15, "theta": 1, "graph_gml": "/N/slate/baotruon/marketplace/data/igraph/vary_network/network_500.gml", "mode": "igraph", "quality": [0.47544571464627117, 0.4735849085829621, 0.4717170780704212], "diversity": [6.369795299788633, 6.474846188888295, 6.43030033928058], "discriminative_pow": [[0.7932680632191322, 0.0], [0.7954176770254573, 0.0], [0.7936165189583414, 0.0]]}