{"phi": 0.4, "gamma": 0.001, "beta": 0.05, "targeting_criterion": null, "verbose": false, "human_network": "follower_network.gml", "trackmeme": true, "epsilon": 0.0001, "rho": 0.8, "mu": 0.5, "alpha": 15, "theta": 1, "graph_gml": "/N/slate/baotruon/marketplace/data/igraph/vary_network/network_520.gml", "mode": "igraph", "quality": [0.43313322959080425, 0.4445908864118744, 0.447140620552857], "diversity": [6.4501835016171345, 6.349502976183835, 6.553139928250193], "discriminative_pow": [[0.78787242384532, 0.0], [0.7869758660296761, 0.0], [0.7863835576284108, 0.0]]}