{"phi": 0.4, "gamma": 0.01, "beta": 0.05, "targeting_criterion": null, "verbose": false, "human_network": "follower_network.gml", "trackmeme": true, "epsilon": 0.0001, "rho": 0.8, "mu": 0.5, "alpha": 15, "theta": 1, "graph_gml": "/N/slate/baotruon/marketplace/data/igraph/vary_network/network_540.gml", "mode": "igraph", "quality": [0.3241348699067368, 0.34346524826956554, 0.33682939810814133], "diversity": [6.48410583203013, 6.449292929101022, 6.461097115417935], "discriminative_pow": [[0.7483383786129968, 0.0], [0.7481146303129245, 0.0], [0.7477786536914839, 0.0]]}