{"phi": 0.4, "gamma": 0.1, "beta": 0.05, "targeting_criterion": null, "verbose": false, "human_network": "follower_network.gml", "trackmeme": true, "epsilon": 0.0001, "rho": 0.8, "mu": 0.5, "alpha": 15, "theta": 1, "graph_gml": "/N/slate/baotruon/marketplace/data/igraph/vary_network/network_560.gml", "mode": "igraph", "quality": [0.16496034242153276, 0.18012282425423623, 0.17698134162824272], "diversity": [5.629423427611515, 5.70814318845942, 5.680551010166539], "discriminative_pow": [[0.7139132768687483, 0.0], [0.7142792683535579, 0.0], [0.7139952113472547, 0.0]]}