{"phi": 0.5, "gamma": 0.0001, "beta": 0.05, "targeting_criterion": null, "verbose": false, "human_network": "follower_network.gml", "trackmeme": true, "epsilon": 0.0001, "rho": 0.8, "mu": 0.5, "alpha": 15, "theta": 1, "graph_gml": "/N/slate/baotruon/marketplace/data/igraph/vary_network/network_500.gml", "mode": "igraph", "quality": [0.48087147056804025, 0.46085712465117645, 0.4668508433493167], "diversity": [6.5716509060840895, 6.43978124731895, 6.482190950029089], "discriminative_pow": [[0.7935109265176036, 0.0], [0.7936077726043442, 0.0], [0.7921504312995995, 0.0]]}