{"phi": 0.5, "gamma": 0.001, "beta": 0.05, "targeting_criterion": null, "verbose": false, "human_network": "follower_network.gml", "trackmeme": true, "epsilon": 0.0001, "rho": 0.8, "mu": 0.5, "alpha": 15, "theta": 1, "graph_gml": "/N/slate/baotruon/marketplace/data/igraph/vary_network/network_520.gml", "mode": "igraph", "quality": [0.4378439555940299, 0.44016220819570817, 0.4356503758781915], "diversity": [6.561842208398412, 6.474003716731302, 6.489266533961761], "discriminative_pow": [[0.7839581213751271, 0.0], [0.7854440557465052, 0.0], [0.7865670208191897, 0.0]]}