{"phi": 0.5, "gamma": 0.01, "beta": 0.05, "targeting_criterion": null, "verbose": false, "human_network": "follower_network.gml", "trackmeme": true, "epsilon": 0.0001, "rho": 0.8, "mu": 0.5, "alpha": 15, "theta": 1, "graph_gml": "/N/slate/baotruon/marketplace/data/igraph/vary_network/network_540.gml", "mode": "igraph", "quality": [0.3322116899373139, 0.33506864510746037, 0.32781358794430326], "diversity": [6.481090926461733, 6.336829260890553, 6.441608144059982], "discriminative_pow": [[0.7436459336764689, 0.0], [0.7436369697404865, 0.0], [0.7420701096092058, 0.0]]}