{"phi": 0.5, "gamma": 0.1, "beta": 0.05, "targeting_criterion": null, "verbose": false, "human_network": "follower_network.gml", "trackmeme": true, "epsilon": 0.0001, "rho": 0.8, "mu": 0.5, "alpha": 15, "theta": 1, "graph_gml": "/N/slate/baotruon/marketplace/data/igraph/vary_network/network_560.gml", "mode": "igraph", "quality": [0.1616561246638099, 0.18708194046059584, 0.16573633589021294], "diversity": [5.741989309520522, 5.753604983373119, 5.8711580675550294], "discriminative_pow": [[0.7077233718192549, 0.0], [0.708761740369839, 0.0], [0.7093994551644627, 0.0]]}