{"phi": 0.6000000000000001, "gamma": 0.0001, "beta": 0.05, "targeting_criterion": null, "verbose": false, "human_network": "follower_network.gml", "trackmeme": true, "epsilon": 0.0001, "rho": 0.8, "mu": 0.5, "alpha": 15, "theta": 1, "graph_gml": "/N/slate/baotruon/marketplace/data/igraph/vary_network/network_500.gml", "mode": "igraph", "quality": [0.46774338668952004, 0.47099601242362116, 0.4681780883790274], "diversity": [6.538130670961673, 6.606026182331785, 6.541159905679264], "discriminative_pow": [[0.7927017360089595, 0.0], [0.7931887012381861, 0.0], [0.7931240081899508, 0.0]]}