{"phi": 0.6000000000000001, "gamma": 0.001, "beta": 0.05, "targeting_criterion": null, "verbose": false, "human_network": "follower_network.gml", "trackmeme": true, "epsilon": 0.0001, "rho": 0.8, "mu": 0.5, "alpha": 15, "theta": 1, "graph_gml": "/N/slate/baotruon/marketplace/data/igraph/vary_network/network_520.gml", "mode": "igraph", "quality": [0.4151058637144594, 0.4375131755177517, 0.4410656232243649], "diversity": [6.544486465925306, 6.354982479238755, 6.4306564107648985], "discriminative_pow": [[0.7864382867706325, 0.0], [0.7855725000884277, 0.0], [0.7849564032365306, 0.0]]}