{"phi": 0.6000000000000001, "gamma": 0.01, "beta": 0.05, "targeting_criterion": null, "verbose": false, "human_network": "follower_network.gml", "trackmeme": true, "epsilon": 0.0001, "rho": 0.8, "mu": 0.5, "alpha": 15, "theta": 1, "graph_gml": "/N/slate/baotruon/marketplace/data/igraph/vary_network/network_540.gml", "mode": "igraph", "quality": [0.328665323568351, 0.32440534876837895, 0.326742636047596], "diversity": [6.589806897612126, 6.507573686541073, 6.510912138897803], "discriminative_pow": [[0.7391126108665107, 0.0], [0.7369071386456846, 0.0], [0.7382722341748001, 0.0]]}