{"phi": 0.6000000000000001, "gamma": 0.1, "beta": 0.05, "targeting_criterion": null, "verbose": false, "human_network": "follower_network.gml", "trackmeme": true, "epsilon": 0.0001, "rho": 0.8, "mu": 0.5, "alpha": 15, "theta": 1, "graph_gml": "/N/slate/baotruon/marketplace/data/igraph/vary_network/network_560.gml", "mode": "igraph", "quality": [0.16506229259478866, 0.16909814914919113, 0.17354775247198034], "diversity": [5.758445129950554, 5.675421373609525, 5.809370613656926], "discriminative_pow": [[0.7037510004595413, 0.0], [0.7056912417163343, 0.0], [0.7075073312331814, 0.0]]}