{"phi": 0.7000000000000001, "gamma": 0.0001, "beta": 0.05, "targeting_criterion": null, "verbose": false, "human_network": "follower_network.gml", "trackmeme": true, "epsilon": 0.0001, "rho": 0.8, "mu": 0.5, "alpha": 15, "theta": 1, "graph_gml": "/N/slate/baotruon/marketplace/data/igraph/vary_network/network_500.gml", "mode": "igraph", "quality": [0.4880580888217131, 0.4771320241064584, 0.46682439421867383], "diversity": [6.442844549252351, 6.421505639594622, 6.5092892555818676], "discriminative_pow": [[0.7940801519183551, 0.0], [0.790347015844996, 0.0], [0.7937343311460509, 0.0]]}