{"phi": 0.7000000000000001, "gamma": 0.001, "beta": 0.05, "targeting_criterion": null, "verbose": false, "human_network": "follower_network.gml", "trackmeme": true, "epsilon": 0.0001, "rho": 0.8, "mu": 0.5, "alpha": 15, "theta": 1, "graph_gml": "/N/slate/baotruon/marketplace/data/igraph/vary_network/network_520.gml", "mode": "igraph", "quality": [0.44265418337436746, 0.4491663286700561, 0.4352576540721239], "diversity": [6.330807309391749, 6.659945863585715, 6.559726596623099], "discriminative_pow": [[0.7841222172037959, 0.0], [0.7862818358535627, 0.0], [0.7851963050093521, 0.0]]}