{"phi": 0.7000000000000001, "gamma": 0.01, "beta": 0.05, "targeting_criterion": null, "verbose": false, "human_network": "follower_network.gml", "trackmeme": true, "epsilon": 0.0001, "rho": 0.8, "mu": 0.5, "alpha": 15, "theta": 1, "graph_gml": "/N/slate/baotruon/marketplace/data/igraph/vary_network/network_540.gml", "mode": "igraph", "quality": [0.3292980670028975, 0.3304921176411573, 0.31911746553593456], "diversity": [6.503489579161943, 6.48847714510849, 6.330474499710441], "discriminative_pow": [[0.7360997202921636, 0.0], [0.737686819250621, 0.0], [0.7362777096617765, 0.0]]}