{"phi": 0.7000000000000001, "gamma": 0.1, "beta": 0.05, "targeting_criterion": null, "verbose": false, "human_network": "follower_network.gml", "trackmeme": true, "epsilon": 0.0001, "rho": 0.8, "mu": 0.5, "alpha": 15, "theta": 1, "graph_gml": "/N/slate/baotruon/marketplace/data/igraph/vary_network/network_560.gml", "mode": "igraph", "quality": [0.1756483276155649, 0.1664375324481203, 0.16758680332081927], "diversity": [5.8154678583514725, 5.804909645080947, 5.8796150074436975], "discriminative_pow": [[0.7031016339219676, 0.0], [0.7028650784173422, 0.0], [0.7003990349445646, 0.0]]}