{"phi": 0.8, "gamma": 0.0001, "beta": 0.05, "targeting_criterion": null, "verbose": false, "human_network": "follower_network.gml", "trackmeme": true, "epsilon": 0.0001, "rho": 0.8, "mu": 0.5, "alpha": 15, "theta": 1, "graph_gml": "/N/slate/baotruon/marketplace/data/igraph/vary_network/network_500.gml", "mode": "igraph", "quality": [0.4875462726197243, 0.4689779506488445, 0.4660925282911977], "diversity": [6.491163408108482, 6.446328509754128, 6.389016449984896], "discriminative_pow": [[0.7907545783296824, 0.0], [0.7928284957494176, 0.0], [0.7934630665962594, 0.0]]}