{"phi": 0.8, "gamma": 0.001, "beta": 0.05, "targeting_criterion": null, "verbose": false, "human_network": "follower_network.gml", "trackmeme": true, "epsilon": 0.0001, "rho": 0.8, "mu": 0.5, "alpha": 15, "theta": 1, "graph_gml": "/N/slate/baotruon/marketplace/data/igraph/vary_network/network_520.gml", "mode": "igraph", "quality": [0.4321853087915462, 0.4367783777991785, 0.43061820704450193], "diversity": [6.55935450423417, 6.427160702907739, 6.321831103062811], "discriminative_pow": [[0.7849684570962405, 0.0], [0.7838619269888735, 0.0], [0.7847833719611222, 0.0]]}