{"phi": 0.8, "gamma": 0.01, "beta": 0.05, "targeting_criterion": null, "verbose": false, "human_network": "follower_network.gml", "trackmeme": true, "epsilon": 0.0001, "rho": 0.8, "mu": 0.5, "alpha": 15, "theta": 1, "graph_gml": "/N/slate/baotruon/marketplace/data/igraph/vary_network/network_540.gml", "mode": "igraph", "quality": [0.3197142918316843, 0.3151443041852974, 0.32272755919869434], "diversity": [6.554272144214952, 6.39144640446982, 6.42332149066182], "discriminative_pow": [[0.7329135823539284, 0.0], [0.733753633656352, 0.0], [0.732780531117693, 0.0]]}