{"phi": 0.8, "gamma": 0.1, "beta": 0.05, "targeting_criterion": null, "verbose": false, "human_network": "follower_network.gml", "trackmeme": true, "epsilon": 0.0001, "rho": 0.8, "mu": 0.5, "alpha": 15, "theta": 1, "graph_gml": "/N/slate/baotruon/marketplace/data/igraph/vary_network/network_560.gml", "mode": "igraph", "quality": [0.17062208090900555, 0.1624170766565058, 0.1646455568900696], "diversity": [5.692407140301029, 5.801847945866875, 5.8530230987894525], "discriminative_pow": [[0.7029983742859359, 0.0], [0.7038504977453448, 0.0], [0.7021182423693814, 0.0]]}