{"phi": 0.9, "gamma": 0.0001, "beta": 0.05, "targeting_criterion": null, "verbose": false, "human_network": "follower_network.gml", "trackmeme": true, "epsilon": 0.0001, "rho": 0.8, "mu": 0.5, "alpha": 15, "theta": 1, "graph_gml": "/N/slate/baotruon/marketplace/data/igraph/vary_network/network_500.gml", "mode": "igraph", "quality": [0.48334637857387225, 0.4731384557768462, 0.4762830603006936], "diversity": [6.388250799450731, 6.486047804432513, 6.491409778637527], "discriminative_pow": [[0.7948070992682078, 0.0], [0.7919048675627163, 0.0], [0.7931309882330426, 0.0]]}