{"phi": 0.9, "gamma": 0.001, "beta": 0.05, "targeting_criterion": null, "verbose": false, "human_network": "follower_network.gml", "trackmeme": true, "epsilon": 0.0001, "rho": 0.8, "mu": 0.5, "alpha": 15, "theta": 1, "graph_gml": "/N/slate/baotruon/marketplace/data/igraph/vary_network/network_520.gml", "mode": "igraph", "quality": [0.42538626419925835, 0.430220293951237, 0.4256519868616562], "diversity": [6.474204527632477, 6.515092786931971, 6.706543449256038], "discriminative_pow": [[0.7842335218802373, 0.0], [0.7845276208851214, 0.0], [0.7831628377242209, 0.0]]}