{"phi": 0.9, "gamma": 0.01, "beta": 0.05, "targeting_criterion": null, "verbose": false, "human_network": "follower_network.gml", "trackmeme": true, "epsilon": 0.0001, "rho": 0.8, "mu": 0.5, "alpha": 15, "theta": 1, "graph_gml": "/N/slate/baotruon/marketplace/data/igraph/vary_network/network_540.gml", "mode": "igraph", "quality": [0.3241048943848392, 0.3298115879966067, 0.3144589144305106], "diversity": [6.526005053983955, 6.499751459992325, 6.426429505594961], "discriminative_pow": [[0.7312314583486831, 0.0], [0.731792582735089, 0.0], [0.7305431292247214, 0.0]]}