{"phi": 0.9, "gamma": 0.1, "beta": 0.05, "targeting_criterion": null, "verbose": false, "human_network": "follower_network.gml", "trackmeme": true, "epsilon": 0.0001, "rho": 0.8, "mu": 0.5, "alpha": 15, "theta": 1, "graph_gml": "/N/slate/baotruon/marketplace/data/igraph/vary_network/network_560.gml", "mode": "igraph", "quality": [0.16926699829794986, 0.1743343249372577, 0.17165945472012248], "diversity": [5.844241422356906, 5.802965215292201, 5.819141379918718], "discriminative_pow": [[0.7005900819877694, 0.0], [0.702095872886342, 0.0], [0.7017769740426827, 0.0]]}