{"verbose": false, "tracktimestep": true, "save_message_info": false, "output_cascades": false, "epsilon": 0.0001, "mu": 0.5, "alpha": 15, "n_threads": 12, "quality": [0.2984489406066395], "diversity": [6.85841914146425], "discriminative_pow": [[0.567631564724162, 0.0]], "avg_age_timestep": [[0.0, 0.0, 0.4836879681165391, 0.753890070247208, 0.8880245468816921, 0.9985423597566454, 1.0304290550719044, 1.0390333449619085, 1.0856254327682802, 1.0603873903873806, 1.015772370486648, 0.9929975262832331, 0.9667887033601239, 1.0059206349206276, 0.9901496598639382, 1.005206349206341, 0.9857142857142774, 0.9448888888888818, 0.9464761904761824, 0.9438730158730082, 0.9487619047618983, 0.9506666666666582, 0.9208253968253888, 0.9726349206349114, 0.9537142857142775, 0.9607619047618966, 0.9369523809523727, 0.9735238095238016, 0.9786666666666584, 0.9554920634920566, 1.0017142857142778, 0.9877460317460247, 0.9784126984126905, 1.0181587301587225, 1.0022222222222141, 0.9867301587301507, 0.990920634920628, 1.002349206349199]]}