{"mu": 0.25, "targeting_criterion": null, "beta": 0, "gamma": 0, "verbose": false, "human_network": "follower_network.gml", "output_cascades": false, "epsilon": 0.0001, "rho": 0.8, "phi": 0, "sigma": 15, "theta": 1, "graph_gml": "/N/project/simsom/simsom_v3/v3.3_10222023/data/network_baseline.gml", "mode": "igraph", "n_threads": 7, "appeal_exp": 5, "quality": [0.9027984147287181, 0.9069229424412992, 0.8955563176071109, 0.8988773756121037, 0.8944779830964813, 0.9076765533166606, 0.8876698251636631, 0.8940403455557739, 0.9066064779347512, 0.9051225676624047], "diversity": [6.479173581601387, 6.2576090848352965, 6.434494220331942, 6.326675761024023, 6.2892310034337715, 6.356235709683845, 6.306808285341312, 6.32485281759017, 6.3973895667671, 6.346107029279759], "discriminative_pow": [[0.7420203563241053, 0.0], [0.7554170595545925, 0.0], [0.7477642509138712, 0.0], [0.746178452491747, 0.0], [0.7394616821723888, 0.0], [0.76001582896972, 0.0], [0.7508976741122582, 0.0], [0.7469300763232918, 0.0], [0.7457097314502843, 0.0], [0.7554991842047614, 0.0]]}