{"mu": 0.1, "targeting_criterion": null, "beta": 0, "gamma": 0, "verbose": false, "human_network": "follower_network.gml", "output_cascades": false, "epsilon": 0.0001, "rho": 0.8, "phi": 0, "sigma": 15, "theta": 1, "graph_gml": "/N/project/simsom/simsom_v3/v3.3_10222023/data/network_baseline.gml", "mode": "igraph", "n_threads": 7, "appeal_exp": 5, "quality": [0.8972010376551474, 0.9045343288637026, 0.8867868200216449, 0.9108705206505251, 0.8994127934232292, 0.9009783183145372, 0.9165873596699462, 0.8916664012235564, 0.9103977185289993, 0.8888519797146698], "diversity": [5.62543110761656, 5.525185703588394, 5.770457188021519, 5.500687608312374, 5.595867755662265, 5.705378170394509, 5.804131900532224, 5.400173106751436, 5.41516178173503, 5.523714455239287], "discriminative_pow": [[0.6988815182055133, 0.0], [0.6860138572244394, 0.0], [0.6921858301378524, 0.0], [0.6887825324823857, 0.0], [0.6879218509730414, 0.0], [0.6981705335941731, 0.0], [0.6845064659226326, 0.0], [0.6896966352622165, 0.0], [0.6821030116890817, 0.0], [0.6906804023812747, 0.0]]}