{"mu": 0.9, "targeting_criterion": null, "beta": 0, "gamma": 0, "verbose": false, "human_network": "follower_network.gml", "output_cascades": false, "epsilon": 0.0001, "rho": 0.8, "phi": 0, "sigma": 15, "theta": 1, "graph_gml": "/N/project/simsom/simsom_v3/v3.3_10222023/data/network_baseline.gml", "mode": "igraph", "n_threads": 7, "appeal_exp": 5, "quality": [0.9033026501575148, 0.9015162569580383, 0.8990461874541197, 0.8992978748070318, 0.9014232838856251, 0.9012661938663173, 0.8983857841463406, 0.9030950421568794, 0.9012543709883637, 0.9001752961519327], "diversity": [7.247127841359162, 7.263153291483437, 7.325418282841003, 7.2353805586156685, 7.277156396522354, 7.182909803395853, 7.259780578242828, 7.2043978174913414, 7.304878302240857, 7.2534588275706895], "discriminative_pow": [[0.9053185887397189, 0.0], [0.900438207854163, 0.0], [0.8995063159684121, 0.0], [0.9012697418658024, 0.0], [0.9013715829643738, 0.0], [0.9011347775910048, 0.0], [0.9001657828511875, 0.0], [0.90295538979003, 0.0], [0.9038629731412076, 0.0], [0.898540562087283, 0.0]]}