{"mu": 0.5, "targeting_criterion": null, "beta": 0, "gamma": 0, "verbose": false, "human_network": "follower_network.gml", "output_cascades": false, "epsilon": 0.0001, "rho": 0.8, "phi": 0, "sigma": 15, "theta": 1, "graph_gml": "/N/project/simsom/simsom_v3/v3.3_10222023/data/network_baseline.gml", "mode": "igraph", "n_threads": 7, "appeal_exp": 5, "quality": [0.8999250185212586, 0.9136807910321192, 0.905806094150161, 0.9015543269463905, 0.9061932237441033, 0.8984852110258155, 0.8917228166018931, 0.8922720814887222, 0.8940643806989103, 0.8978154842569432], "diversity": [6.793525006650416, 6.683493853443846, 6.7621603408305, 6.760974980097725, 6.707542686724397, 6.8446782273102755, 6.77592801609783, 6.862169317666304, 6.819802078353052, 6.785177482410959], "discriminative_pow": [[0.8029326027677102, 0.0], [0.8073360865441166, 0.0], [0.7996159479466042, 0.0], [0.8091531222903446, 0.0], [0.805389209128274, 0.0], [0.8023248620160124, 0.0], [0.8060411279913766, 0.0], [0.8029050732146092, 0.0], [0.8027246343691453, 0.0], [0.8043436652056691, 0.0]]}