{"mu": 0.75, "targeting_criterion": null, "beta": 0, "gamma": 0, "verbose": false, "human_network": "follower_network.gml", "output_cascades": false, "epsilon": 0.0001, "rho": 0.8, "phi": 0, "sigma": 15, "theta": 1, "graph_gml": "/N/project/simsom/simsom_v3/v3.3_10222023/data/network_baseline.gml", "mode": "igraph", "n_threads": 7, "appeal_exp": 5, "quality": [0.898252116349732, 0.9013224717521366, 0.9028949940412053, 0.9009024387012738, 0.9015781985086718, 0.9002062748330737, 0.9054878784930263, 0.9004496295784532, 0.902151378868739, 0.8914019788517564], "diversity": [7.120373334100955, 7.009694230690456, 7.086045567733087, 6.999667593062159, 7.088372943088857, 6.983985781867962, 7.067807347176236, 7.0752626792622895, 7.027501579626212, 6.98875768479785], "discriminative_pow": [[0.8533533165569989, 0.0], [0.84871803003692, 0.0], [0.8503722120593126, 0.0], [0.8508400449936679, 0.0], [0.8527215227904429, 0.0], [0.8505664030068909, 0.0], [0.8452158543037577, 0.0], [0.847082053164462, 0.0], [0.8550659086094569, 0.0], [0.8495353967190612, 0.0]]}