{"gamma": 0.1, "targeting_criterion": "conservative", "beta": 0.05, "verbose": false, "human_network": "follower_network.gml", "output_cascades": false, "epsilon": 0.0001, "rho": 0.8, "mu": 0.5, "phi": 0, "sigma": 15, "theta": 1, "graph_gml": "/N/project/simsom/simsom_v3/v3.3_10222023/data/vary_network/network_33.gml", "mode": "igraph", "n_threads": 7, "appeal_exp": 5, "quality": [0.618972331114501, 0.5930313397177663, 0.6043782748637718, 0.6174273685508036, 0.6401009931296838, 0.5931458423702113, 0.6157152306146477, 0.6027844059198143, 0.6020773598381448, 0.6125012795277973, 0.6325812039523119, 0.6124798188362797, 0.6644589393204592], "diversity": [6.487198379721456, 6.535479066850618, 6.524657669422102, 6.526607759078963, 6.498791650708386, 6.502250374599196, 6.4182107033697475, 6.4912915938320985, 6.543439505300336, 6.578505318227856, 6.507116140259979, 6.477367557089355, 6.461734688851996], "discriminative_pow": [[0.8463836707099724, 0.0], [0.8483864109366199, 0.0], [0.8425471271746154, 0.0], [0.8472795396452727, 0.0], [0.8427445815260621, 0.0], [0.8523603193407591, 0.0], [0.8450664181302978, 0.0], [0.8466216950297561, 0.0], [0.84457809916887, 0.0], [0.851397090445586, 0.0], [0.8410415450625982, 0.0], [0.8490099025813992, 0.0], [0.8386399422332237, 0.0]]}