{"gamma": 0.01, "targeting_criterion": "conservative", "beta": 0.05, "verbose": false, "human_network": "follower_network.gml", "output_cascades": false, "epsilon": 0.0001, "rho": 0.8, "mu": 0.5, "phi": 0, "sigma": 15, "theta": 1, "graph_gml": "/N/project/simsom/simsom_v3/v3.3_10222023/data/vary_network/network_23.gml", "mode": "igraph", "n_threads": 7, "appeal_exp": 5, "quality": [0.8147939699975876, 0.8340708966632134, 0.8280898258482118, 0.8201325719586714, 0.8412108201277901, 0.8268726707834528, 0.8270480849024756, 0.8217616455920767, 0.8273400586095248, 0.8197217018929057], "diversity": [6.936439983701265, 6.934192717505586, 6.944476718176183, 6.940301406596689, 6.899832614830061, 6.892948718531946, 6.824919566152999, 7.003327258370858, 6.937162617850946, 6.830103147469339], "discriminative_pow": [[0.8370642448940399, 0.0], [0.8221083371914913, 0.0], [0.8254505157792121, 0.0], [0.821828362604595, 0.0], [0.8203408237885562, 0.0], [0.8227714309777462, 0.0], [0.8211188008698911, 0.0], [0.8121495133969975, 0.0], [0.8219479957443812, 0.0], [0.8191711099720564, 0.0]]}