{"gamma": 0.01, "targeting_criterion": "hubs", "beta": 0.05, "verbose": false, "human_network": "follower_network.gml", "output_cascades": false, "epsilon": 0.0001, "rho": 0.8, "mu": 0.5, "phi": 0, "sigma": 15, "theta": 1, "graph_gml": "/N/project/simsom/simsom_v3/v3.3_10222023/data/vary_network/network_21.gml", "mode": "igraph", "n_threads": 7, "appeal_exp": 5, "quality": [0.8124119480875007, 0.8173228723247798, 0.7982665633694005, 0.8157971713403, 0.7866010555608552, 0.8157769102862675, 0.8031454157693535, 0.793157327127654, 0.8281725127668078, 0.7588193190167226], "diversity": [6.940036850430898, 6.982330311754193, 6.917858230550872, 6.946835447041172, 6.979601094559593, 6.892876675178554, 6.892184562673494, 6.897123886874082, 6.953579639237872, 6.913481850077287], "discriminative_pow": [[0.8159222613452455, 0.0], [0.8141912036969399, 0.0], [0.8191653700278828, 0.0], [0.8162566156277127, 0.0], [0.8212895207907265, 0.0], [0.8108574046809462, 0.0], [0.8143140421445888, 0.0], [0.8249824053907159, 0.0], [0.8177781173812558, 0.0], [0.8267269648240313, 0.0]]}