{"gamma": 0.1, "targeting_criterion": "hubs", "beta": 0.05, "verbose": false, "human_network": "follower_network.gml", "output_cascades": false, "epsilon": 0.0001, "rho": 0.8, "mu": 0.5, "phi": 0, "sigma": 15, "theta": 1, "graph_gml": "/N/project/simsom/simsom_v3/v3.3_10222023/data/vary_network/network_31.gml", "mode": "igraph", "n_threads": 7, "appeal_exp": 5, "quality": [0.4950022432911656, 0.4873065677698277, 0.5184902108591317, 0.4898999751665806, 0.5095304627626941, 0.5105587079079936, 0.5298230257834212, 0.4797179732978265, 0.521600890713527, 0.521751667815086, 0.5104545148358267, 0.4927894733118352, 0.5000500587562142], "diversity": [6.5909843443345055, 6.512564776443472, 6.529398956373344, 6.471325880929806, 6.550586202205824, 6.581212072833496, 6.567439660789054, 6.506974756407623, 6.478647631462607, 6.512289619344724, 6.458471563695323, 6.423850179699601, 6.460394001137394], "discriminative_pow": [[0.835298282698429, 0.0], [0.830528937562424, 0.0], [0.8309692157323845, 0.0], [0.8363268036560255, 0.0], [0.8370629551119892, 0.0], [0.8376627689414018, 0.0], [0.8331583039556782, 0.0], [0.8448636968927302, 0.0], [0.8290260790234126, 0.0], [0.8278514003590736, 0.0], [0.8305711672764885, 0.0], [0.8349354360337381, 0.0], [0.8377358600096245, 0.0]]}