{"gamma": 0.01, "targeting_criterion": "liberal", "beta": 0.05, "verbose": false, "human_network": "follower_network.gml", "output_cascades": false, "epsilon": 0.0001, "rho": 0.8, "mu": 0.5, "phi": 0, "sigma": 15, "theta": 1, "graph_gml": "/N/project/simsom/simsom_v3/v3.3_10222023/data/vary_network/network_24.gml", "mode": "igraph", "n_threads": 7, "appeal_exp": 5, "quality": [0.7860258503939702, 0.7746946437644849, 0.7799964936378816, 0.7857650015723768, 0.7554710905538389, 0.7505196676456981, 0.8011800492792106, 0.7759606093949849, 0.7754019926070558, 0.786630968880641], "diversity": [6.863012295378378, 6.854309710256096, 6.952704989430833, 6.929754869955783, 6.875381784467298, 6.865384639296966, 6.886673774647284, 6.821031126320479, 6.880633501275666, 6.906655100270473], "discriminative_pow": [[0.8199835056758991, 0.0], [0.818875857273461, 0.0], [0.8166072618565876, 0.0], [0.8163463925021355, 0.0], [0.8146117808888608, 0.0], [0.8176703946475505, 0.0], [0.8312987510383542, 0.0], [0.8208618318670321, 0.0], [0.8253275644180462, 0.0], [0.819547775676326, 0.0]]}