{"gamma": 0.1, "targeting_criterion": "liberal", "beta": 0.05, "verbose": false, "human_network": "follower_network.gml", "output_cascades": false, "epsilon": 0.0001, "rho": 0.8, "mu": 0.5, "phi": 0, "sigma": 15, "theta": 1, "graph_gml": "/N/project/simsom/simsom_v3/v3.3_10222023/data/vary_network/network_34.gml", "mode": "igraph", "n_threads": 7, "appeal_exp": 5, "quality": [0.5762204946250755, 0.5873024645347985, 0.5842404873086002, 0.5849794957622699, 0.5850190530577345, 0.5614751327696095, 0.5905126431728606, 0.5896724664942197, 0.5721728967387933, 0.5906527083692692, 0.5913076931961561, 0.5766376153183133, 0.5763588161678813], "diversity": [6.431244212921362, 6.347232504303149, 6.305245024518171, 6.399612087702504, 6.397126213588839, 6.394342274838508, 6.3832049261031205, 6.3621550808505365, 6.249263131495777, 6.382463215342085, 6.369614746034343, 6.384288850436564, 6.33246532085218], "discriminative_pow": [[0.8581591235818364, 0.0], [0.8547432652012308, 0.0], [0.8624128025351387, 0.0], [0.8564065088498726, 0.0], [0.8609402723903863, 0.0], [0.8635028422395176, 0.0], [0.8548456007242928, 0.0], [0.8622383231864318, 0.0], [0.8643519813888562, 0.0], [0.8603521983217522, 0.0], [0.8581228952448285, 0.0], [0.86514907863264, 0.0], [0.857932793728997, 0.0]]}