{"gamma": 0.01, "targeting_criterion": "misinformation", "beta": 0.05, "verbose": false, "human_network": "follower_network.gml", "output_cascades": false, "epsilon": 0.0001, "rho": 0.8, "mu": 0.5, "phi": 0, "sigma": 15, "theta": 1, "graph_gml": "/N/project/simsom/simsom_v3/v3.3_10222023/data/vary_network/network_25.gml", "mode": "igraph", "n_threads": 7, "appeal_exp": 5, "quality": [0.8226004716492383, 0.776655533784532, 0.8063312412764546, 0.7840144583099269, 0.756550107351554, 0.8084257631822548, 0.8145318536695996, 0.7834195809141147, 0.8164162072604336, 0.772522004538306], "diversity": [6.905415985245408, 6.989084323571078, 6.984846822598847, 6.900062660832681, 6.926590374931617, 6.889377603588396, 6.94340719562557, 6.887480647539624, 6.912095853057666, 6.858375263707375], "discriminative_pow": [[0.8175717186995693, 0.0], [0.82198630323565, 0.0], [0.8216248643654064, 0.0], [0.8194193739205295, 0.0], [0.8304001659484825, 0.0], [0.8222868330172636, 0.0], [0.8153454865609424, 0.0], [0.818345586447706, 0.0], [0.8217948432143597, 0.0], [0.8152664052095591, 0.0]]}