{"gamma": 0.1, "targeting_criterion": "misinformation", "beta": 0.05, "verbose": false, "human_network": "follower_network.gml", "output_cascades": false, "epsilon": 0.0001, "rho": 0.8, "mu": 0.5, "phi": 0, "sigma": 15, "theta": 1, "graph_gml": "/N/project/simsom/simsom_v3/v3.3_10222023/data/vary_network/network_35.gml", "mode": "igraph", "n_threads": 7, "appeal_exp": 5, "quality": [0.4805222815369722, 0.47598077549588025, 0.4592640802229183, 0.468560305660059, 0.4803688580333743, 0.47521883374715335, 0.477809160483151, 0.4755067854937033, 0.4629958206622788, 0.47102328583303055, 0.535379825772947, 0.4997955457473692, 0.46988593347662083], "diversity": [6.3069736281504625, 6.31198437240737, 6.332388160210283, 6.307131265934531, 6.364903482398666, 6.333384911300451, 6.329029509274525, 6.405420167679399, 6.262761460093595, 6.358846561534058, 6.423291944246161, 6.350954026315548, 6.347019342518803], "discriminative_pow": [[0.854085066051869, 0.0], [0.8521886226244704, 0.0], [0.8548353286562529, 0.0], [0.8593140150182109, 0.0], [0.8484894668802718, 0.0], [0.8569547077449877, 0.0], [0.8502918032050663, 0.0], [0.8513049841167076, 0.0], [0.8512404754150082, 0.0], [0.8561638263491189, 0.0], [0.8472267246276595, 0.0], [0.8558263665985258, 0.0], [0.8599391033457187, 0.0]]}