{"gamma": 0.01, "targeting_criterion": null, "beta": 0.05, "verbose": false, "human_network": "follower_network.gml", "output_cascades": false, "epsilon": 0.0001, "rho": 0.8, "mu": 0.5, "phi": 0, "sigma": 15, "theta": 1, "graph_gml": "/N/project/simsom/simsom_v3/v3.3_10222023/data/vary_network/network_20.gml", "mode": "igraph", "n_threads": 7, "appeal_exp": 5, "quality": [0.7720715529564175, 0.7954552034144293, 0.7626874411095828, 0.7877602164593158, 0.7944938344751138, 0.7848208771167332, 0.7795912612501956, 0.7890460060905384, 0.7730759546331507, 0.7870187477009271], "diversity": [6.918416146813634, 6.923553654718196, 6.968838147613267, 6.938626306695169, 6.904281422172536, 6.859884166310314, 6.958136822625292, 6.921064480490521, 7.021182861516218, 6.907934527034438], "discriminative_pow": [[0.8216341927609553, 0.0], [0.8115547819917848, 0.0], [0.8244270203576891, 0.0], [0.8194040314625946, 0.0], [0.815231718668366, 0.0], [0.8240143541363893, 0.0], [0.8131239384333292, 0.0], [0.8155450307758758, 0.0], [0.8214224964263998, 0.0], [0.8186742432315414, 0.0]]}