{"gamma": 0.1, "targeting_criterion": null, "beta": 0.05, "verbose": false, "human_network": "follower_network.gml", "output_cascades": false, "epsilon": 0.0001, "rho": 0.8, "mu": 0.5, "phi": 0, "sigma": 15, "theta": 1, "graph_gml": "/N/project/simsom/simsom_v3/v3.3_10222023/data/vary_network/network_30.gml", "mode": "igraph", "n_threads": 7, "appeal_exp": 5, "quality": [0.42838738565978174, 0.4105632032013363, 0.4227296401724089, 0.42144907767049367, 0.44375613351599685, 0.45957442609590266, 0.4068652572381455, 0.46710297246558624, 0.44868538435502314, 0.43585100603968163, 0.4531687574526725, 0.41335645785439545, 0.42706606003353514], "diversity": [6.053553472360766, 6.029251023755719, 6.114347310815551, 6.063235611871386, 6.107333386888968, 6.0757771361500925, 6.0226518937692415, 6.112641066206855, 6.16229556619254, 6.087703555784459, 6.166177908797096, 6.041979827870938, 6.194838262699548], "discriminative_pow": [[0.8763354871311939, 0.0], [0.8760092937824647, 0.0], [0.8768673441913231, 0.0], [0.8705554435582424, 0.0], [0.869422166678254, 0.0], [0.8701012966294897, 0.0], [0.8715353921320133, 0.0], [0.879587999424108, 0.0], [0.8662878645002765, 0.0], [0.8732377905557709, 0.0], [0.8705760734526212, 0.0], [0.87325059664673, 0.0], [0.8743853014148043, 0.0]]}