{"gamma": 0.1, "targeting_criterion": "partisanship", "beta": 0.05, "verbose": false, "human_network": "follower_network.gml", "output_cascades": false, "epsilon": 0.0001, "rho": 0.8, "mu": 0.5, "phi": 0, "sigma": 15, "theta": 1, "graph_gml": "/N/project/simsom/simsom_v3/v3.3_10222023/data/vary_network/network_32.gml", "mode": "igraph", "n_threads": 7, "appeal_exp": 5, "quality": [0.44976823286706935, 0.4476868409100419, 0.44198550007859444, 0.45620847539882153, 0.48668596610246695, 0.4139645981062532, 0.4514383214365505, 0.42947538559436127, 0.4127005598424364, 0.44404208977076226, 0.4339511274462427, 0.4598719533753898, 0.43558553578871395], "diversity": [6.2457067762849015, 6.190386252416095, 6.171845113709425, 6.232237283927867, 6.284246697547021, 6.23387338891347, 6.2505893753926, 6.1725808040985, 6.212998172051848, 6.2066571499110275, 6.2021523388215, 6.273704497869611, 6.167585663035458], "discriminative_pow": [[0.8608465937346598, 0.0], [0.8665162461274963, 0.0], [0.8670333635666931, 0.0], [0.8628172858560091, 0.0], [0.8607939627999391, 0.0], [0.86378582025965, 0.0], [0.8595480652641599, 0.0], [0.8614032327935723, 0.0], [0.8571648008435705, 0.0], [0.8590155848317905, 0.0], [0.8640217468711714, 0.0], [0.85685451921107, 0.0], [0.8616505120220753, 0.0]]}