{"gamma": 0.01, "targeting_criterion": "partisanship", "beta": 0.05, "verbose": false, "human_network": "follower_network.gml", "output_cascades": false, "epsilon": 0.0001, "rho": 0.8, "mu": 0.5, "phi": 0, "sigma": 15, "theta": 1, "graph_gml": "/N/project/simsom/simsom_v3/v3.3_10222023/data/vary_network/network_22.gml", "mode": "igraph", "n_threads": 7, "appeal_exp": 5, "quality": [0.7911827790320577, 0.8073275193340496, 0.8142565070200114, 0.779538573538809, 0.732878093305257, 0.771929068495457, 0.8105290934827379, 0.7972147811389221, 0.7903703590140214, 0.8006307823404315], "diversity": [6.9001311393752145, 6.84803309582808, 6.834594933163982, 6.951814646295107, 6.9119598591088725, 6.827304207719715, 6.933071254317758, 6.84169731829804, 6.896733612113935, 6.87822952835977], "discriminative_pow": [[0.8114550742101374, 0.0], [0.813411222772126, 0.0], [0.8167308299357922, 0.0], [0.8175350488304506, 0.0], [0.8264719694163561, 0.0], [0.8254215225906847, 0.0], [0.817826963428099, 0.0], [0.8144883374762341, 0.0], [0.8181592246987219, 0.0], [0.8236368847381971, 0.0]]}