{"gamma": 0.1, "targeting_criterion": "conservative", "beta": 0.05, "verbose": false, "human_network": "follower_network.gml", "trackmeme": true, "epsilon": 0.0001, "rho": 0.8, "mu": 0.5, "phi": 0.0, "alpha": 15, "theta": 1, "graph_gml": "/N/slate/baotruon/marketplace/data/igraph/shuffle_infosysnet/all_shuffle__conservative3.gml", "mode": "igraph", "quality": [0.2595739981522611, 0.25801231481004694, 0.2697309956623778, 0.2741616027648394, 0.2719486505100861, 0.28005533877156313, 0.26608845897474254], "diversity": [5.751133958073826, 5.774700308279349, 6.084883676930255, 5.977568610300127, 5.98015688292088, 6.141378849651257, 6.086734551384566], "discriminative_pow": [[0.718646505887371, 0.0], [0.72035348921626, 0.0], [0.7119488615134196, 0.0], [0.7151353268331428, 0.0], [0.7193466619511181, 0.0], [0.7221316072988332, 0.0], [0.7183634875168151, 0.0]]}