{"gamma": 0.1, "targeting_criterion": "hubs", "beta": 0.05, "verbose": false, "human_network": "follower_network.gml", "trackmeme": true, "epsilon": 0.0001, "rho": 0.8, "mu": 0.5, "phi": 0.0, "alpha": 15, "theta": 1, "graph_gml": "/N/slate/baotruon/marketplace/data/igraph/shuffle_infosysnet/all_shuffle__hubs3.gml", "mode": "igraph", "quality": [0.23256416433408933, 0.24417003988041852, 0.23614174020208875, 0.24957570699435055, 0.22733929070605982, 0.2590431436548361, 0.24047840072745297], "diversity": [5.79543339263727, 5.852252258122075, 5.9049608710750645, 5.890760649426727, 5.911908796491202, 5.930608426367896, 5.883723739170264], "discriminative_pow": [[0.7167554119913887, 0.0], [0.7155392028788505, 0.0], [0.7144956222966454, 0.0], [0.7222248725492766, 0.0], [0.723540687492211, 0.0], [0.7090555803999374, 0.0], [0.7147199612921342, 0.0]]}