{"gamma": 0.0001, "targeting_criterion": "hubs", "beta": 0.05, "verbose": false, "human_network": "follower_network.gml", "trackmeme": true, "epsilon": 0.0001, "rho": 0.8, "mu": 0.5, "phi": 0.0, "alpha": 15, "theta": 1, "graph_gml": "/N/slate/baotruon/marketplace/data/igraph/shuffle_infosysnet/all_shuffle__hubs0.gml", "mode": "igraph", "quality": [0.4844509548106771, 0.4875880715235747, 0.48202589568467685, 0.4779157653139592, 0.49292577875364574, 0.4825962685493997, 0.48919580732583806], "diversity": [6.325734187672488, 6.389721004183479, 6.428904251958323, 6.282156047979367, 6.375679285187129, 6.389600107711458, 6.345389543016093], "discriminative_pow": [[0.7774744348317494, 0.0], [0.7756286437783886, 0.0], [0.7768341685860796, 0.0], [0.7750465818010375, 0.0], [0.77615080154333, 0.0], [0.7777070883338468, 0.0], [0.7752807596837591, 0.0]]}