{"gamma": 0.01, "targeting_criterion": "hubs", "beta": 0.05, "verbose": false, "human_network": "follower_network.gml", "trackmeme": true, "epsilon": 0.0001, "rho": 0.8, "mu": 0.5, "phi": 0.0, "alpha": 15, "theta": 1, "graph_gml": "/N/slate/baotruon/marketplace/data/igraph/shuffle_infosysnet/all_shuffle__hubs2.gml", "mode": "igraph", "quality": [0.4435414234311925, 0.4224130670852516, 0.43833803830290824, 0.4364190976902889, 0.442276985613019, 0.4416821957552, 0.4321286147640828, 0.4335450566746807, 0.4399792583981138, 0.42107618788532825], "diversity": [6.417352523828555, 6.289387091842562, 6.412625832494746, 6.354251916982655, 6.311200101457238, 6.361091046621905, 6.384819398207741, 6.414680588193868, 6.4237325638962, 6.314961692620319], "discriminative_pow": [[0.758743015748387, 0.0], [0.7588624503675437, 0.0], [0.7600221354538574, 0.0], [0.7583273749685693, 0.0], [0.7567586508239385, 0.0], [0.7577304837950539, 0.0], [0.759659496517656, 0.0], [0.7592260140514188, 0.0], [0.7588728789836655, 0.0], [0.7595164190920157, 0.0]]}