{"gamma": 0.01, "targeting_criterion": null, "beta": 0.05, "verbose": false, "human_network": "follower_network.gml", "trackmeme": true, "epsilon": 0.0001, "rho": 0.8, "mu": 0.5, "phi": 0.0, "alpha": 15, "theta": 1, "graph_gml": "/N/slate/baotruon/marketplace/data/igraph/shuffle_infosysnet/all_shuffle__None2.gml", "mode": "igraph", "quality": [0.42785015955835237, 0.4319605466568227, 0.42720827108714027, 0.44176817402575874, 0.4420742729000309, 0.4432457939468354, 0.4388259210813717, 0.43540936073164427, 0.4412309646516363, 0.43354686030569506], "diversity": [6.416510142589162, 6.346174103350084, 6.290992104999155, 6.2787973931650445, 6.341446919029381, 6.338856599893486, 6.384489808544126, 6.321085956883226, 6.35600770110171, 6.38166766221012], "discriminative_pow": [[0.7581083940185047, 0.0], [0.7593683314227353, 0.0], [0.7598345719529024, 0.0], [0.7594578877356768, 0.0], [0.7598539843014745, 0.0], [0.7587885034396042, 0.0], [0.7587183340026856, 0.0], [0.7584693426922209, 0.0], [0.7600181220529314, 0.0], [0.7592030275537186, 0.0]]}