{"gamma": 0.0001, "targeting_criterion": "conservative", "beta": 0.05, "verbose": false, "human_network": "follower_network.gml", "trackmeme": true, "epsilon": 0.0001, "rho": 0.8, "mu": 0.5, "phi": 0.0, "alpha": 15, "theta": 1, "graph_gml": "/N/slate/baotruon/marketplace/data/igraph/shuffle_infosysnet/all_shuffle__conservative0.gml", "mode": "igraph", "quality": [0.4829492164676644, 0.48268614885435546, 0.48491603434168584, 0.48791718802883177, 0.48707682387150436, 0.48440293495663983, 0.4950700685600277], "diversity": [6.344992427675279, 6.322328883383596, 6.263677663040096, 6.315538432482946, 6.355039514069126, 6.450998615453537, 6.365775017141768], "discriminative_pow": [[0.7759922858738733, 0.0], [0.7761075534160983, 0.0], [0.7767478641861196, 0.0], [0.7770394649479994, 0.0], [0.775976018818063, 0.0], [0.7755962659083058, 0.0], [0.7759530352826541, 0.0]]}