{"gamma": 0.001, "targeting_criterion": "conservative", "beta": 0.05, "verbose": false, "human_network": "follower_network.gml", "trackmeme": true, "epsilon": 0.0001, "rho": 0.8, "mu": 0.5, "phi": 0.0, "alpha": 15, "theta": 1, "graph_gml": "/N/slate/baotruon/marketplace/data/igraph/shuffle_infosysnet/all_shuffle__conservative1.gml", "mode": "igraph", "quality": [0.48742310626693686, 0.4844278401709128, 0.4812727720767633, 0.47865044654402944, 0.4757317258160825, 0.48444722598157713, 0.48155242917956187], "diversity": [6.348455696288202, 6.414779321133763, 6.333710498662431, 6.324532306006266, 6.381270623771675, 6.342375825246901, 6.378822251427401], "discriminative_pow": [[0.7739137318489084, 0.0], [0.7724112489431008, 0.0], [0.7735269657318934, 0.0], [0.7743602409823815, 0.0], [0.7748924510593184, 0.0], [0.775088444334116, 0.0], [0.7746759266672092, 0.0]]}