{"gamma": 0.0001, "targeting_criterion": "liberal", "beta": 0.05, "verbose": false, "human_network": "follower_network.gml", "trackmeme": true, "epsilon": 0.0001, "rho": 0.8, "mu": 0.5, "phi": 0.0, "alpha": 15, "theta": 1, "graph_gml": "/N/slate/baotruon/marketplace/data/igraph/shuffle_infosysnet/all_shuffle__liberal0.gml", "mode": "igraph", "quality": [0.487305671176337, 0.48339578983156295, 0.4858220675742645, 0.48523881989068773, 0.48671618035139275, 0.47973867976287443, 0.48107423942988875], "diversity": [6.315162681303599, 6.399578366134728, 6.3049259263837625, 6.284337262708332, 6.363687837314582, 6.295789898570002, 6.391534944294928], "discriminative_pow": [[0.776188055751622, 0.0], [0.7761720841456329, 0.0], [0.7764378646884217, 0.0], [0.7762416003330854, 0.0], [0.7774863626889668, 0.0], [0.7763697037570202, 0.0], [0.7762053566386302, 0.0]]}