{"gamma": 0.001, "targeting_criterion": "liberal", "beta": 0.05, "verbose": false, "human_network": "follower_network.gml", "trackmeme": true, "epsilon": 0.0001, "rho": 0.8, "mu": 0.5, "phi": 0.0, "alpha": 15, "theta": 1, "graph_gml": "/N/slate/baotruon/marketplace/data/igraph/shuffle_infosysnet/all_shuffle__liberal1.gml", "mode": "igraph", "quality": [0.48475286546498947, 0.4763833035882403, 0.48537076166194437, 0.4828147392812726, 0.4773300151374144, 0.47774851977941746, 0.48719016163364504], "diversity": [6.354475374188299, 6.400757680289418, 6.357868920434489, 6.373508296579823, 6.316134926576587, 6.359749970851836, 6.310733234721717], "discriminative_pow": [[0.7747834646887574, 0.0], [0.7740833318414707, 0.0], [0.7725391015754153, 0.0], [0.7729148354245384, 0.0], [0.7737282760646007, 0.0], [0.7733704375673565, 0.0], [0.7731609833774556, 0.0]]}