{"gamma": 0.01, "targeting_criterion": "liberal", "beta": 0.05, "verbose": false, "human_network": "follower_network.gml", "trackmeme": true, "epsilon": 0.0001, "rho": 0.8, "mu": 0.5, "phi": 0.0, "alpha": 15, "theta": 1, "graph_gml": "/N/slate/baotruon/marketplace/data/igraph/shuffle_infosysnet/all_shuffle__liberal2.gml", "mode": "igraph", "quality": [0.4341992320404173, 0.4349141555496157, 0.4442384313546498, 0.4443798458592268, 0.4428807992932118, 0.4368603000262304, 0.4488910889477161, 0.432673989583375, 0.43435791785625777, 0.45014064462436054], "diversity": [6.439069864744917, 6.450583091697118, 6.342939956882496, 6.32587624854036, 6.339196783613349, 6.426097124109474, 6.435460439766605, 6.335866279240617, 6.337466575686186, 6.4014811612329], "discriminative_pow": [[0.7579903386139387, 0.0], [0.7587209596042394, 0.0], [0.7571960790185405, 0.0], [0.7595344658555107, 0.0], [0.7588351635950473, 0.0], [0.7581357125379482, 0.0], [0.7573185708219226, 0.0], [0.760322879561832, 0.0], [0.7576703665313416, 0.0], [0.7583204277721608, 0.0]]}