{"gamma": 0.001, "targeting_criterion": null, "beta": 0.05, "verbose": false, "human_network": "follower_network.gml", "trackmeme": true, "epsilon": 0.0001, "rho": 0.8, "mu": 0.5, "phi": 0.0, "alpha": 15, "theta": 1, "graph_gml": "/N/slate/baotruon/marketplace/data/igraph/shuffle_infosysnet/all_shuffle__None1.gml", "mode": "igraph", "quality": [0.48102122172472944, 0.48044595485837016, 0.479424804835205, 0.4777448857057299, 0.48032802626692417, 0.4844184757856771, 0.4711282430902965], "diversity": [6.335782996828421, 6.385149356183419, 6.423322390394523, 6.480395863732529, 6.2628200278662955, 6.374721357416572, 6.388798003273959], "discriminative_pow": [[0.7720099944504494, 0.0], [0.7751647742553178, 0.0], [0.7756965415256208, 0.0], [0.7723168015279113, 0.0], [0.7738103321720182, 0.0], [0.7732564893355801, 0.0], [0.773388861228711, 0.0]]}