{"gamma": 0.1, "targeting_criterion": "liberal", "beta": 0.05, "verbose": false, "human_network": "follower_network.gml", "trackmeme": true, "epsilon": 0.0001, "rho": 0.8, "mu": 0.5, "phi": 0.0, "alpha": 15, "theta": 1, "graph_gml": "/N/slate/baotruon/marketplace/data/igraph/shuffle_infosysnet/all_shuffle__liberal3.gml", "mode": "igraph", "quality": [0.2485918121731312, 0.2765764980753555, 0.27225550148833283, 0.2666677370856489, 0.26040171326478284, 0.2732778747552917, 0.2682361402570055], "diversity": [5.800888097043855, 5.956412461454132, 6.091069722473112, 5.984483512517743, 6.058310875137016, 5.897364639207294, 6.0789914396502915], "discriminative_pow": [[0.7173838666042744, 0.0], [0.7216336284203191, 0.0], [0.717930692113149, 0.0], [0.7222383023904347, 0.0], [0.722228856746358, 0.0], [0.718473291336079, 0.0], [0.7175528425086523, 0.0]]}