{"gamma": 0.1, "targeting_criterion": null, "beta": 0.05, "verbose": false, "human_network": "follower_network.gml", "trackmeme": true, "epsilon": 0.0001, "rho": 0.8, "mu": 0.5, "phi": 0.0, "alpha": 15, "theta": 1, "graph_gml": "/N/slate/baotruon/marketplace/data/igraph/shuffle_infosysnet/all_shuffle__None3.gml", "mode": "igraph", "quality": [0.2532785405976896, 0.2575406367431424, 0.24738587628186096, 0.2472619765074977, 0.2500877980802704, 0.2642890416199994, 0.24046276043856907], "diversity": [6.074300907728002, 6.001635153528478, 5.9891105715519375, 5.854304167250084, 5.926027747342746, 6.133909340675206, 5.926242839220156], "discriminative_pow": [[0.7079994197630642, 0.0], [0.7099120434525947, 0.0], [0.7097288389402189, 0.0], [0.7112279068741284, 0.0], [0.7149213852395069, 0.0], [0.7148052288569924, 0.0], [0.7152116738391984, 0.0]]}