{"gamma": 0.01, "targeting_criterion": "conservative", "beta": 0.05, "verbose": false, "human_network": "follower_network.gml", "trackmeme": true, "epsilon": 0.0001, "rho": 0.8, "mu": 0.5, "phi": 0.0, "alpha": 15, "theta": 1, "graph_gml": "/N/slate/baotruon/marketplace/data/igraph/shuffle_infosysnet/all_shuffle__conservative2.gml", "mode": "igraph", "quality": [0.433223665138744, 0.43052140295179264, 0.4564945275408072, 0.4445510131823398, 0.4505884703333477, 0.4355030052654647, 0.4462985185252225, 0.44085848803375227, 0.44114806052301386, 0.43400307947735217], "diversity": [6.3949502511905685, 6.408415982855014, 6.402316045598317, 6.3537298336542545, 6.435028036002331, 6.426959564866941, 6.418259535241895, 6.2914927539836345, 6.371683383689334, 6.331804435203692], "discriminative_pow": [[0.758593273820269, 0.0], [0.7594235590880041, 0.0], [0.756288062129679, 0.0], [0.7594405159921748, 0.0], [0.7580048428937062, 0.0], [0.7576020059104877, 0.0], [0.7594114065616047, 0.0], [0.7611021692475713, 0.0], [0.7581835571908749, 0.0], [0.7584904913224786, 0.0]]}