{"gamma": 0.0001, "targeting_criterion": null, "beta": 0.05, "verbose": false, "human_network": "follower_network.gml", "trackmeme": true, "epsilon": 0.0001, "rho": 0.8, "mu": 0.5, "phi": 0.0, "alpha": 15, "theta": 1, "graph_gml": "/N/slate/baotruon/marketplace/data/igraph/shuffle_infosysnet/all_shuffle__None0.gml", "mode": "igraph", "quality": [0.4914602824151083, 0.492567251791278, 0.4828681392922637, 0.4830253490277361, 0.4763092411575608, 0.48386604528134824, 0.48862278017602334], "diversity": [6.299383267591491, 6.335600044023299, 6.352479509934743, 6.382087205846354, 6.41432629362016, 6.3571443305774125, 6.385526531980092], "discriminative_pow": [[0.7745188106991755, 0.0], [0.7754081209667495, 0.0], [0.776316497188433, 0.0], [0.7766777588285368, 0.0], [0.7770763507787167, 0.0], [0.7770883873007671, 0.0], [0.778035215973356, 0.0]]}