{"gamma": 0.001, "targeting_criterion": "hubs", "beta": 0.05, "verbose": false, "human_network": "follower_network.gml", "trackmeme": true, "epsilon": 0.0001, "rho": 0.8, "mu": 0.5, "phi": 0.0, "alpha": 15, "theta": 1, "graph_gml": "/N/slate/baotruon/marketplace/data/igraph/shuffle_infosysnet/all_shuffle__hubs1.gml", "mode": "igraph", "quality": [0.4835845756241234, 0.4739134950197072, 0.4817616036919393, 0.48580634460010297, 0.4797905206909346, 0.4759184824266926, 0.47021888994888317], "diversity": [6.381411262930421, 6.405458140955551, 6.355418971758326, 6.399333447567256, 6.355887296102296, 6.229286623475369, 6.353764386502011], "discriminative_pow": [[0.7736336409696122, 0.0], [0.773820412331537, 0.0], [0.7736891714842349, 0.0], [0.7769361566746787, 0.0], [0.7726162708154534, 0.0], [0.7746281688887164, 0.0], [0.7737276525449831, 0.0]]}