{"gamma": 0.01, "targeting_criterion": null, "beta": 0.05, "verbose": false, "human_network": "follower_network.gml", "trackmeme": true, "epsilon": 0.0001, "rho": 0.8, "mu": 0.5, "phi": 0.0, "alpha": 15, "theta": 1, "graph_gml": "/N/slate/baotruon/marketplace/data/igraph/shuffle_infosysnet/community_shuffle__None2.gml", "mode": "igraph", "quality": [0.4326987770436899, 0.43114771937236, 0.42689788137612283, 0.43100641617835395, 0.39620011786155446, 0.4367511544261979, 0.43925741859425727, 0.42670821850003804, 0.4466653801853851, 0.44450963963261003], "diversity": [6.53451422018194, 6.519941053487584, 6.477818121898117, 6.415003707741423, 6.232079787723914, 6.47586766445353, 6.495126365558814, 6.523261523998442, 6.462723036037691, 6.388450489307846], "discriminative_pow": [[0.7579901440132273, 0.0], [0.7580265500724742, 0.0], [0.756994506089632, 0.0], [0.7575910425272349, 0.0], [0.758618073646511, 0.0], [0.758486044457492, 0.0], [0.7569947875499871, 0.0], [0.7561572433542729, 0.0], [0.7558863955082095, 0.0], [0.7581197569079926, 0.0]]}