{"gamma": 0.0001, "targeting_criterion": null, "beta": 0.05, "verbose": false, "human_network": "follower_network.gml", "trackmeme": true, "epsilon": 0.0001, "rho": 0.8, "mu": 0.5, "phi": 0.0, "alpha": 15, "theta": 1, "graph_gml": "/N/slate/baotruon/marketplace/data/igraph/shuffle_infosysnet/community_shuffle__None0.gml", "mode": "igraph", "quality": [0.4790955736751077, 0.48459045658405275, 0.48168311778245787, 0.48571518079137044, 0.48151177681824764, 0.4859622127208769, 0.48924839397222436], "diversity": [6.346613643159627, 6.391072820169444, 6.497974705636269, 6.35728201064107, 6.349855290364313, 6.349828996042005, 6.39565610468041], "discriminative_pow": [[0.7764572010494215, 0.0], [0.7733532270152877, 0.0], [0.7751867007741122, 0.0], [0.775178752866535, 0.0], [0.7752230525685286, 0.0], [0.7760063126101134, 0.0], [0.7775103968456537, 0.0]]}