{"gamma": 0.01, "targeting_criterion": "liberal", "beta": 0.05, "verbose": false, "human_network": "follower_network.gml", "trackmeme": true, "epsilon": 0.0001, "rho": 0.8, "mu": 0.5, "phi": 0.0, "alpha": 15, "theta": 1, "graph_gml": "/N/slate/baotruon/marketplace/data/igraph/shuffle_infosysnet/community_shuffle__liberal2.gml", "mode": "igraph", "quality": [0.4257443189649256, 0.42585099783973357, 0.4263372010037695, 0.4341738090623436, 0.4160148045433482, 0.419131314883257, 0.42160828825519, 0.4590331880468055, 0.4188220235900157, 0.4254920426159616], "diversity": [6.514603160612619, 6.334011177917748, 6.4651180149907725, 6.307140034255294, 6.519819492496477, 6.503646711999126, 6.509444388337947, 6.346407351324648, 6.4068187044180505, 6.459226314359075], "discriminative_pow": [[0.7505412764231378, 0.0], [0.7546078758439175, 0.0], [0.7526419102550591, 0.0], [0.7543906645864755, 0.0], [0.7542333883990285, 0.0], [0.7546094185156506, 0.0], [0.7534266779476592, 0.0], [0.7561934053926561, 0.0], [0.7544965267922114, 0.0], [0.7542408078333811, 0.0]]}