{"gamma": 0.1, "targeting_criterion": null, "beta": 0.05, "verbose": false, "human_network": "follower_network.gml", "trackmeme": true, "epsilon": 0.0001, "rho": 0.8, "mu": 0.5, "phi": 0.0, "alpha": 15, "theta": 1, "graph_gml": "/N/slate/baotruon/marketplace/data/igraph/shuffle_infosysnet/community_shuffle__None3.gml", "mode": "igraph", "quality": [0.23982421584419789, 0.23354106498314492, 0.2327294210495966, 0.2349371940592533, 0.23605539793184377, 0.2537410190584749, 0.2290876633278784], "diversity": [5.753421591001867, 5.946458708453927, 5.883609427528608, 5.990163449659594, 5.818563662725366, 5.994846658779869, 5.708705156531744], "discriminative_pow": [[0.7141430089811567, 0.0], [0.7144340630776888, 0.0], [0.7145639876389815, 0.0], [0.7119759852906582, 0.0], [0.7164376494678971, 0.0], [0.7062346226607338, 0.0], [0.7181526318837269, 0.0]]}