{"gamma": 0.001, "targeting_criterion": "conservative", "beta": 0.05, "verbose": false, "human_network": "follower_network.gml", "trackmeme": true, "epsilon": 0.0001, "rho": 0.8, "mu": 0.5, "phi": 0.0, "alpha": 15, "theta": 1, "graph_gml": "/N/slate/baotruon/marketplace/data/igraph/shuffle_infosysnet/community_shuffle__conservative1.gml", "mode": "igraph", "quality": [0.47781614748404244, 0.4812729659098072, 0.4857149801522982, 0.48588289704932835, 0.48357482721584494, 0.47682786900053337, 0.4823720150350955], "diversity": [6.431580272163979, 6.435921615954749, 6.304883342579618, 6.488014065365332, 6.385513626355224, 6.4579829059006695, 6.433747486614308], "discriminative_pow": [[0.7744772689429721, 0.0], [0.7748360965135453, 0.0], [0.77400809431517, 0.0], [0.7743562103901644, 0.0], [0.7738078348385423, 0.0], [0.7741506700391242, 0.0], [0.7741822126392972, 0.0]]}