{"gamma": 0.001, "targeting_criterion": "liberal", "beta": 0.05, "verbose": false, "human_network": "follower_network.gml", "trackmeme": true, "epsilon": 0.0001, "rho": 0.8, "mu": 0.5, "phi": 0.0, "alpha": 15, "theta": 1, "graph_gml": "/N/slate/baotruon/marketplace/data/igraph/shuffle_infosysnet/community_shuffle__liberal1.gml", "mode": "igraph", "quality": [0.48287534332329723, 0.4770777092374975, 0.4770053639651597, 0.4803691829203818, 0.4775478815946984, 0.4809538834248027, 0.4707223975999273], "diversity": [6.464248961262122, 6.439270601286186, 6.429594223095737, 6.480492269930925, 6.477477738708437, 6.374254728690171, 6.428229678701842], "discriminative_pow": [[0.7734260567890074, 0.0], [0.7724973455235935, 0.0], [0.7733877791483618, 0.0], [0.7725275442650138, 0.0], [0.7717785237504976, 0.0], [0.7734910562017461, 0.0], [0.7732175123720628, 0.0]]}