{"gamma": 0.1, "targeting_criterion": "liberal", "beta": 0.05, "verbose": false, "human_network": "follower_network.gml", "trackmeme": true, "epsilon": 0.0001, "rho": 0.8, "mu": 0.5, "phi": 0.0, "alpha": 15, "theta": 1, "graph_gml": "/N/slate/baotruon/marketplace/data/igraph/shuffle_infosysnet/community_shuffle__liberal3.gml", "mode": "igraph", "quality": [0.30399656003700104, 0.30518975728017894, 0.3170104595928692, 0.30504388828063367, 0.3194109046811983, 0.3016486766577634, 0.3150930982586562], "diversity": [5.737257447210807, 5.961993080851149, 5.948568649701949, 5.813156390154284, 5.95549478770115, 5.865053785483425, 5.853567294759311], "discriminative_pow": [[0.7203437688743847, 0.0], [0.7119721885993574, 0.0], [0.714653620487333, 0.0], [0.7203622425794955, 0.0], [0.7174989780691741, 0.0], [0.7177646102030117, 0.0], [0.7165173626982886, 0.0]]}