{"gamma": 0.0001, "targeting_criterion": "liberal", "beta": 0.05, "verbose": false, "human_network": "follower_network.gml", "trackmeme": true, "epsilon": 0.0001, "rho": 0.8, "mu": 0.5, "phi": 0.0, "alpha": 15, "theta": 1, "graph_gml": "/N/slate/baotruon/marketplace/data/igraph/shuffle_infosysnet/community_shuffle__liberal0.gml", "mode": "igraph", "quality": [0.4791821991730062, 0.49343763940436136, 0.4878830052358786, 0.4789056636442282, 0.4761583513258193, 0.4780318958772217, 0.4832403506073198], "diversity": [6.408956037156324, 6.451788355857087, 6.453131102800615, 6.451750437547068, 6.4290601966529595, 6.389569971162942, 6.432064811501851], "discriminative_pow": [[0.7757037440968663, 0.0], [0.7759324570205259, 0.0], [0.7757485421480199, 0.0], [0.7749689753108709, 0.0], [0.77394280867112, 0.0], [0.7738736560116211, 0.0], [0.7765274564505338, 0.0]]}