{"gamma": 0.1, "targeting_criterion": "hubs", "beta": 0.05, "verbose": false, "human_network": "follower_network.gml", "trackmeme": true, "epsilon": 0.0001, "rho": 0.8, "mu": 0.5, "phi": 0.0, "alpha": 15, "theta": 1, "graph_gml": "/N/slate/baotruon/marketplace/data/igraph/shuffle_infosysnet/community_shuffle__hubs3.gml", "mode": "igraph", "quality": [0.23659821965961006, 0.2576241964667985, 0.23614823222720943, 0.2430597673332796, 0.2480282855555898, 0.24457845042083648, 0.23654531010911473], "diversity": [5.7043303103876415, 6.123854201428819, 5.949073149953587, 5.972478514905677, 5.91817001853972, 5.9471830040766065, 5.822656509789771], "discriminative_pow": [[0.7144211992375136, 0.0], [0.7114222644087784, 0.0], [0.7147561454123569, 0.0], [0.7125190443247479, 0.0], [0.7056443013456682, 0.0], [0.7134927331235887, 0.0], [0.7119620514307426, 0.0]]}