{"gamma": 0.1, "targeting_criterion": "conservative", "beta": 0.05, "verbose": false, "human_network": "follower_network.gml", "trackmeme": true, "epsilon": 0.0001, "rho": 0.8, "mu": 0.5, "phi": 0.0, "alpha": 15, "theta": 1, "graph_gml": "/N/slate/baotruon/marketplace/data/igraph/shuffle_infosysnet/community_shuffle__conservative3.gml", "mode": "igraph", "quality": [0.32841628046166826, 0.3409287852440091, 0.32694255717390247, 0.33781447949242555, 0.3280967264854645, 0.3307525206807524, 0.33656233818891207], "diversity": [6.121670221584527, 6.282820680066164, 6.254388624428599, 6.288115431654207, 6.153228304940657, 6.212656157299452, 6.3108984704466575], "discriminative_pow": [[0.7200259124061142, 0.0], [0.7201866126263605, 0.0], [0.7205014281938977, 0.0], [0.7165567424510884, 0.0], [0.7226963708864451, 0.0], [0.7183853684032686, 0.0], [0.7233482947945495, 0.0]]}