{"gamma": 0.01, "targeting_criterion": "hubs", "beta": 0.05, "verbose": false, "human_network": "follower_network.gml", "trackmeme": true, "epsilon": 0.0001, "rho": 0.8, "mu": 0.5, "phi": 0.0, "alpha": 15, "theta": 1, "graph_gml": "/N/slate/baotruon/marketplace/data/igraph/shuffle_infosysnet/community_shuffle__hubs2.gml", "mode": "igraph", "quality": [0.443818559157094, 0.4428669273211255, 0.4438233992793239, 0.44223756848041595, 0.43320264512982926, 0.441119980806453, 0.4350176565456306, 0.4309130446643815, 0.43068067814850447, 0.4429136384036528], "diversity": [6.508574630670563, 6.476114639680283, 6.393763903444841, 6.278461941720238, 6.410639015441509, 6.441315351048306, 6.403339994833214, 6.393451472797652, 6.4216457684061234, 6.422856437441871], "discriminative_pow": [[0.7589276479291247, 0.0], [0.7584973535127422, 0.0], [0.75943407910653, 0.0], [0.7568306320098974, 0.0], [0.7612271921399001, 0.0], [0.758073225260481, 0.0], [0.7577648154189447, 0.0], [0.7587805631072592, 0.0], [0.7582475549084696, 0.0], [0.7577697429906034, 0.0]]}