{"gamma": 0.01, "targeting_criterion": "conservative", "beta": 0.05, "verbose": false, "human_network": "follower_network.gml", "trackmeme": true, "epsilon": 0.0001, "rho": 0.8, "mu": 0.5, "phi": 0.0, "alpha": 15, "theta": 1, "graph_gml": "/N/slate/baotruon/marketplace/data/igraph/shuffle_infosysnet/community_shuffle__conservative2.gml", "mode": "igraph", "quality": [0.4568206866602167, 0.44544600010130614, 0.44762967170709955, 0.44384280561656475, 0.4515730356973214, 0.44877839709141926, 0.45249967268156177, 0.46130186482321767, 0.44879181727104495, 0.4512781418216886], "diversity": [6.427478902797493, 6.5336362656568125, 6.460331185439032, 6.48071162479938, 6.410979352864347, 6.484389261671131, 6.48311612640179, 6.453946435788479, 6.462081107560893, 6.358555326336169], "discriminative_pow": [[0.7629864890542349, 0.0], [0.7623979955202136, 0.0], [0.761922860582101, 0.0], [0.7606026528268925, 0.0], [0.7630370232995058, 0.0], [0.7628139509811139, 0.0], [0.7620862462938042, 0.0], [0.7613016975029678, 0.0], [0.7620019098513199, 0.0], [0.7626995683957775, 0.0]]}