{"gamma": 0.0001, "targeting_criterion": "hubs", "beta": 0.05, "verbose": false, "human_network": "follower_network.gml", "trackmeme": true, "epsilon": 0.0001, "rho": 0.8, "mu": 0.5, "phi": 0.0, "alpha": 15, "theta": 1, "graph_gml": "/N/slate/baotruon/marketplace/data/igraph/shuffle_infosysnet/community_shuffle__hubs0.gml", "mode": "igraph", "quality": [0.48445317347477396, 0.4760779758421118, 0.49057284215304514, 0.4733594004309914, 0.4800039390417533, 0.4848251040659517, 0.49085185897097333], "diversity": [6.489858361550324, 6.473830612678227, 6.396732381524863, 6.461686254587545, 6.474647660195522, 6.386609867747521, 6.433669175036492], "discriminative_pow": [[0.7756043527412494, 0.0], [0.7754054735093172, 0.0], [0.7770028797366788, 0.0], [0.7761085993503167, 0.0], [0.77527820943713, 0.0], [0.7758491760404986, 0.0], [0.7750018500910059, 0.0]]}