{"gamma": 0.001, "targeting_criterion": null, "beta": 0.05, "verbose": false, "human_network": "follower_network.gml", "trackmeme": true, "epsilon": 0.0001, "rho": 0.8, "mu": 0.5, "phi": 0.0, "alpha": 15, "theta": 1, "graph_gml": "/N/slate/baotruon/marketplace/data/igraph/shuffle_infosysnet/community_shuffle__None1.gml", "mode": "igraph", "quality": [0.4796305003085013, 0.4765358690836282, 0.4789970439670422, 0.4795967709340566, 0.48405754535320117, 0.4742362272763789, 0.4842380295371054], "diversity": [6.412058198141086, 6.434713528467794, 6.4711776218547294, 6.367600640623385, 6.3184342938821, 6.4590328341620395, 6.437781878061445], "discriminative_pow": [[0.7724146151979218, 0.0], [0.7738480663007412, 0.0], [0.7730996873943864, 0.0], [0.7741784370699003, 0.0], [0.7729964850690347, 0.0], [0.7728470524501576, 0.0], [0.7736263459005083, 0.0]]}