{"gamma": 0.0001, "targeting_criterion": "conservative", "beta": 0.05, "verbose": false, "human_network": "follower_network.gml", "trackmeme": true, "epsilon": 0.0001, "rho": 0.8, "mu": 0.5, "phi": 0.0, "alpha": 15, "theta": 1, "graph_gml": "/N/slate/baotruon/marketplace/data/igraph/shuffle_infosysnet/community_shuffle__conservative0.gml", "mode": "igraph", "quality": [0.503105622327229, 0.4786312063220908, 0.4762283800228923, 0.4808259523466796, 0.4858387994909855, 0.48255008580415976, 0.4808710781996246], "diversity": [6.336913642513509, 6.487564354324937, 6.38969390871058, 6.423064021829634, 6.446668404154227, 6.456948735709583, 6.454244838074786], "discriminative_pow": [[0.7795242174745832, 0.0], [0.7761341194109175, 0.0], [0.7757893877251523, 0.0], [0.7755080014501635, 0.0], [0.7757640568593833, 0.0], [0.7771555150924727, 0.0], [0.77461409216436, 0.0]]}