{"gamma": 0.001, "targeting_criterion": "hubs", "beta": 0.05, "verbose": false, "human_network": "follower_network.gml", "trackmeme": true, "epsilon": 0.0001, "rho": 0.8, "mu": 0.5, "phi": 0.0, "alpha": 15, "theta": 1, "graph_gml": "/N/slate/baotruon/marketplace/data/igraph/shuffle_infosysnet/community_shuffle__hubs1.gml", "mode": "igraph", "quality": [0.49806447920417873, 0.48269479858714487, 0.47886163519260433, 0.47045947770566643, 0.4829980131686478, 0.48078511130663226, 0.4814447760450769], "diversity": [6.379426840857079, 6.413740031981337, 6.461848126968163, 6.46824619476456, 6.488976268307422, 6.502132872420751, 6.377904257120405], "discriminative_pow": [[0.7747912691500548, 0.0], [0.7744746688385716, 0.0], [0.7740882319362447, 0.0], [0.7725577173527095, 0.0], [0.774194997827746, 0.0], [0.7738409530656057, 0.0], [0.7719936120353935, 0.0]]}