{"gamma": 0.0001, "targeting_criterion": "liberal", "beta": 0.05, "verbose": false, "human_network": "follower_network.gml", "trackmeme": true, "epsilon": 0.0001, "rho": 0.8, "mu": 0.5, "phi": 0.0, "alpha": 15, "theta": 1, "graph_gml": "/N/slate/baotruon/marketplace/data/igraph/shuffle_infosysnet/hub_shuffle__liberal0.gml", "mode": "igraph", "quality": [0.49152820723741436, 0.4831329645298882, 0.48743265961197296, 0.4925314535986221, 0.48054917000202524, 0.4717035077008396, 0.47863093292917896], "diversity": [6.6148861311031615, 6.512672854497539, 6.599967296590385, 6.5275121106434835, 6.62986170098243, 6.587489897658385, 6.555294166446396], "discriminative_pow": [[0.788298226938394, 0.0], [0.788090289155107, 0.0], [0.7845253001628872, 0.0], [0.7880973740324388, 0.0], [0.7895744466641037, 0.0], [0.788059794903145, 0.0], [0.7888628930987547, 0.0]]}