{"gamma": 0.001, "targeting_criterion": "liberal", "beta": 0.05, "verbose": false, "human_network": "follower_network.gml", "trackmeme": true, "epsilon": 0.0001, "rho": 0.8, "mu": 0.5, "phi": 0.0, "alpha": 15, "theta": 1, "graph_gml": "/N/slate/baotruon/marketplace/data/igraph/shuffle_infosysnet/hub_shuffle__liberal1.gml", "mode": "igraph", "quality": [0.4783694016343268, 0.4820243138431027, 0.4824720852795833, 0.4708450814007501, 0.47094014666647954, 0.4771459441346314, 0.47821329968681375], "diversity": [6.576642673906525, 6.55909800598475, 6.649153059663931, 6.544971037023776, 6.596413259575483, 6.630036449523789, 6.49766524922979], "discriminative_pow": [[0.7840746938626707, 0.0], [0.7849065750464375, 0.0], [0.7857743374496717, 0.0], [0.7835616360696356, 0.0], [0.7834313692527178, 0.0], [0.7852075230941883, 0.0], [0.7848230501254275, 0.0]]}