{"gamma": 0.01, "targeting_criterion": null, "beta": 0.05, "verbose": false, "human_network": "follower_network.gml", "trackmeme": true, "epsilon": 0.0001, "rho": 0.8, "mu": 0.5, "phi": 0.0, "alpha": 15, "theta": 1, "graph_gml": "/N/slate/baotruon/marketplace/data/igraph/shuffle_infosysnet/hub_shuffle__None2.gml", "mode": "igraph", "quality": [0.4083925576864388, 0.4086716819143189, 0.39081618789584693, 0.39896660750784446, 0.40813170762377415, 0.42421669974044085, 0.38392170383437557, 0.40026335638831356, 0.3966843392543942, 0.4016034328854411], "diversity": [6.648179326408635, 6.3873315107353035, 6.517135563183862, 6.386408627253209, 6.403109805619076, 6.41644021426775, 6.5753114690238785, 6.5423566942313265, 6.3900608450363485, 6.495899407649555], "discriminative_pow": [[0.7582626083685862, 0.0], [0.7611742777120152, 0.0], [0.7600897690940938, 0.0], [0.7614174638703467, 0.0], [0.7630059376073571, 0.0], [0.7564648982223589, 0.0], [0.7627801026270998, 0.0], [0.7611944442849029, 0.0], [0.7604270041936203, 0.0], [0.7612386007771277, 0.0]]}