{"gamma": 0.1, "targeting_criterion": "liberal", "beta": 0.05, "verbose": false, "human_network": "follower_network.gml", "trackmeme": true, "epsilon": 0.0001, "rho": 0.8, "mu": 0.5, "phi": 0.0, "alpha": 15, "theta": 1, "graph_gml": "/N/slate/baotruon/marketplace/data/igraph/shuffle_infosysnet/hub_shuffle__liberal3.gml", "mode": "igraph", "quality": [0.2682394353982638, 0.261100103529198, 0.2508285735401143, 0.2724649312864937, 0.25941394479846347, 0.2788052605860201, 0.2711638649557501], "diversity": [5.924712448160349, 6.120541276418763, 5.760712309471689, 5.9599604268590785, 5.978744584124378, 5.96226432742655, 6.150626684077885], "discriminative_pow": [[0.7274239630181852, 0.0], [0.7218087240549357, 0.0], [0.7280466265538911, 0.0], [0.7275674342081191, 0.0], [0.7279173923955498, 0.0], [0.7294487194466096, 0.0], [0.7260219734322346, 0.0]]}