{"gamma": 0.001, "targeting_criterion": "conservative", "beta": 0.05, "verbose": false, "human_network": "follower_network.gml", "trackmeme": true, "epsilon": 0.0001, "rho": 0.8, "mu": 0.5, "phi": 0.0, "alpha": 15, "theta": 1, "graph_gml": "/N/slate/baotruon/marketplace/data/igraph/shuffle_infosysnet/hub_shuffle__conservative1.gml", "mode": "igraph", "quality": [0.48284069607249835, 0.4678090382398261, 0.4750707338944378, 0.47284135586344783, 0.4770984144440511, 0.4742131936194036, 0.4757929601196675], "diversity": [6.48954617212151, 6.525909251871111, 6.651994977092215, 6.594406699962011, 6.6431903720301975, 6.499509172377223, 6.581621328746379], "discriminative_pow": [[0.7853688073352209, 0.0], [0.7851629710231315, 0.0], [0.7840973323085557, 0.0], [0.7846369711651282, 0.0], [0.7859324795921825, 0.0], [0.7848425889924497, 0.0], [0.7841778277510099, 0.0]]}