{"gamma": 0.01, "targeting_criterion": "liberal", "beta": 0.05, "verbose": false, "human_network": "follower_network.gml", "trackmeme": true, "epsilon": 0.0001, "rho": 0.8, "mu": 0.5, "phi": 0.0, "alpha": 15, "theta": 1, "graph_gml": "/N/slate/baotruon/marketplace/data/igraph/shuffle_infosysnet/hub_shuffle__liberal2.gml", "mode": "igraph", "quality": [0.40296903251976585, 0.42016249036505504, 0.41116495137122444, 0.3945228038104399, 0.41869271306875766, 0.41651539451166947, 0.40901487290603816, 0.4169033875064852, 0.4200787711812765, 0.3872957669141951], "diversity": [6.369860770528683, 6.504022173451909, 6.538517065842033, 6.360694261659136, 6.561386545911973, 6.5022133853038895, 6.480509454890265, 6.646986195084408, 6.569719238659597, 6.591125191279538], "discriminative_pow": [[0.759166988167986, 0.0], [0.7578681439735562, 0.0], [0.7596416855595123, 0.0], [0.7614834502175766, 0.0], [0.7609620005545021, 0.0], [0.7587349500007017, 0.0], [0.7593390460106563, 0.0], [0.7602297883898759, 0.0], [0.7602733707611816, 0.0], [0.7616406459816805, 0.0]]}