{"gamma": 0.01, "targeting_criterion": "hubs", "beta": 0.05, "verbose": false, "human_network": "follower_network.gml", "trackmeme": true, "epsilon": 0.0001, "rho": 0.8, "mu": 0.5, "phi": 0.0, "alpha": 15, "theta": 1, "graph_gml": "/N/slate/baotruon/marketplace/data/igraph/shuffle_infosysnet/hub_shuffle__hubs2.gml", "mode": "igraph", "quality": [0.40562979782153646, 0.40780265926097037, 0.42944075911118196, 0.4159920066575465, 0.38758174166487613, 0.41987226118065024, 0.41369017160313665, 0.4136975112094179, 0.4267765981154997, 0.4185866037268847], "diversity": [6.639086246676992, 6.4949974301613675, 6.5875798064648805, 6.509202916671285, 6.529268995304925, 6.655191192761652, 6.648440555111764, 6.598945654732372, 6.601524158267719, 6.561493493670321], "discriminative_pow": [[0.7689667748448433, 0.0], [0.7687652820070426, 0.0], [0.7664623491843175, 0.0], [0.7684801958599592, 0.0], [0.769178553361089, 0.0], [0.7650689040846533, 0.0], [0.7685248339155921, 0.0], [0.7676464280489661, 0.0], [0.768600338283887, 0.0], [0.7674380263719542, 0.0]]}