{"gamma": 0.1, "targeting_criterion": "conservative", "beta": 0.05, "verbose": false, "human_network": "follower_network.gml", "trackmeme": true, "epsilon": 0.0001, "rho": 0.8, "mu": 0.5, "phi": 0.0, "alpha": 15, "theta": 1, "graph_gml": "/N/slate/baotruon/marketplace/data/igraph/shuffle_infosysnet/hub_shuffle__conservative3.gml", "mode": "igraph", "quality": [0.2707783328858842, 0.26571148835867625, 0.2578910577505501, 0.262914343432541, 0.2773977455830663, 0.26457921948179647, 0.2806551931614527], "diversity": [6.270285990725821, 6.033650168175073, 6.157921713349619, 6.1205989382142665, 6.256333662662208, 6.198352686058776, 6.289851830670078], "discriminative_pow": [[0.7233066698091916, 0.0], [0.7295889860979511, 0.0], [0.7311672176982317, 0.0], [0.7268767873685661, 0.0], [0.7213860534922891, 0.0], [0.7307234216839934, 0.0], [0.7235299269664478, 0.0]]}