{"gamma": 0.0001, "targeting_criterion": "hubs", "beta": 0.05, "verbose": false, "human_network": "follower_network.gml", "trackmeme": true, "epsilon": 0.0001, "rho": 0.8, "mu": 0.5, "phi": 0.0, "alpha": 15, "theta": 1, "graph_gml": "/N/slate/baotruon/marketplace/data/igraph/shuffle_infosysnet/hub_shuffle__hubs0.gml", "mode": "igraph", "quality": [0.482677424658442, 0.4850848333400547, 0.4925790445841134, 0.4811095364481308, 0.4920614360693205, 0.4847578539879028, 0.4816805639023424], "diversity": [6.477592493252776, 6.365369258573919, 6.589704847865795, 6.544249173048957, 6.597025030109666, 6.562461329349241, 6.6496637994774375], "discriminative_pow": [[0.7876630964269352, 0.0], [0.7901539387555195, 0.0], [0.7877487771597744, 0.0], [0.7867346781532832, 0.0], [0.7883762198611881, 0.0], [0.7884282291683311, 0.0], [0.7877746672895952, 0.0]]}