{"gamma": 0.01, "targeting_criterion": "conservative", "beta": 0.05, "verbose": false, "human_network": "follower_network.gml", "trackmeme": true, "epsilon": 0.0001, "rho": 0.8, "mu": 0.5, "phi": 0.0, "alpha": 15, "theta": 1, "graph_gml": "/N/slate/baotruon/marketplace/data/igraph/shuffle_infosysnet/hub_shuffle__conservative2.gml", "mode": "igraph", "quality": [0.41115704902291766, 0.40812771693613403, 0.42671759005366383, 0.4182826197749413, 0.4326826195401338, 0.4264057989154295, 0.41141255100802815, 0.4248047273179954, 0.4221349177878154, 0.4185289313890053], "diversity": [6.476980867202872, 6.741167861174733, 6.402760416156356, 6.386077481407892, 6.62470265118828, 6.56426769466203, 6.556621574876873, 6.531175129962766, 6.566375929282042, 6.5891655147092], "discriminative_pow": [[0.7681349422811962, 0.0], [0.7646733450505974, 0.0], [0.7647375962193348, 0.0], [0.7689877632959677, 0.0], [0.7689399839741361, 0.0], [0.7651480969390595, 0.0], [0.7669467915247197, 0.0], [0.762712377132959, 0.0], [0.7664213006611109, 0.0], [0.7640118277685916, 0.0]]}