{"gamma": 0.0001, "targeting_criterion": null, "beta": 0.05, "verbose": false, "human_network": "follower_network.gml", "trackmeme": true, "epsilon": 0.0001, "rho": 0.8, "mu": 0.5, "phi": 0.0, "alpha": 15, "theta": 1, "graph_gml": "/N/slate/baotruon/marketplace/data/igraph/shuffle_infosysnet/hub_shuffle__None0.gml", "mode": "igraph", "quality": [0.48063236490258815, 0.48638104657019454, 0.48217770747905603, 0.4851275619120073, 0.48095685852802966, 0.48789781107575764, 0.47780761456164966], "diversity": [6.483421975964599, 6.649418704246525, 6.489165432463012, 6.486039509665364, 6.610343647646561, 6.592076716967361, 6.504441656096908], "discriminative_pow": [[0.7896975830738876, 0.0], [0.7875938994823001, 0.0], [0.7889549326729326, 0.0], [0.7870506788584488, 0.0], [0.7869134779732272, 0.0], [0.7892791690484484, 0.0], [0.7876364315485431, 0.0]]}