{"gamma": 0.1, "targeting_criterion": "hubs", "beta": 0.05, "verbose": false, "human_network": "follower_network.gml", "trackmeme": true, "epsilon": 0.0001, "rho": 0.8, "mu": 0.5, "phi": 0.0, "alpha": 15, "theta": 1, "graph_gml": "/N/slate/baotruon/marketplace/data/igraph/shuffle_infosysnet/hub_shuffle__hubs3.gml", "mode": "igraph", "quality": [0.2373687289636412, 0.23419337024251985, 0.22178225439891497, 0.22987554354609846, 0.22222000463541305], "diversity": [6.1733940282340205, 6.355003722320088, 6.045423484530217, 6.139606843917454, 6.105737829808939], "discriminative_pow": [[0.7205030697593989, 0.0], [0.7246089713867366, 0.0], [0.7266057158511084, 0.0], [0.722366923787011, 0.0], [0.7243156010016383, 0.0]]}