{"gamma": 0.001, "targeting_criterion": "hubs", "beta": 0.05, "verbose": false, "human_network": "follower_network.gml", "trackmeme": true, "epsilon": 0.0001, "rho": 0.8, "mu": 0.5, "phi": 0.0, "alpha": 15, "theta": 1, "graph_gml": "/N/slate/baotruon/marketplace/data/igraph/shuffle_infosysnet/hub_shuffle__hubs1.gml", "mode": "igraph", "quality": [0.4752330974043314, 0.4703181922354313, 0.47393630468373205, 0.4795935686774596, 0.4624662473418943, 0.4753987383177596, 0.4781358600561795], "diversity": [6.526969513229512, 6.612192042353605, 6.623905842699178, 6.498295710642813, 6.544762723303385, 6.572884075430025, 6.325828218479913], "discriminative_pow": [[0.7840385746854157, 0.0], [0.7845981811066913, 0.0], [0.7855636647622468, 0.0], [0.7848882169849599, 0.0], [0.7828490836347574, 0.0], [0.7845310172079087, 0.0], [0.7842487083209481, 0.0]]}