{"gamma": 0.1, "targeting_criterion": null, "beta": 0.05, "verbose": false, "human_network": "follower_network.gml", "trackmeme": true, "epsilon": 0.0001, "rho": 0.8, "mu": 0.5, "phi": 0.0, "alpha": 15, "theta": 1, "graph_gml": "/N/slate/baotruon/marketplace/data/igraph/shuffle_infosysnet/hub_shuffle__None3.gml", "mode": "igraph", "quality": [0.21714226749429377, 0.20931915246192162, 0.21602361714249235, 0.20539380738764648, 0.20392581183983918], "diversity": [5.766453391397517, 5.667233906819644, 5.813176318083481, 5.817803446344527, 5.768953600074986], "discriminative_pow": [[0.7267395900062779, 0.0], [0.7194882902757154, 0.0], [0.715630401094049, 0.0], [0.728156570010838, 0.0], [0.7213572232546411, 0.0]]}