{"gamma": 0.001, "targeting_criterion": null, "beta": 0.05, "verbose": false, "human_network": "follower_network.gml", "trackmeme": true, "epsilon": 0.0001, "rho": 0.8, "mu": 0.5, "phi": 0.0, "alpha": 15, "theta": 1, "graph_gml": "/N/slate/baotruon/marketplace/data/igraph/shuffle_infosysnet/hub_shuffle__None1.gml", "mode": "igraph", "quality": [0.4625851841282896, 0.4727014682823873, 0.47293299713287673, 0.4757526203603919, 0.46735697145396365, 0.4591430608167739, 0.4648624952355406], "diversity": [6.539027427265352, 6.492167989308049, 6.539082302133547, 6.526801217966868, 6.639534416021414, 6.579340431944692, 6.616630935537904], "discriminative_pow": [[0.7848370125890329, 0.0], [0.7856827044996596, 0.0], [0.7831341542352788, 0.0], [0.7829779833785142, 0.0], [0.7833917969522866, 0.0], [0.7844343654417747, 0.0], [0.7825686612238225, 0.0]]}