{"gamma": 0.0001, "targeting_criterion": "conservative", "beta": 0.05, "verbose": false, "human_network": "follower_network.gml", "trackmeme": true, "epsilon": 0.0001, "rho": 0.8, "mu": 0.5, "phi": 0.0, "alpha": 15, "theta": 1, "graph_gml": "/N/slate/baotruon/marketplace/data/igraph/shuffle_infosysnet/hub_shuffle__conservative0.gml", "mode": "igraph", "quality": [0.47956700777181116, 0.48191970258771033, 0.48828700967679406, 0.4844525955745256, 0.4910378104299342, 0.4924764433293867, 0.4872267237984502], "diversity": [6.601589759792597, 6.67526575881633, 6.596282346111374, 6.590892997836692, 6.431062188534861, 6.4361255456627084, 6.537456125314833], "discriminative_pow": [[0.7883325698932692, 0.0], [0.7876810786392224, 0.0], [0.7882681405910544, 0.0], [0.7873463168288927, 0.0], [0.7882468980400092, 0.0], [0.7873184774368004, 0.0], [0.7874907561469086, 0.0]]}