{"beta": 0, "targeting_criterion": null, "gamma": 0, "verbose": false, "output_cascades": false, "human_network": "follower_network.gml", "epsilon": 0.0001, "rho": 0.8, "mu": 0.5, "phi": 0.0, "alpha": 15, "theta": 1, "graph_gml": "/N/slate/baotruon/simsom_data/data/igraph/network_baseline.gml", "mode": "igraph", "quality": [0.48229688649068886, 0.4775667919444381, 0.4739713210980053, 0.4771001797164031, 0.4843149861225606, 0.484161419880686, 0.48194679199413776, 0.4933814812148458, 0.47780866480338346, 0.4795889857485468], "diversity": [6.409296919205067, 6.411998977096142, 6.326941074559448, 6.340782419645047, 6.425140595155076, 6.343122298597405, 6.382058495885013, 6.277234322601367, 6.337126002975582, 6.238932181984404], "discriminative_pow": [[0.7739443898886335, 0.0], [0.772938919590898, 0.0], [0.774163568784443, 0.0], [0.7722552542486528, 0.0], [0.7732310340936176, 0.0], [0.7736661871870254, 0.0], [0.7734978690971782, 0.0], [0.7748666980355391, 0.0], [0.773941823888031, 0.0], [0.7742588027921439, 0.0]]}