{"alpha": 16, "targeting_criterion": null, "beta": 0.05, "gamma": 0.01, "verbose": false, "human_network": "follower_network.gml", "trackmeme": true, "epsilon": 0.0001, "rho": 0.8, "mu": 0.5, "phi": 0.0, "theta": 1, "graph_gml": "/N/slate/baotruon/marketplace/data/igraph/vary_network/network_540.gml", "mode": "igraph", "quality": [0.395359399043935, 0.38608584732053713, 0.40375181276996613, 0.41633389120981823, 0.3819800121711959], "diversity": [6.500440972552452, 6.460244740495872, 6.518154969596228, 6.411536781625454, 6.5331957123315405], "discriminative_pow": [[0.7636847234070764, 0.0], [0.7652077979334997, 0.0], [0.7650951935880861, 0.0], [0.7637204362331329, 0.0], [0.7656381932509413, 0.0]]}