{"alpha": 8, "targeting_criterion": null, "beta": 0.05, "gamma": 0.01, "verbose": false, "human_network": "follower_network.gml", "trackmeme": true, "epsilon": 0.0001, "rho": 0.8, "mu": 0.5, "phi": 0.0, "theta": 1, "graph_gml": "/N/slate/baotruon/marketplace/data/igraph/vary_network/network_540.gml", "mode": "igraph", "quality": [0.3976287045857578, 0.3868009036768868, 0.3808329181495281, 0.3980257355768493, 0.39917581907413163], "diversity": [6.026864411605943, 5.904521668797634, 5.987877435686286, 5.947048686030906, 5.948797886654506], "discriminative_pow": [[0.7521828296763758, 0.0], [0.7544902178780218, 0.0], [0.7550164242706685, 0.0], [0.7535285230212633, 0.0], [0.7517245447123309, 0.0]]}