{"alpha": 32, "targeting_criterion": null, "beta": 0.05, "gamma": 0.01, "verbose": false, "human_network": "follower_network.gml", "trackmeme": true, "epsilon": 0.0001, "rho": 0.8, "mu": 0.5, "phi": 0.0, "theta": 1, "graph_gml": "/N/slate/baotruon/marketplace/data/igraph/vary_network/network_540.gml", "mode": "igraph", "quality": [0.4058605619571117, 0.3934501708190369, 0.3929663857303959, 0.4122189825657495, 0.395264395776505], "diversity": [7.195636018995382, 6.968565545622164, 7.151846631805418, 7.176745312822188, 7.221069120263326], "discriminative_pow": [[0.7689066321528173, 0.0], [0.7722970800776391, 0.0], [0.7734171784344356, 0.0], [0.7737990158123699, 0.0], [0.7697184807946663, 0.0]]}