{"alpha": 2, "targeting_criterion": null, "beta": 0.05, "gamma": 0.01, "verbose": false, "human_network": "follower_network.gml", "trackmeme": true, "epsilon": 0.0001, "rho": 0.8, "mu": 0.5, "phi": 0.0, "theta": 1, "graph_gml": "/N/slate/baotruon/marketplace/data/igraph/vary_network/network_540.gml", "mode": "igraph", "quality": [0.33191286149381377, 0.34896285249244197, 0.3504783006906277, 0.36035141282573174, 0.3546004814788317], "diversity": [5.12595474090577, 4.801315010058401, 4.971161839660947, 5.05719774611212, 4.790218512422898], "discriminative_pow": [[0.656709509988938, 0.0], [0.6570014452390641, 0.0], [0.6585373092530084, 0.0], [0.6556576864894358, 0.0], [0.6592136301995997, 0.0]]}