{"alpha": 1, "targeting_criterion": null, "beta": 0.05, "gamma": 0.01, "verbose": false, "human_network": "follower_network.gml", "trackmeme": true, "epsilon": 0.0001, "rho": 0.8, "mu": 0.5, "phi": 0.0, "theta": 1, "graph_gml": "/N/slate/baotruon/marketplace/data/igraph/vary_network/network_540.gml", "mode": "igraph", "quality": [0.29819616552974615, 0.2852020383741173, 0.27313032356246447, 0.30063212549995727, 0.31243494277514683], "diversity": [4.790048785408872, 4.594888866318879, 4.497809876738545, 4.431056551516281, 4.468194522278608], "discriminative_pow": [[0.5283293181417936, 0.0], [0.5272862925698379, 0.0], [0.5272582511221312, 0.0], [0.5304208289133453, 0.0], [0.5278878996208768, 0.0]]}