{"alpha": 64, "targeting_criterion": null, "beta": 0.05, "gamma": 0.01, "verbose": false, "human_network": "follower_network.gml", "trackmeme": true, "epsilon": 0.0001, "rho": 0.8, "mu": 0.5, "phi": 0.0, "theta": 1, "graph_gml": "/N/slate/baotruon/marketplace/data/igraph/vary_network/network_540.gml", "mode": "igraph", "quality": [0.3868719123494194, 0.40394648360147367, 0.3847545209370719, 0.3943586908606227, 0.4095798127951505], "diversity": [7.700128003422128, 7.8046691001681605, 7.616136703791591, 7.780957672063474, 7.765384559668714], "discriminative_pow": [[0.7747914894504786, 0.0], [0.7721629086514306, 0.0], [0.776410011959464, 0.0], [0.7758544984398047, 0.0], [0.7734391525391034, 0.0]]}