{"alpha": 128, "targeting_criterion": null, "beta": 0.05, "gamma": 0.01, "verbose": false, "human_network": "follower_network.gml", "trackmeme": true, "epsilon": 0.0001, "rho": 0.8, "mu": 0.5, "phi": 0.0, "theta": 1, "graph_gml": "/N/slate/baotruon/marketplace/data/igraph/vary_network/network_540.gml", "mode": "igraph", "quality": [0.4175830820872831, 0.3865122455576497, 0.39858506320906595, 0.41247454826784885, 0.3989161963330959], "diversity": [8.4297232311333, 8.290901047206665, 8.369096552228738, 8.37552408616976, 8.398485287440097], "discriminative_pow": [[0.7736996516690778, 0.0], [0.7766299694145798, 0.0], [0.7779690435617991, 0.0], [0.7773404450045582, 0.0], [0.7762041613503697, 0.0]]}