{"alpha": 4, "targeting_criterion": null, "beta": 0.05, "gamma": 0.01, "verbose": false, "human_network": "follower_network.gml", "trackmeme": true, "epsilon": 0.0001, "rho": 0.8, "mu": 0.5, "phi": 0.0, "theta": 1, "graph_gml": "/N/slate/baotruon/marketplace/data/igraph/vary_network/network_540.gml", "mode": "igraph", "quality": [0.37932406496731896, 0.3758475063894975, 0.37563590044929196, 0.38829813851352457, 0.3688587612117444], "diversity": [5.425205109676848, 5.169053429076959, 5.354197367099563, 5.235916198595794, 5.1034468562244495], "discriminative_pow": [[0.7244307065219731, 0.0], [0.7204441741408064, 0.0], [0.7262359253401243, 0.0], [0.7240781964646495, 0.0], [0.7250328054531463, 0.0]]}